time_aest,coin,buy,sell,mcap,volume24h,change24h
2026-10-11T00:00:46+10:00,BTC,120379.01096144,119192.99646340,2374315013226.398,32697060920.357464,0.17
2026-10-11T00:00:46+10:00,ETH,3679.53645359,3585.19040096,435162068943.40497,11747055553.57039,0.56
2026-10-11T00:00:46+10:00,USDT,1.45332184,1.43878844,263566677316.4198,80070866037.84401,-0.12
2026-10-11T00:00:46+10:00,BNB,1104.52932170,1076.05488210,141923512204.32922,1773100212.1681993,1.52
2026-10-11T00:00:46+10:00,XRP,2.06875656,2.01528981,126613015719.16536,2731026105.9385123,1.86
2026-10-11T00:00:46+10:00,USDC,1.45552982,1.43935076,104374610554.57994,18406797578.46502,-0.11
2026-10-11T00:00:46+10:00,SOL,161.79643113,157.61979156,92378756351.61758,3355366146.4281273,0.27
2026-10-11T00:00:46+10:00,TRX,0.48818651,0.47552749,44966782528.652626,581613314.2380277,-0.37
2026-10-11T00:00:46+10:00,HYPE,125.19676016,120.84089155,30572557063.952747,916543826.9705716,-0.74
2026-10-11T00:00:46+10:00,ZEC,1816.25695286,1768.63234447,29331636895.341766,1214674993.7977023,2.28
2026-10-11T00:00:46+10:00,DOGE,0.12637494,0.12312073,19292376483.25338,888177166.32566,1.71
2026-10-11T00:00:46+10:00,WBTC,121760.41216017,118620.46934293,13742028972.903315,182046769.59901753,0.18
2026-10-11T00:00:46+10:00,LINK,19.27865574,18.77006709,13715181155.470184,288274199.33449924,2.62
2026-10-11T00:00:46+10:00,ADA,0.37541484,0.36550348,13177603353.560087,806304182.0708294,7.91
2026-10-11T00:00:46+10:00,STR,0.29090969,0.28316478,9822187169.600128,172876281.07568747,2.78
2026-10-11T00:00:46+10:00,NEAR,7.88371146,7.67872901,9277140963.699411,1376601845.7336624,12.44
2026-10-11T00:00:46+10:00,BCC,411.77854220,400.64805045,8031117093.777832,288263659.92982846,2.40
2026-10-11T00:00:46+10:00,LTC,93.94204068,91.46193948,7061632138.766608,307116072.3231112,0.19
2026-10-11T00:00:46+10:00,CC,0.17784548,0.17157660,6948148642.17298,45078005.98934852,-2.23
2026-10-11T00:00:46+10:00,AVAX,15.44942447,15.04187417,6610322766.7835865,450362683.1063953,3.04
2026-10-11T00:00:46+10:00,UNI,11.21827849,10.92063590,6595473348.087448,698044051.0300586,4.47
2026-10-11T00:00:46+10:00,SUI,1.64313919,1.60029704,6374457339.765519,711501036.615165,5.96
2026-10-11T00:00:46+10:00,TON,2.15327943,2.07724361,6283800301.560964,89300040.91757141,-2.21
2026-10-11T00:00:46+10:00,HBAR,0.13669517,0.13303294,5794478832.2467165,128332957.15940575,1.80
2026-10-11T00:00:46+10:00,SHIB,0.00000804,0.00000781,4625657830.623994,83880450.49881823,1.90
2026-10-11T00:00:46+10:00,TAO,415.01741525,403.94733622,4596108866.908234,215344731.33617693,3.32
2026-10-11T00:00:46+10:00,CRO,0.08959901,0.08718721,4325528290.30611,9812001.16067122,-0.42
2026-10-11T00:00:46+10:00,QNT,370.07069057,360.23897211,4297325050.913042,177336087.20304838,0.18
2026-10-11T00:00:46+10:00,ENA,0.32462342,0.31587075,4178915620.4132633,472491770.7891656,2.62
2026-10-11T00:00:46+10:00,AAVE,254.61958839,247.81939562,3776340512.012768,395973634.28056735,3.21
2026-10-11T00:00:46+10:00,PUMP,0.00830035,0.00807607,3587753880.5062637,284376305.2271219,2.55
2026-10-11T00:00:46+10:00,RLUSD,1.47354002,1.43561965,3503621343.003586,207736295.5524131,-0.12
2026-10-11T00:00:46+10:00,ONDO,0.73802394,0.71187467,3391180725.357363,329401366.02708405,3.78
2026-10-11T00:00:46+10:00,DOT,1.85793537,1.80600034,3091274722.7989006,360590828.6973774,7.64
2026-10-11T00:00:46+10:00,WLD,0.80132664,0.78006591,2828923047.337097,312859790.17531633,11.25
2026-10-11T00:00:46+10:00,ASTER,1.04409490,1.01632346,2771308830.043975,115718713.44409885,2.21
2026-10-11T00:00:46+10:00,WLFI,0.08406348,0.08162146,2638397181.6759267,102515014.4757509,5.80
2026-10-11T00:00:46+10:00,MNT,0.83509923,0.80613086,2600007303.9408145,41594594.96553012,2.96
2026-10-11T00:00:46+10:00,SKY2,0.11346362,0.11022483,2573715491.1512933,23332580.93173198,0.89
2026-10-11T00:00:46+10:00,ICP,4.59036645,4.46264262,2468087289.1682158,100468539.06856123,4.82
2026-10-11T00:00:46+10:00,PEPE,0.00000594,0.00000578,2380034140.9088793,214428431.4938238,4.20
2026-10-11T00:00:46+10:00,ETC,12.24882900,11.90611821,1908213307.1072447,67686643.74852407,1.09
2026-10-11T00:00:46+10:00,MORPHO,3.53331606,3.43986403,1821515623.131023,30652112.23562331,0.51
2026-10-11T00:00:46+10:00,ARB,0.27353756,0.26623801,1784652905.9356818,182071298.46566027,4.30
2026-10-11T00:00:46+10:00,JUP,0.54943065,0.53348016,1763805902.6360676,130946349.96327879,4.17
2026-10-11T00:00:46+10:00,JST,0.20273874,0.19721122,1671107667.9977422,50940767.20225048,-3.44
2026-10-11T00:00:46+10:00,KAS,0.06144400,0.05901032,1645558886.538878,19179129.26140306,1.30
2026-10-11T00:00:46+10:00,VVV,33.53725300,32.33542492,1557462218.0661428,58634568.34858091,2.78
2026-10-11T00:00:46+10:00,ATOM,2.84431943,2.76709663,1517090699.1919475,306561967.1756293,-0.74
2026-10-11T00:00:46+10:00,MATIC,0.14882622,0.14450871,1514360677.4209554,244635446.248516,1.78
2026-10-11T00:00:46+10:00,ALGO,0.17004084,0.16525118,1485130137.221354,153518761.23378223,-1.06
2026-10-11T00:00:46+10:00,RNDR,2.81487513,2.73266930,1408047874.4076908,56883153.71527066,2.22
2026-10-11T00:00:46+10:00,FIL,1.65771412,1.61177282,1396468182.8361576,209251494.38144428,5.24
2026-10-11T00:00:46+10:00,PI,0.12089830,0.11751195,1318138846.2490594,5147176.71143624,1.16
2026-10-11T00:00:46+10:00,AERO,1.33521096,1.28600133,1160723000.3239543,70877431.17694305,12.68
2026-10-11T00:00:46+10:00,CAKE,3.27715065,3.18883142,1132072940.909481,57993110.94408534,2.55
2026-10-11T00:00:46+10:00,ZRO,2.92823569,2.84599259,1124701046.4045315,170268668.0351239,-2.33
2026-10-11T00:00:46+10:00,NIGHT,0.07071049,0.06865383,1121765715.3307288,29786181.35376209,6.39
2026-10-11T00:00:46+10:00,XDC,0.05230663,0.04997696,1081568461.3914967,30766135.9370351,0.56
2026-10-11T00:00:46+10:00,STABLE,0.04076866,0.03931158,1066008905.5777621,19287288.49672474,9.79
2026-10-11T00:00:46+10:00,APT,1.20014969,1.16565200,1036760146.8278891,192545536.2529527,2.45
2026-10-11T00:00:46+10:00,STX,0.59506932,0.57751845,1015798354.4743809,42024288.31321895,3.81
2026-10-11T00:00:46+10:00,INJ,10.75894740,10.45873589,1000240929.5304253,122638939.30432291,5.47
2026-10-11T00:00:46+10:00,VET,0.01191022,0.01116163,968447640.3749568,22551560.76013353,4.11
2026-10-11T00:00:46+10:00,DASH,75.59824148,73.57407271,942958926.2717357,87262566.19520102,0.96
2026-10-11T00:00:46+10:00,ETHFI,0.99418681,0.96554315,931090621.7706722,71544434.69690853,-1.48
2026-10-11T00:00:46+10:00,PYTH,0.11564250,0.11227612,896957301.2656814,75929976.65648398,-8.57
2026-10-11T00:00:46+10:00,RAY,3.49665791,3.39654297,880586655.6843537,102030106.91213115,-0.73
2026-10-11T00:00:46+10:00,FLR,0.01044060,0.01002116,879255299.991359,6003082.97745706,1.76
2026-10-11T00:00:46+10:00,LIGHTER,5.55054422,5.33698428,872286676.6576633,52934400.0109316,5.54
2026-10-11T00:00:46+10:00,CRV,0.52911408,0.51440168,806829104.7241204,111259635.2049794,2.47
2026-10-11T00:00:46+10:00,STRK,0.11159390,0.10846043,786218413.0826948,581257529.0361725,6.87
2026-10-11T00:00:46+10:00,NEXO,1.23518841,1.19348076,783074266.031674,9365491.153417,-0.72
2026-10-11T00:00:46+10:00,TRUMP,2.78690305,2.71115222,769727855.8020507,399693341.3640771,2.97
2026-10-11T00:00:46+10:00,PENGU,0.01222969,0.01190611,746561275.3833447,219368543.9888673,4.21
2026-10-11T00:00:46+10:00,FET,0.33286782,0.32361690,730232285.4448308,232910060.83718428,4.64
2026-10-11T00:00:46+10:00,SEI,0.10028729,0.09750106,718912255.3686956,70167920.96824577,3.76
2026-10-11T00:00:46+10:00,VIRTUAL,1.08893148,1.04821349,692889117.2606746,123870830.93125714,3.56
2026-10-11T00:00:46+10:00,TIA,0.71608539,0.69571895,627787204.692103,104341219.99878521,1.59
2026-10-11T00:00:46+10:00,IMX,0.29603890,0.28503046,589331690.7322637,32471699.71903107,7.16
2026-10-11T00:00:46+10:00,XPL,0.12797966,0.12455521,562457986.2435298,84504384.70057335,3.41
2026-10-11T00:00:46+10:00,BCHSV,28.46949358,27.34345490,549573334.1743677,13086697.72896005,1.75
2026-10-11T00:00:46+10:00,PENDLE,3.15348459,3.06546682,528029035.10561407,43449363.32727903,2.65
2026-10-11T00:00:46+10:00,FF,0.16026533,0.15601318,518749573.6422616,8658318.58266651,1.12
2026-10-11T00:00:46+10:00,BTT,0.00000054,0.00000051,514772949.7761012,21284595.10678151,0.00
2026-10-11T00:00:46+10:00,LDO,0.63835244,0.62141330,505236184.18772054,91143486.76686677,4.05
2026-10-11T00:00:46+10:00,SPX,0.55386968,0.52725625,496044266.3580894,7681396.76002115,0.31
2026-10-11T00:00:46+10:00,XTZ,0.43459788,0.42159134,466266101.9093426,11772735.20689796,1.15
2026-10-11T00:00:46+10:00,OP,0.20051569,0.19480130,464677481.4024297,201029289.12408835,11.84
2026-10-11T00:00:46+10:00,SUN,0.02483627,0.02418519,462247293.53655946,24899289.8175017,0.54
2026-10-11T00:00:46+10:00,KITE,0.19021019,0.18461655,444667137.0597977,22192118.99939229,4.65
2026-10-11T00:00:46+10:00,DCR,25.29265412,24.48643831,442082224.42274725,705323.70565312,-1.72
2026-10-11T00:00:46+10:00,GNO,170.71805418,165.68152462,439635062.61255974,1517525.80911249,0.21
2026-10-11T00:00:46+10:00,BONK,0.00000500,0.00000486,430171814.64155734,47880139.1835352,2.46
2026-10-11T00:00:46+10:00,GRT,0.03961731,0.03848688,427137582.50690985,25833566.08354064,1.80
2026-10-11T00:00:46+10:00,MON,0.03674200,0.03541764,419066837.08155686,36895894.61516123,0.73
2026-10-11T00:00:46+10:00,LUNA,0.00007583,0.00007122,408451017.422141,13868407.99055594,1.29
2026-10-11T00:00:46+10:00,SYRUP,0.33816780,0.32892444,393461227.5326407,12012596.13973637,-0.03
2026-10-11T00:00:46+10:00,JTO,0.78719338,0.76543429,392955832.4865669,55017506.51927001,5.20
2026-10-11T00:00:46+10:00,AR,6.04344268,5.85981842,392314300.60897154,16502213.07262174,0.71
2026-10-11T00:00:46+10:00,CFX,0.08335682,0.08060298,391003787.48315895,18958329.83928396,13.25
2026-10-11T00:00:46+10:00,ENS,9.36328756,9.08020823,381596726.733467,18788599.59894776,2.95
2026-10-11T00:00:46+10:00,FLOKI,0.00004057,0.00003896,380329548.66871786,52578031.67046559,2.27
2026-10-11T00:00:46+10:00,JASMY,0.00741997,0.00721539,359429266.77150184,17665219.74700106,6.88
2026-10-11T00:00:46+10:00,MIOTA,0.07567186,0.07330152,352591177.98903656,11083846.85276819,2.26
2026-10-11T00:00:46+10:00,COMP,36.61398765,35.53187328,348693287.1505244,26447402.39938581,4.50
2026-10-11T00:00:46+10:00,THETA,0.33463448,0.32361690,335192902.74844396,9199166.19157668,4.52
2026-10-11T00:00:46+10:00,PONS,0.55312921,0.53283947,334747099.3713598,73168398.30864078,9.24
2026-10-11T00:00:46+10:00,KLAY,0.08318015,0.08076077,325780502.6500233,613507.87116988,3.72
2026-10-11T00:00:46+10:00,RUNE,1.02318945,0.99408914,325420841.86944973,15294623.26585283,2.98
2026-10-11T00:00:46+10:00,ZBCN,0.00337328,0.00324342,323756405.9789677,14604157.44973584,-0.02
2026-10-11T00:00:46+10:00,TWT,0.76820180,0.74635582,321350357.67869544,5986444.35188395,2.67
2026-10-11T00:00:46+10:00,AKT,1.07012360,1.03132067,316262514.55282503,11260681.95850002,1.05
2026-10-11T00:00:46+10:00,WIF,0.31991233,0.31113699,314062215.3066758,89060086.17384672,3.45
2026-10-11T00:00:46+10:00,EIGEN,0.33640114,0.32691618,312279539.45017284,45525987.63371961,3.60
2026-10-11T00:00:46+10:00,AXS,1.84762986,1.79022114,306993397.25444263,35285811.91412403,8.32
2026-10-11T00:00:46+10:00,CVX,3.09312377,2.99517769,300344240.0876346,12288826.23021155,3.88
2026-10-11T00:00:46+10:00,TRAC,0.60881236,0.58380423,289742036.7233694,10427183.47260741,1.86
2026-10-11T00:00:46+10:00,BAT,0.19374350,0.18805928,288385267.8550022,127195346.92281333,17.57
2026-10-11T00:00:46+10:00,SAND,0.09994868,0.09724286,287887842.07943785,151056587.3487449,0.07
2026-10-11T00:00:46+10:00,KMNO,0.05220475,0.05078031,284645584.63623476,10575902.67506432,2.57
2026-10-11T00:00:46+10:00,MANA,0.14089098,0.13641829,271575362.7704248,24024262.14231967,4.57
2026-10-11T00:00:46+10:00,USELESS,0.26834542,0.25857459,258221617.5578155,24179384.49483596,-4.94
2026-10-11T00:00:46+10:00,TEL,0.00271604,0.00258545,255661588.8591389,1486890.78632113,-2.05
2026-10-11T00:00:46+10:00,EOS,0.15281592,0.14703338,247827826.1946883,14101073.18503828,-3.03
2026-10-11T00:00:46+10:00,ANS,3.70703744,3.59909043,247313766.17580947,5325863.88808535,6.35
2026-10-11T00:00:46+10:00,XCN,0.00630449,0.00603402,244767141.21290332,10108399.8953904,1.19
2026-10-11T00:00:46+10:00,CHZ,0.02284878,0.02220562,237756583.1490408,22212712.52189386,3.20
2026-10-11T00:00:46+10:00,FARTCOIN,0.24154050,0.23249094,231809499.93212068,17629334.02019993,0.62
2026-10-11T00:00:46+10:00,GRASS,0.94987169,0.91507520,227216776.44007847,37996791.95249754,1.14
2026-10-11T00:00:46+10:00,DEXE,2.74273659,2.66811805,224084908.6023819,18126770.1069488,3.55
2026-10-11T00:00:46+10:00,APE,0.22259892,0.21545770,220610956.26464123,26399748.63061581,7.25
2026-10-11T00:00:46+10:00,ZK,0.02071407,0.02011129,219191714.93165693,124032763.07304464,6.53
2026-10-11T00:00:46+10:00,SENT,0.02920875,0.02837385,212627606.48315784,41403258.11319656,-8.85
2026-10-11T00:00:46+10:00,AIOZ,0.17679402,0.16920015,208597758.1209622,8748578.55515543,7.18
2026-10-11T00:00:46+10:00,SUPER,0.33389837,0.32361690,203799828.9255035,12575070.62097924,1.62
2026-10-11T00:00:46+10:00,SFP,0.41913962,0.40523836,203455996.69193333,1257195.79882965,2.58
2026-10-11T00:00:46+10:00,1INCH,0.14412986,0.14014792,198931017.0803212,8295972.68847508,1.96
2026-10-11T00:00:46+10:00,EDGE,0.53313659,0.51122239,193510653.56629652,6760537.48752822,-0.04
2026-10-11T00:00:46+10:00,GNT,0.19727682,0.19150202,192588689.4739498,4239721.39268994,4.40
2026-10-11T00:00:46+10:00,BEAM,0.00390433,0.00380135,191743772.01094243,18726544.84559374,0.56
2026-10-11T00:00:46+10:00,ATH,0.00986007,0.00929820,188176050.28975853,13781809.58173761,2.97
2026-10-11T00:00:46+10:00,STPT,0.09663620,0.09382881,182295157.83454728,3369270.75095327,5.62
2026-10-11T00:00:46+10:00,FTM,0.06384997,0.06168229,181539168.45517528,55872136.44298008,-2.16
2026-10-11T00:00:46+10:00,EGLD,5.86972131,5.69055072,177961589.70227155,10132386.98101783,-0.12
2026-10-11T00:00:46+10:00,GALA,0.00355688,0.00345421,177237306.04545373,54183375.74529617,8.63
2026-10-11T00:00:46+10:00,PLUME,0.02763348,0.02682462,171559776.34033456,24632717.94779428,5.28
2026-10-11T00:00:46+10:00,DYDX,0.20400484,0.19830141,170961394.63644657,6237881.29251283,3.25
2026-10-11T00:00:46+10:00,IP,0.29100372,0.28001988,170691518.4967213,100200917.89422566,1.64
2026-10-11T00:00:46+10:00,ZEN,9.54289779,9.27386196,168923636.81101012,24954232.21744275,2.42
2026-10-11T00:00:46+10:00,CASHCAT,0.16882659,0.16248597,165552488.27791113,20441245.30222941,2.66
2026-10-11T00:00:46+10:00,GENIUS,0.50276144,0.48786395,164586484.21098474,18644846.27598543,3.77
2026-10-11T00:00:46+10:00,W,0.02582266,0.02506022,159290715.06856564,153791937.57349733,-0.23
2026-10-11T00:00:46+10:00,PEAQ,0.06345807,0.06122929,158805559.43910572,15438340.92653321,8.45
2026-10-11T00:00:46+10:00,ZRX,0.18756020,0.18232140,157962910.2740116,9308862.61354095,9.63
2026-10-11T00:00:46+10:00,MINA,0.12734660,0.12336459,156796332.67829922,71767199.56704591,8.69
2026-10-11T00:00:46+10:00,CHIP,0.07701157,0.07482206,149401338.92710838,26319948.43144359,8.88
2026-10-11T00:00:46+10:00,BNX,0.41030633,0.39849634,148316975.70131558,13287971.16126727,4.85
2026-10-11T00:00:46+10:00,PROM,7.73648996,7.53097839,147265102.45533204,16484621.50307517,-0.35
2026-10-11T00:00:46+10:00,NMR,20.15462368,19.60923326,145591023.76833177,60676322.48243102,-0.70
2026-10-11T00:00:46+10:00,QTUM,1.43982630,1.39717580,144453522.62888804,6805087.0290476,5.49
2026-10-11T00:00:46+10:00,RSR,0.00235260,0.00228367,143078983.69698036,5927507.38004451,4.52
2026-10-11T00:00:46+10:00,DOG,0.00144278,0.00137307,138450339.20599806,1130273.89333264,0.77
2026-10-11T00:00:46+10:00,KSM,7.39051943,7.17236037,138324373.46142372,5945951.43538647,2.12
2026-10-11T00:00:46+10:00,FUN,0.01291486,0.01250371,135166522.22505653,1453330.142639,-0.08
2026-10-11T00:00:46+10:00,HNT,0.74046748,0.71007087,133848996.5821616,5069935.38608422,-1.89
2026-10-11T00:00:46+10:00,WEMIX,0.27974862,0.26369970,133019523.80067857,819924.26538029,-0.59
2026-10-11T00:00:46+10:00,MELANIA,0.13556479,0.13077615,132585472.01048835,11874390.2945848,2.51
2026-10-11T00:00:46+10:00,ORDI,6.40119093,6.22130538,132358880.83227631,22858980.92398662,5.25
2026-10-11T00:00:46+10:00,RLC,1.40537647,1.36690843,129591178.11617383,343203146.44839394,-9.36
2026-10-11T00:00:46+10:00,LPT,2.67795913,2.60500128,129201430.58994085,25301355.05691926,6.68
2026-10-11T00:00:46+10:00,SAFE,0.17282511,0.16635128,128634262.77570301,1845822.76250557,9.64
2026-10-11T00:00:46+10:00,VELO,0.00760757,0.00728967,128589271.65655366,6843964.81537826,2.99
2026-10-11T00:00:46+10:00,GMX,12.54327201,12.09259958,128262124.18003036,7646998.07610377,1.66
2026-10-11T00:00:46+10:00,GAS,2.04049003,1.98387487,125544459.2719632,1332451.67364785,5.20
2026-10-11T00:00:46+10:00,YFI,3542.14934756,3435.56061885,124126083.53659716,9113077.95086629,5.12
2026-10-11T00:00:46+10:00,HAV,0.35524549,0.34427329,121125331.0821612,13450484.55839868,4.56
2026-10-11T00:00:46+10:00,RIF,0.12337162,0.11992186,119827736.91498958,10191922.42463965,1.95
2026-10-11T00:00:46+10:00,FTT,0.36290101,0.35158910,119403554.53855813,3829156.29557424,-2.65
2026-10-11T00:00:46+10:00,ZETA,0.06901157,0.06642598,111157415.3689953,6749764.29817669,0.09
2026-10-11T00:00:46+10:00,BERA,0.32329842,0.31371904,109470396.87836505,21284188.75399204,4.35
2026-10-11T00:00:46+10:00,KAITO,0.46492551,0.45171525,108636825.59762582,16687215.64945004,2.94
2026-10-11T00:00:46+10:00,BOME,0.00153891,0.00149400,107641267.75124782,24780214.31414169,2.14
2026-10-11T00:00:46+10:00,HOT,0.00061980,0.00060247,105866849.2274743,2916072.48103503,4.60
2026-10-11T00:00:46+10:00,TFUEL,0.01442771,0.01394306,105142277.79284556,520079.30560672,2.70
2026-10-11T00:00:46+10:00,BIO,0.04285618,0.04122672,104025502.11874671,14348565.78162238,3.94
2026-10-11T00:00:46+10:00,KAVA,0.09993396,0.09728589,104014520.2347944,12375784.61095014,-1.11
2026-10-11T00:00:46+10:00,ZIL,0.00521900,0.00506512,103325992.35951827,5436076.14251829,4.15
2026-10-11T00:00:46+10:00,RE,0.65395792,0.63604491,101431883.50014707,8821954.89187598,1.87
2026-10-11T00:00:46+10:00,TURBO,0.00148694,0.00143447,98271633.54986806,15227069.74714998,6.39
2026-10-11T00:00:46+10:00,XPR,0.00340556,0.00325515,97550012.7280081,1980462.13505845,2.29
2026-10-11T00:00:46+10:00,SUSHI,0.34803164,0.33839196,97520169.80778211,17084249.22371799,4.25
2026-10-11T00:00:46+10:00,VTHO,0.00104823,0.00101561,96895859.15099461,3855580.27390054,7.75
2026-10-11T00:00:46+10:00,ENJ,0.04690478,0.04560186,96247517.97269458,20484400.40209503,3.39
2026-10-11T00:00:46+10:00,AXL,0.07949962,0.07703115,95824538.23473199,10238791.81413033,5.74
2026-10-11T00:00:46+10:00,CKB,0.00201694,0.00195518,94616773.847904,8553040.39714507,6.33
2026-10-11T00:00:46+10:00,DGB,0.00538831,0.00520713,93587654.73258027,4344343.93546264,-0.93
2026-10-11T00:00:46+10:00,ROSE,0.01180717,0.01146143,93202637.32578097,11205413.53158761,3.36
2026-10-11T00:00:46+10:00,SNEK,0.00130915,0.00124119,89096725.61811209,1606402.88806918,10.53
2026-10-11T00:00:46+10:00,IO,0.22524890,0.21832664,88241237.8516446,36982291.94245627,4.39
2026-10-11T00:00:46+10:00,ASTR,0.01029226,0.00996384,88151465.40936927,1102347.11790529,4.80
2026-10-11T00:00:46+10:00,ALT,0.01193967,0.01153315,87836345.66325991,16055783.65751159,9.76
2026-10-11T00:00:46+10:00,ONT,0.09142456,0.08887988,86963985.39558792,21977623.37164068,2.83
2026-10-11T00:00:46+10:00,ACH,0.00871552,0.00839166,85286531.66072042,4887652.67336726,7.86
2026-10-11T00:00:46+10:00,CELO,0.14075848,0.13697773,85020373.2149185,6532408.42893576,2.30
2026-10-11T00:00:46+10:00,T,0.00792052,0.00767442,84726273.15917666,3455982.89117718,4.95
2026-10-11T00:00:46+10:00,AMP,0.00096431,0.00092954,84049740.16886744,62372443.42306002,-6.41
2026-10-11T00:00:46+10:00,EDU,0.10438005,0.10084338,83674898.06391698,17224244.3163462,5.99
2026-10-11T00:00:46+10:00,ID,0.05535529,0.05336236,83541904.78390706,6597991.78836053,2.60
2026-10-11T00:00:46+10:00,BLUR,0.02710348,0.02612173,79016535.00517878,12822011.38723543,-2.25
2026-10-11T00:00:46+10:00,SC,0.00144131,0.00139143,77732475.80696118,4213916.28049992,1.64
2026-10-11T00:00:46+10:00,BRETT,0.00787858,0.00758458,77613152.63621621,6220075.47134616,2.46
2026-10-11T00:00:46+10:00,POLY,0.05991916,0.05809611,77481632.86218937,1048896.17482032,3.97
2026-10-11T00:00:46+10:00,TRB,28.29597276,27.47014023,77246516.7844733,19369606.06758345,2.65
2026-10-11T00:00:46+10:00,MAGIC,0.15826312,0.15291472,77206661.87897962,499759656.5836828,35.45
2026-10-11T00:00:46+10:00,FLOW,0.04737588,0.04561621,76215230.68504958,5931643.59596044,6.07
2026-10-11T00:00:46+10:00,PHA,0.08980512,0.08721590,76119487.27125184,32467524.01480729,7.08
2026-10-11T00:00:46+10:00,RONIN,0.09701898,0.09424481,76037506.47933343,3384836.12669531,8.97
2026-10-11T00:00:46+10:00,WIN,0.00008049,0.00007704,74306999.81394392,34367597.75534531,3.94
2026-10-11T00:00:46+10:00,XVS,4.61686632,4.47411840,73839386.23239139,3771863.50028306,2.60
2026-10-11T00:00:46+10:00,LSK,0.35583438,0.34585121,73208262.96984193,13407114.00094063,1.35
2026-10-11T00:00:46+10:00,PNUT,0.07302187,0.07100636,72099462.99209836,9075508.38296397,1.31
2026-10-11T00:00:46+10:00,ALLO,0.36187046,0.35201944,71877219.77481376,8877224.09878316,-1.44
2026-10-11T00:00:46+10:00,XYO,0.00543356,0.00517378,71340945.38764302,4251515.52611375,0.65
2026-10-11T00:00:46+10:00,ANKR,0.00715497,0.00694284,70191031.45939879,8939235.45890415,6.20
2026-10-11T00:00:46+10:00,DUSK,0.12189941,0.11820049,69924582.04140858,4709806.03647956,7.27
2026-10-11T00:00:46+10:00,AVNT,0.19919070,0.19336683,69756914.08725858,56110873.80183155,2.07
2026-10-11T00:00:46+10:00,MASK,0.68899664,0.66846398,68644697.74925058,5341563.39556981,4.81
2026-10-11T00:00:46+10:00,TOSHI,0.00017002,0.00016205,68544636.50707647,3589094.68057293,2.93
2026-10-11T00:00:46+10:00,G,0.00638942,0.00619691,67492149.89660962,6189684.103008,3.70
2026-10-11T00:00:46+10:00,NOT,0.00069636,0.00067276,67480844.22429234,5882107.84285426,5.94
2026-10-11T00:00:46+10:00,POPCAT,0.07109969,0.06810095,67404115.14831142,12458113.22148125,2.03
2026-10-11T00:00:46+10:00,SSV,4.25028478,4.12984510,67226919.63376349,9541243.36744168,2.43
2026-10-11T00:00:46+10:00,XVG,0.00425912,0.00411693,67192416.11564676,2205348.50357248,4.69
2026-10-11T00:00:46+10:00,BARD,0.18211300,0.17672695,65152269.83266183,4833922.94496628,1.61
2026-10-11T00:00:46+10:00,XRB,0.51085862,0.49202392,65077261.59107319,216194.45499961,1.94
2026-10-11T00:00:46+10:00,AGS,3.11090100,2.74437900,64991594.20723356,1.26930592,-0.43
2026-10-11T00:00:46+10:00,SYN,0.27813087,0.26985288,62567016.91646677,11672026.27383603,2.19
2026-10-11T00:00:46+10:00,BAND,0.34641220,0.33652714,62531153.66700189,4921980.78286554,4.22
2026-10-11T00:00:46+10:00,MERL,0.04746397,0.04541017,62044778.62436076,10528729.17750474,0.86
2026-10-11T00:00:46+10:00,REQ,0.08053017,0.07803528,62028498.71547168,883384.12050094,0.80
2026-10-11T00:00:46+10:00,ARK,0.32182621,0.31271491,61772910.27168387,8027379.68179155,0.71
2026-10-11T00:00:46+10:00,MOG,0.00000017,0.00000015,61756368.77189603,14918956.57368657,0.00
2026-10-11T00:00:46+10:00,AURORA,0.08767135,0.08400596,61634942.60200883,1075378.9208182,0.88
2026-10-11T00:00:46+10:00,RPL,2.80456963,2.71545563,61432265.66188118,12762617.08978982,7.68
2026-10-11T00:00:46+10:00,CSPR,0.00367124,0.00349309,61110203.80162746,5590274.71285742,0.04
2026-10-11T00:00:46+10:00,ONG,0.12689022,0.12324984,60980265.73528661,1979564.06645936,-0.95
2026-10-11T00:00:46+10:00,MOVE,0.01337802,0.01297480,60691007.20484746,88487213.83737826,3.04
2026-10-11T00:00:46+10:00,MEW,0.00070789,0.00068143,60495713.23223902,5457642.45174179,2.45
2026-10-11T00:00:46+10:00,MOODENG,0.06219927,0.05916780,59781478.82271929,7050961.44626419,2.57
2026-10-11T00:00:46+10:00,AUS,198.91404600,189.24057900,59276456.43079,,-0.01
2026-10-11T00:00:46+10:00,LISTA,0.11969109,0.11504466,55881049.0901886,3076989.60091873,0.75
2026-10-11T00:00:46+10:00,COTI,0.01930074,0.01873420,55799849.16857103,8577397.59424536,1.74
2026-10-11T00:00:46+10:00,UMA,0.60802481,0.58956802,55669753.36225927,21313115.86658699,3.38
2026-10-11T00:00:46+10:00,SNT,0.01169970,0.01137966,54861888.28406553,5067302.8892816,1.28
2026-10-11T00:00:46+10:00,RVN,0.00324476,0.00315870,53965782.03646395,6235722.24585612,-0.21
2026-10-11T00:00:46+10:00,WAVES,0.40029672,0.38466944,53557547.07828906,7079819.40937116,3.91
2026-10-11T00:00:46+10:00,MEME,0.00084064,0.00081621,53268028.46836899,9185462.48878537,4.46
2026-10-11T00:00:46+10:00,SAHARA,0.01297022,0.01259466,53266991.00108816,10159667.92802811,3.16
2026-10-11T00:00:46+10:00,RATS,0.00005459,0.00005228,52338108.92738187,4411678.56758326,1.98
2026-10-11T00:00:46+10:00,FLUX,0.12631605,0.12006531,51490373.30658888,10097043.48216888,6.43
2026-10-11T00:00:46+10:00,IOTX,0.00550167,0.00534484,51058696.21838278,2698892.67026761,0.39
2026-10-11T00:00:46+10:00,CATI,0.09716620,0.09111766,50885441.08567289,4707813.53766302,1.06
2026-10-11T00:00:46+10:00,POWR,0.09009956,0.08735934,50676637.23112062,1563896.49577329,-0.45
2026-10-11T00:00:46+10:00,REZ,0.00575195,0.00557865,50420874.46930279,7834979.01699011,2.99
2026-10-11T00:00:46+10:00,PRO,0.52765713,0.50635497,50226204.05608259,1062979.67945363,1.73
2026-10-11T00:00:46+10:00,ETN,0.00287153,0.00276298,49682258.59127835,287087.36341531,1.24
2026-10-11T00:00:46+10:00,STEEM,0.08986401,0.08741672,48996407.46980234,3849575.87590686,1.32
2026-10-11T00:00:46+10:00,LUNA2,0.07064060,0.06771441,48497031.63041984,8878332.81385012,4.25
2026-10-11T00:00:46+10:00,CTSI,0.04987865,0.04847081,47672286.40425108,58224161.27928928,-3.51
2026-10-11T00:00:46+10:00,BNT,0.47714489,0.46290413,47110727.52688781,3307994.08873301,2.25
2026-10-11T00:00:46+10:00,HIVE,0.08067739,0.07846562,46812949.45108354,880969.90996346,1.93
2026-10-11T00:00:46+10:00,MANTA,0.09678342,0.09387185,46719082.20962895,3996541.42753109,6.56
2026-10-11T00:00:46+10:00,ZORA,0.01094263,0.01050360,46300987.08299457,14486680.367978,5.84
2026-10-11T00:00:46+10:00,SKL,0.00743469,0.00720104,46164705.01831828,96926511.06406201,-4.66
2026-10-11T00:00:46+10:00,ORBS,0.01082120,0.01027884,45163017.63604134,5676847.99383842,2.57
2026-10-11T00:00:46+10:00,ONE,0.00306810,0.00296649,44759993.70966242,12869822.05829502,-3.19
2026-10-11T00:00:46+10:00,IOST,0.00126169,0.00122504,43928690.26106975,7230664.04460925,3.88
2026-10-11T00:00:46+10:00,UST,0.00864867,0.00750155,43502750.68660975,1468151.53642288,8.82
2026-10-11T00:00:46+10:00,ILV,5.90358225,5.70919885,43331146.84103675,3837528.33062524,5.11
2026-10-11T00:00:46+10:00,FXS,0.46301163,0.44855941,42749352.39802052,998333.97856422,5.34
2026-10-11T00:00:46+10:00,CORE,0.02935892,0.02850870,42630395.02049258,3383388.78370127,3.85
2026-10-11T00:00:46+10:00,MANTRA,0.00668386,0.00645512,42403013.76570072,5458273.8728336,4.01
2026-10-11T00:00:46+10:00,MTL,0.46595606,0.45171525,42292200.41913075,689686.06755478,2.54
2026-10-11T00:00:46+10:00,ARKM,0.19168240,0.18533379,42139441.90181402,42111066.51476658,6.24
2026-10-11T00:00:46+10:00,PUNDIX,0.16930473,0.16453394,41871428.45954299,901146.31975676,4.32
2026-10-11T00:00:46+10:00,KNC,0.20213513,0.19609233,41709840.19037133,4941634.18237377,3.81
2026-10-11T00:00:46+10:00,GMT,0.01288189,0.01246556,41632491.82105694,66812620.78560529,8.55
2026-10-11T00:00:46+10:00,PIXEL,0.00968718,0.00939579,41072057.5764307,85581230.65418686,13.68
2026-10-11T00:00:46+10:00,OSMO,0.05079142,0.04891549,39413842.00756917,4117867.56071973,0.76
2026-10-11T00:00:46+10:00,METIS,4.93192034,4.77679200,39275583.13968613,3634527.11951187,0.78
2026-10-11T00:00:46+10:00,CYBER,0.51380305,0.49776180,39086460.15467839,50906245.93589556,2.22
2026-10-11T00:00:46+10:00,YGG,0.04075092,0.03956273,39004578.36793856,18748499.97152144,8.20
2026-10-11T00:00:46+10:00,OGN,0.05120364,0.04979052,38964406.48588209,148225986.3466651,-7.76
2026-10-11T00:00:46+10:00,WAX,0.00861246,0.00833428,38864997.17879977,1394329.73969898,3.04
2026-10-11T00:00:46+10:00,API3,0.45403112,0.44009603,38666026.03049892,85584970.34215865,-3.96
2026-10-11T00:00:46+10:00,CETUS,0.03937807,0.03766525,38554133.76353165,3629300.5946373,5.51
2026-10-11T00:00:46+10:00,CVC,0.03783593,0.03680855,37739433.57750492,13681805.13628392,3.59
2026-10-11T00:00:46+10:00,AUCT,5.50902862,5.34771189,37690283.4751615,10000141.034288,2.15
2026-10-11T00:00:46+10:00,FLIP,0.44516905,0.42432460,37689737.8784274,57639.11998362,-1.27
2026-10-11T00:00:46+10:00,1000SATS,0.00001753,0.00001703,36633630.14086747,2027579.52201713,3.97
2026-10-11T00:00:46+10:00,BIGTIME,0.01275085,0.01215423,36484066.16847714,19969396.38162619,6.56
2026-10-11T00:00:46+10:00,AEVO,0.03854259,0.03728192,36051552.74051077,12157969.95661367,-0.80
2026-10-11T00:00:46+10:00,WOO,0.01940380,0.01836124,35257017.83139755,1973659.20857022,5.47
2026-10-11T00:00:46+10:00,CELR,0.00463011,0.00446551,35238758.74744517,2658831.4045258,8.23
2026-10-11T00:00:46+10:00,SLP,0.00096872,0.00093527,35042002.90896645,2842225.87759756,6.00
2026-10-11T00:00:46+10:00,DEGEN,0.00148242,0.00142157,35037589.80011645,4941635.15117596,0.28
2026-10-11T00:00:46+10:00,AUDIO,0.02439461,0.02366878,34860991.5218152,30965760.53525891,-3.39
2026-10-11T00:00:46+10:00,STRAX,0.01604715,0.01552098,34316372.96939467,849738.48412579,3.20
2026-10-11T00:00:46+10:00,XAI,0.01385355,0.01342665,33664177.80661537,35582851.5530854,8.15
2026-10-11T00:00:46+10:00,CHR,0.03421428,0.03326540,33507389.105714,12231305.884972,6.04
2026-10-11T00:00:46+10:00,IQ,0.00127200,0.00119921,33228409.59835289,806131.18626468,5.11
2026-10-11T00:00:46+10:00,DOGS,0.00006508,0.00006303,33120978.04920963,4274590.66654109,3.33
2026-10-11T00:00:46+10:00,MPLX,0.07073994,0.06891203,32991570.99764989,1654459.88376327,-2.65
2026-10-11T00:00:46+10:00,LQTY,0.34258444,0.33107615,32604499.05574388,2855307.32965451,2.65
2026-10-11T00:00:46+10:00,DIA,0.26970980,0.26121736,31988017.51748551,10630336.02994884,5.59
2026-10-11T00:00:46+10:00,MOVR,2.61170946,2.53614662,31903804.77050495,18006906.71551076,-7.57
2026-10-11T00:00:46+10:00,CTK,0.19241851,0.18676826,31602905.79373412,2449955.37802688,8.15
2026-10-11T00:00:46+10:00,XCH,2.24954456,2.18470096,31256895.06335755,1370181.83005042,3.61
2026-10-11T00:00:46+10:00,CGPT,0.03416517,0.03284077,30871998.63091546,8092627.8908685,2.05
2026-10-11T00:00:46+10:00,ACE,0.27898475,0.27068488,30851712.36011182,24325411.86531341,-0.23
2026-10-11T00:00:46+10:00,FIDA,0.03140235,0.03049687,30436998.27757676,15529664.95164795,5.89
2026-10-11T00:00:46+10:00,QI,0.00410453,0.00397922,28926548.36706213,2596434.11510705,-1.04
2026-10-11T00:00:46+10:00,BICO,0.02869348,0.02787179,28581200.02903857,14301248.12800612,1.34
2026-10-11T00:00:46+10:00,TNSR,0.05447196,0.05278857,28230580.66832048,8443796.06023503,2.94
2026-10-11T00:00:46+10:00,ATOR,0.30462833,0.29233159,28220935.62634333,499976.50658492,0.03
2026-10-11T00:00:46+10:00,QKC,0.00398529,0.00384438,27890848.67686447,625336.89784007,1.15
2026-10-11T00:00:46+10:00,DAG,0.01000964,0.00939125,27665191.4773868,929757.58231604,-0.42
2026-10-11T00:00:46+10:00,AGLD,0.29459023,0.28574683,27536573.13512879,7464230.5064692,5.19
2026-10-11T00:00:46+10:00,RAD,0.45491445,0.44038292,27481164.76363689,86346477.38085073,-8.67
2026-10-11T00:00:46+10:00,XYM,0.00440635,0.00410115,27363874.60702568,9152.33722758,0.02
2026-10-11T00:00:46+10:00,SPELL,0.00013942,0.00013527,26551934.27318674,4713626.1662757,1.04
2026-10-11T00:00:46+10:00,DODO,0.02748626,0.02669552,26474375.36692302,10132079.20075848,2.52
2026-10-11T00:00:46+10:00,TAIKO,0.12454663,0.12011077,26349351.64548765,5713911.95790632,1.45
2026-10-11T00:00:46+10:00,C98,0.02686793,0.02607870,26286301.89105049,26238422.81848581,15.95
2026-10-11T00:00:46+10:00,ALICE,0.25277932,0.24572506,26055946.49840784,14938485.85113441,3.81
2026-10-11T00:00:46+10:00,JOE,0.05800528,0.05608785,25837982.66437983,6618962.79758658,6.06
2026-10-11T00:00:46+10:00,ANIME,0.00471109,0.00454727,25466246.14137491,4836740.36791803,5.14
2026-10-11T00:00:46+10:00,ARPA,0.01810825,0.01758662,25175191.91304706,9497722.49678417,11.51
2026-10-11T00:00:46+10:00,STG,0.27442505,0.25876417,24974268.10852571,265663.10331853,0.00
2026-10-11T00:00:46+10:00,CHEEL,0.44313673,0.42632510,24511901.94194957,230623.68857062,-0.81
2026-10-11T00:00:46+10:00,AVA,0.34655942,0.33667059,24172740.754898,18055745.7049632,0.26
2026-10-11T00:00:46+10:00,GOAT,0.02452429,0.02349246,23789343.27995329,3840135.00841212,3.25
2026-10-11T00:00:46+10:00,CAT,0.00000305,0.00000291,22992100.19029803,903506.16191227,1.67
2026-10-11T00:00:46+10:00,GTC,0.28783276,0.27917695,22934755.02187184,39336280.15684579,4.96
2026-10-11T00:00:46+10:00,BANANA,5.67833335,5.50693829,22438678.06634859,6210332.13395938,1.54
2026-10-11T00:00:46+10:00,ORN,0.17210194,0.16754633,21873080.47149287,2548558.21578525,46.27
2026-10-11T00:00:46+10:00,ZENT,0.00273097,0.00265233,21301622.2243377,4329090.25487934,-0.34
2026-10-11T00:00:46+10:00,MBL,0.00111005,0.00107441,21058831.30905121,3642413.69356908,1.77
2026-10-11T00:00:46+10:00,PORTAL,0.02474794,0.02394133,21007759.33455676,15280652.11947259,4.35
2026-10-11T00:00:46+10:00,BONE,0.09067373,0.08750279,20473193.3082833,4067251.45467383,-0.15
2026-10-11T00:00:46+10:00,POND,0.00246724,0.00235783,20117489.92576146,1847318.38870872,-4.00
2026-10-11T00:00:46+10:00,MAV,0.01722492,0.01665422,19864199.24963946,2189299.17949085,6.86
2026-10-11T00:00:46+10:00,LRC,0.01480935,0.01427299,19758603.82148931,3667683.97528322,0.38
2026-10-11T00:00:46+10:00,RARE,0.02382044,0.02313803,19449812.06870146,15734010.87679597,-2.47
2026-10-11T00:00:46+10:00,OG,4.11631321,4.00504603,19421517.55620206,3103536.61112689,2.07
2026-10-11T00:00:46+10:00,RIO,0.09092941,0.08656851,19007041.14686335,349615.18521409,1.67
2026-10-11T00:00:46+10:00,GLMR,0.01572031,0.01517815,18776406.80611,9901235.52569357,-5.31
2026-10-11T00:00:46+10:00,AI,0.03150541,0.02998046,18553836.49502285,11829724.59846537,6.86
2026-10-11T00:00:46+10:00,STORJ,0.04339140,0.04165939,17726531.85362728,3118020.36127823,0.91
2026-10-11T00:00:46+10:00,DYM,0.02701515,0.02610739,17393315.34320561,5914430.68855227,5.09
2026-10-11T00:00:46+10:00,PONKE,0.03185492,0.03043569,17031646.49088951,3784880.90432712,-1.23
2026-10-11T00:00:46+10:00,BB,0.01397133,0.01352707,16686641.97685065,5390614.30464973,6.98
2026-10-11T00:00:46+10:00,DRIFT,0.02756020,0.02639860,16500278.15975234,2986403.75426478,0.58
2026-10-11T00:00:46+10:00,NAKA,0.17073700,0.15890698,16381420.43831223,685719.37989518,-6.98
2026-10-11T00:00:46+10:00,WAN,0.08450215,0.08145772,16240888.71485722,149468.65387326,0.05
2026-10-11T00:00:46+10:00,CHILLGUY,0.01618662,0.01557574,15714454.85938277,5552506.59031802,0.43
2026-10-11T00:00:46+10:00,HMSTR,0.00024190,0.00023468,15334041.69175899,4047284.0900144,3.09
2026-10-11T00:00:46+10:00,TLM,0.00215828,0.00207712,15160045.88478773,5066246.30078142,5.33
2026-10-11T00:00:46+10:00,ADX,0.10879670,0.10557714,15106553.78918259,6004460.35433289,3.52
2026-10-11T00:00:46+10:00,OXT,0.01511377,0.01459144,15040011.69056878,4412297.42105557,0.79
2026-10-11T00:00:46+10:00,TKO,0.08553570,0.08262559,14983750.07409142,876982.1441798,4.75
2026-10-11T00:00:46+10:00,LIT,0.18284911,0.17658351,14640212.72503747,8506276.33339358,1.51
2026-10-11T00:00:46+10:00,EWT,0.50759046,0.48697118,14514498.77211845,414531.74728139,-0.77
2026-10-11T00:00:46+10:00,BEL,0.18520466,0.18002624,14463317.77185198,3029313.30885405,5.84
2026-10-11T00:00:46+10:00,SAGA,0.03281568,0.03177355,14272594.38720668,20284457.61861183,1.57
2026-10-11T00:00:46+10:00,ACT,0.01486938,0.01434472,13711374.70085232,38874195.08265849,3.04
2026-10-11T00:00:46+10:00,COOKIE,0.01750464,0.01692677,13692208.56661048,1854740.45229002,3.36
2026-10-11T00:00:46+10:00,PAAL,0.01398003,0.01334246,13566227.08641072,465838.99252966,-3.30
2026-10-11T00:00:46+10:00,ATM,1.51932591,1.47607176,13556803.44134132,4585501.88193443,0.66
2026-10-11T00:00:46+10:00,GNS,0.59330266,0.56805094,13470765.12798759,665320.32674357,3.47
2026-10-11T00:00:46+10:00,COQ,0.00000020,0.00000018,12930362.42796449,4214984.00289254,0.00
2026-10-11T00:00:46+10:00,WRX,0.03366956,0.03144362,12855392.4644132,18678.28690422,-5.77
2026-10-11T00:00:46+10:00,AVAAI,0.01307666,0.01242624,12577638.60638638,222539.9757551,-1.79
2026-10-11T00:00:46+10:00,TOKEN,0.00318698,0.00304356,12063836.28077196,1727692.24760485,4.80
2026-10-11T00:00:46+10:00,PRIME,0.34302611,0.33136304,11886974.98897684,504165.10583759,1.98
2026-10-11T00:00:46+10:00,DSYNC,0.01261757,0.01205402,11828002.68672565,891309.81260606,-0.35
2026-10-11T00:00:46+10:00,BAR,0.41810907,0.40595559,11619622.77806452,3901167.96741252,0.95
2026-10-11T00:00:46+10:00,ELA,0.53906033,0.50520969,11552518.04779759,113504.69271961,0.83
2026-10-11T00:00:46+10:00,ALPINE,0.53588627,0.52071336,11466193.80430369,4899533.77731791,0.15
2026-10-11T00:00:46+10:00,PSG,0.68016335,0.65985715,11440465.21881788,2939314.14858437,1.86
2026-10-11T00:00:46+10:00,MAVIA,0.04627922,0.04450827,11290222.10389371,796254.78533022,3.25
2026-10-11T00:00:46+10:00,ASR,1.28377151,1.24799070,11285855.86532187,3930227.62213808,2.10
2026-10-11T00:00:46+10:00,BLAST,0.00009495,0.00009018,11112456.80765403,1540855.80522285,-0.46
2026-10-11T00:00:46+10:00,ORAI,0.78045273,0.73870276,10786077.33155427,321579.47431385,1.42
2026-10-11T00:00:46+10:00,VINE,0.01118106,0.01065106,10671978.44283004,5386653.30521412,-1.04
2026-10-11T00:00:46+10:00,GHX,0.01699521,0.01615983,10640537.2684913,366379.91453112,-1.05
2026-10-11T00:00:46+10:00,ZEUS,0.01057388,0.01007842,10505494.75013805,20679523.42458709,-25.27
2026-10-11T00:00:46+10:00,LYXE,0.35838626,0.33642470,10402847.68989155,244936.30113788,-1.70
2026-10-11T00:00:46+10:00,QUICK,0.01591465,0.01513368,10146155.40214718,957698.06266849,0.62
2026-10-11T00:00:46+10:00,WILD,0.02128104,0.02019979,9964171.6493365,174934.72288804,-1.49
2026-10-11T00:00:46+10:00,RBNT,0.00329923,0.00320605,9926498.72879919,225899.94962245,-5.12
2026-10-11T00:00:46+10:00,NOM,0.00332426,0.00322182,9518765.92900866,6750728.61058773,-0.70
2026-10-11T00:00:46+10:00,ALCX,3.75856496,3.64069012,9457507.42678987,232488.77189673,1.27
2026-10-11T00:00:46+10:00,BADGER,0.52366689,0.45917451,9114716.65730386,3330.52729379,7.99
2026-10-11T00:00:46+10:00,HFT,0.00995189,0.00953441,9100950.96263163,2987982.21742018,-3.16
2026-10-11T00:00:46+10:00,SUPRA,0.00021311,0.00020056,8944255.34544144,369336.18958911,1.29
2026-10-11T00:00:46+10:00,DENT,0.00009049,0.00008661,8839713.91430563,44307.75425534,-1.25
2026-10-11T00:00:46+10:00,BRISE,0.00000002,0.00000002,8668580.2568627,780095.95073058,2.23
2026-10-11T00:00:46+10:00,POLS,0.10914491,0.10221584,8337435.57254986,104531.51470782,25.93
2026-10-11T00:00:46+10:00,LAZIO,0.61685810,0.59674038,7871133.43341432,7684712.90912785,-2.45
2026-10-11T00:00:46+10:00,FARM,11.63785977,11.26060578,7828580.50488711,248731.62024921,3.38
2026-10-11T00:00:46+10:00,JUV,0.48877539,0.47481025,7794756.62874263,2837712.67972248,1.10
2026-10-11T00:00:46+10:00,LMWR,0.01506111,0.01417278,7616510.54783482,1392414.26116271,0.97
2026-10-11T00:00:46+10:00,ELIZAOS,0.00058201,0.00055402,7342414.17992039,13170077.90799288,-17.61
2026-10-11T00:00:46+10:00,NKN,0.00930587,0.00886359,7270967.36322485,87776.39921176,1.44
2026-10-11T00:00:46+10:00,CITY,0.52263634,0.50636864,7090624.91874791,2091438.21330108,1.31
2026-10-11T00:00:46+10:00,SCR,0.03773288,0.03659338,7076135.57060733,10313806.67241663,-1.50
2026-10-11T00:00:46+10:00,XEM,0.00085860,0.00081406,6961102.31589134,292318.41789873,6.12
2026-10-11T00:00:46+10:00,BLZ,0.01482416,0.01420141,6843769.58483585,122530.33823975,-0.52
2026-10-11T00:00:46+10:00,MDT,0.01038647,0.00999540,6817350.9666127,173050.10980976,-3.29
2026-10-11T00:00:46+10:00,WEN,0.00000916,0.00000892,6766474.63027963,259450.60404916,-5.37
2026-10-11T00:00:46+10:00,MLN,2.11851742,1.99377273,6584454.61069098,83596.43702881,0.75
2026-10-11T00:00:46+10:00,TRIAS,0.25631264,0.24357335,6565624.49265746,202255.65183276,-3.77
2026-10-11T00:00:46+10:00,AERGO,0.00872271,0.00814577,6524211.44810438,24681.24657202,0.73
2026-10-11T00:00:46+10:00,XRD,0.00066884,0.00063705,6110051.95155563,220370.72646789,-4.37
2026-10-11T00:00:46+10:00,SWELL,0.00117439,0.00112237,5928896.57314062,799844.31206878,0.26
2026-10-11T00:00:46+10:00,ACM,0.42105350,0.40882454,5887300.01869547,1776099.66290355,0.58
2026-10-11T00:00:46+10:00,NIM,0.00041881,0.00039841,5730013.31233795,8502.15944228,1.97
2026-10-11T00:00:46+10:00,BTS,0.00192390,0.00185290,5683832.83288409,107644.91136513,-2.14
2026-10-11T00:00:46+10:00,TX,0.00208025,0.00201544,5060748.17736051,159363.87406921,-3.86
2026-10-11T00:00:46+10:00,GFI,0.05906527,0.05489724,5001644.30842324,186780.54905776,4.33
2026-10-11T00:00:46+10:00,NEON,0.02058500,0.01932652,4946524.5062663,1951009.82358296,-6.78
2026-10-11T00:00:46+10:00,HTR,0.00995189,0.00959168,4931228.72578689,111079.21800514,2.16
2026-10-11T00:00:46+10:00,KDA,0.01457198,0.01405066,4797587.86270748,10509.48475212,3.48
2026-10-11T00:00:46+10:00,GHST,0.09327955,0.09038608,4726734.09174167,108647.65273612,-0.58
2026-10-11T00:00:46+10:00,HIGH,0.04916705,0.04609734,4610222.49244621,14870693.69274899,-1.60
2026-10-11T00:00:46+10:00,RSS3,0.00445787,0.00424317,4474255.08165727,177422.42307719,-5.66
2026-10-11T00:00:46+10:00,REN,0.00404418,0.00387307,3832077.41096169,18311.01156411,-0.81
2026-10-11T00:00:46+10:00,BCAU,0.03888501,0.03712500,3656615.80218403,3.40852074,0.00
2026-10-11T00:00:46+10:00,PRCL,0.00935951,0.00884725,3552417.83052076,200908.09322861,4.51
2026-10-11T00:00:46+10:00,ERN,0.68413833,0.66516470,3140432.43955153,1267.93520797,-0.61
2026-10-11T00:00:46+10:00,MYRO,0.00318994,0.00305788,2912992.54421904,191567.87934652,-1.49
2026-10-11T00:00:46+10:00,AZERO,0.01082564,0.01035042,2819984.0837647,110538.9563625,-4.06
2026-10-11T00:00:46+10:00,UOS,0.00528102,0.00507929,2475178.74221347,1009773.14081419,-2.35
2026-10-11T00:00:46+10:00,DAR,0.00433914,0.00405141,2129274.87104027,110696.16308536,-1.13
2026-10-11T00:00:46+10:00,SUNDOG,0.00219179,0.00209012,2094070.74218399,978525.18135233,-8.19
2026-10-11T00:00:46+10:00,PERP,0.03305270,0.03112230,1971293.91526766,26076.38190655,6.64
2026-10-11T00:00:46+10:00,SOUL,0.01626067,0.01550416,1907538.46022624,29001.03649877,2.88
2026-10-11T00:00:46+10:00,CHEQ,0.00272048,0.00252962,1713180.52111998,224441.12868769,-2.72
2026-10-11T00:00:46+10:00,YFII,44.24006147,42.56078645,1673982.51903901,49194.9385053,0.31
2026-10-11T00:00:46+10:00,HOOK,0.00460068,0.00443395,1669245.59070738,71831.13242644,-4.08
2026-10-11T00:00:46+10:00,VOXEL,0.00643505,0.00611085,1537550.85342206,55127.39157744,4.82
2026-10-11T00:00:46+10:00,PYR,0.26227359,0.22690772,1521576.25573228,1136523.39632692,94.29
2026-10-11T00:00:46+10:00,SHR,0.00035602,0.00033499,1241971.95061146,84317.03624572,1.35
2026-10-11T00:00:46+10:00,RDNT,0.00092234,0.00087531,1208189.84550899,697244.6144266,1.63
2026-10-11T00:00:46+10:00,IDEX,0.00077542,0.00073359,822348.2869685,168039.16541402,-27.69
2026-10-11T00:00:46+10:00,LTO,0.00275305,0.00262652,788664.48432514,861.60497135,3.19
2026-10-11T00:00:46+10:00,TOMO,0.00611117,0.00572928,725284.35994334,249938.70677776,5.28
2026-10-11T00:00:46+10:00,FIO,0.00071491,0.00067520,633602.17983241,9314.46306838,0.96
2026-10-11T00:00:46+10:00,XMN,0.00068597,0.00064722,626303.57814847,143890.28175183,0.63
2026-10-11T00:00:46+10:00,ACA,0.00045639,0.00043680,571072.96043172,9915.55590909,-10.38
2026-10-11T00:00:46+10:00,MTV,0.00014195,0.00013718,492328.82557005,62164.49419141,-0.32
2026-10-11T00:00:46+10:00,A2Z,0.00004959,0.00004821,409236.42743318,44822.2279793,35.41
2026-10-11T00:00:46+10:00,POLK,0.00447849,0.00403516,395005.0607826,4.24806412,-0.12
2026-10-11T00:00:46+10:00,GLQ,0.00111992,0.00102894,361147.67649248,84745.62703374,-0.13
2026-10-11T00:00:46+10:00,FIS,0.00202724,0.00191358,291363.82018346,51497.67082568,-14.52
2026-10-11T00:00:46+10:00,RFOX,0.00030549,0.00029420,256287.11562814,11.80165383,0.66
2026-10-11T00:00:46+10:00,NFP,0.00039515,0.00037368,230357.92070764,184721.85360773,0.10
2026-10-11T00:00:46+10:00,CHO,0.00040874,0.00034358,203893.39313462,57992.49897897,3.25
2026-10-11T00:00:46+10:00,LL,0.00176972,0.00170646,139421.50340173,13432.99159392,-0.54
2026-10-11T00:00:46+10:00,DEGO,0.00499818,0.00476961,105104.91059799,30789.84814595,-1.17
2026-10-11T00:00:46+10:00,NYAN,0.00078602,0.00071723,72445.03381824,1859.12280541,0.61
2026-10-11T00:15:29+10:00,BTC,120322.25875061,119136.80338766,2374315013226.398,32697060920.357464,-0.43
2026-10-11T00:15:29+10:00,ETH,3677.75507341,3583.08172701,435162068943.40497,11747055553.57039,0.21
2026-10-11T00:15:29+10:00,USDT,1.45332184,1.43870520,263566677316.4198,80070866037.84401,-0.15
2026-10-11T00:15:29+10:00,BNB,1105.63348297,1077.10204671,141923512204.32922,1773100212.1681993,1.34
2026-10-11T00:15:29+10:00,XRP,2.06581213,2.01256432,126613015719.16536,2731026105.9385123,1.23
2026-10-11T00:15:29+10:00,USDC,1.45541906,1.43923190,104374610554.57994,18406797578.46502,-0.20
2026-10-11T00:15:29+10:00,SOL,161.82587543,157.64848100,92378756351.61758,3355366146.4281273,-0.19
2026-10-11T00:15:29+10:00,TRX,0.48803929,0.47538404,44966782528.652626,581613314.2380277,-0.47
2026-10-11T00:15:29+10:00,HYPE,126.50590666,121.96050008,30572557063.952747,916543826.9705716,-0.85
2026-10-11T00:15:29+10:00,ZEC,1815.88889911,1767.98683204,29331636895.341766,1214674993.7977023,1.19
2026-10-11T00:15:29+10:00,DOGE,0.12646328,0.12320680,19292376483.25338,888177166.32566,1.30
2026-10-11T00:15:29+10:00,WBTC,121715.50960194,118566.63040428,13742028972.903315,182046769.59901753,-0.40
2026-10-11T00:15:29+10:00,LINK,19.26540581,18.75715684,13715181155.470184,288274199.33449924,2.07
2026-10-11T00:15:29+10:00,ADA,0.37556206,0.36564693,13177603353.560087,806304182.0708294,7.10
2026-10-11T00:15:29+10:00,STR,0.29090969,0.28316478,9822187169.600128,172876281.07568747,2.23
2026-10-11T00:15:29+10:00,NEAR,7.97793322,7.77053522,9277140963.699411,1376601845.7336624,12.96
2026-10-11T00:15:29+10:00,BCC,411.33687769,400.21770883,8031117093.777832,288263659.92982846,1.72
2026-10-11T00:15:29+10:00,LTC,94.04509573,91.53366308,7061632138.766608,307116072.3231112,0.05
2026-10-11T00:15:29+10:00,CC,0.17806762,0.17160961,6948148642.17298,45078005.98934852,-2.37
2026-10-11T00:15:29+10:00,AVAX,15.43470232,15.02896392,6610322766.7835865,450362683.1063953,2.38
2026-10-11T00:15:29+10:00,UNI,11.21238963,10.92063590,6595473348.087448,698044051.0300586,3.86
2026-10-11T00:15:29+10:00,SUI,1.64461141,1.60187496,6374457339.765519,711501036.615165,5.47
2026-10-11T00:15:29+10:00,TON,2.15179849,2.07569192,6283800301.560964,89300040.91757141,-2.85
2026-10-11T00:15:29+10:00,HBAR,0.13668045,0.13298990,5794478832.2467165,128332957.15940575,1.38
2026-10-11T00:15:29+10:00,SHIB,0.00000804,0.00000779,4625657830.623994,83880450.49881823,1.64
2026-10-11T00:15:29+10:00,TAO,415.90074426,404.80801947,4596108866.908234,215344731.33617693,2.78
2026-10-11T00:15:29+10:00,CRO,0.08952540,0.08711044,4325528290.30611,9812001.16067122,-0.54
2026-10-11T00:15:29+10:00,QNT,368.17153319,358.46817608,4297325050.913042,177336087.20304838,-1.07
2026-10-11T00:15:29+10:00,ENA,0.32506508,0.31630109,4178915620.4132633,472491770.7891656,1.58
2026-10-11T00:15:29+10:00,AAVE,254.66375484,247.84808506,3776340512.012768,395973634.28056735,2.52
2026-10-11T00:15:29+10:00,PUMP,0.00833716,0.00811050,3587753880.5062637,284376305.2271219,2.80
2026-10-11T00:15:29+10:00,RLUSD,1.47354002,1.43553659,3503621343.003586,207736295.5524131,-0.18
2026-10-11T00:15:29+10:00,ONDO,0.73916426,0.71297870,3391180725.357363,329401366.02708405,3.16
2026-10-11T00:15:29+10:00,DOT,1.85204651,1.80169692,3091274722.7989006,360590828.6973774,7.16
2026-10-11T00:15:29+10:00,WLD,0.80073776,0.77963557,2828923047.337097,312859790.17531633,10.74
2026-10-11T00:15:29+10:00,ASTER,1.04380046,1.01574967,2771308830.043975,115718713.44409885,1.88
2026-10-11T00:15:29+10:00,WLFI,0.08406348,0.08176490,2638397181.6759267,102515014.4757509,5.95
2026-10-11T00:15:29+10:00,MNT,0.83569160,0.80665682,2600007303.9408145,41594594.96553012,2.74
2026-10-11T00:15:29+10:00,SKY2,0.11347834,0.11021845,2573715491.1512933,23332580.93173198,0.12
2026-10-11T00:15:29+10:00,ICP,4.59772752,4.46838051,2468087289.1682158,100468539.06856123,4.61
2026-10-11T00:15:29+10:00,PEPE,0.00000594,0.00000578,2380034140.9088793,214428431.4938238,3.63
2026-10-11T00:15:29+10:00,ETC,12.24882900,11.90611821,1908213307.1072447,67686643.74852407,0.94
2026-10-11T00:15:29+10:00,MORPHO,3.53037163,3.43679624,1821515623.131023,30652112.23562331,-0.09
2026-10-11T00:15:29+10:00,ARB,0.27383200,0.26638146,1784652905.9356818,182071298.46566027,3.68
2026-10-11T00:15:29+10:00,JUP,0.54471956,0.52874640,1763805902.6360676,130946349.96327879,2.64
2026-10-11T00:15:29+10:00,JST,0.20256207,0.19715384,1671107667.9977422,50940767.20225048,-3.73
2026-10-11T00:15:29+10:00,KAS,0.06142919,0.05892102,1645558886.538878,19179129.26140306,1.12
2026-10-11T00:15:29+10:00,VVV,33.59352852,32.41085581,1557462218.0661428,58634568.34858091,2.51
2026-10-11T00:15:29+10:00,ATOM,2.84431943,2.76550215,1517090699.1919475,306561967.1756293,-1.27
2026-10-11T00:15:29+10:00,MATIC,0.14881150,0.14450871,1514360677.4209554,244635446.248516,1.37
2026-10-11T00:15:29+10:00,ALGO,0.17048250,0.16567193,1485130137.221354,153518761.23378223,-1.01
2026-10-11T00:15:29+10:00,RNDR,2.82518064,2.73984166,1408047874.4076908,56883153.71527066,2.14
2026-10-11T00:15:29+10:00,FIL,1.65756690,1.61191627,1396468182.8361576,209251494.38144428,4.81
2026-10-11T00:15:29+10:00,PI,0.12092775,0.11760556,1318138846.2490594,5147176.71143624,0.95
2026-10-11T00:15:29+10:00,AERO,1.33373003,1.28377966,1160723000.3239543,70877431.17694305,11.34
2026-10-11T00:15:29+10:00,CAKE,3.27273400,3.18452800,1132072940.909481,57993110.94408534,2.10
2026-10-11T00:15:29+10:00,ZRO,2.93265233,2.85156549,1124701046.4045315,170268668.0351239,-2.67
2026-10-11T00:15:29+10:00,NIGHT,0.07032772,0.06827692,1121765715.3307288,29786181.35376209,4.86
2026-10-11T00:15:29+10:00,XDC,0.05248434,0.05020311,1081568461.3914967,30766135.9370351,0.62
2026-10-11T00:15:29+10:00,STABLE,0.04043990,0.03904530,1066008905.5777621,19287288.49672474,8.61
2026-10-11T00:15:29+10:00,APT,1.19882470,1.16450443,1036760146.8278891,192545536.2529527,3.06
2026-10-11T00:15:29+10:00,STX,0.59389155,0.57662441,1015798354.4743809,42024288.31321895,3.62
2026-10-11T00:15:29+10:00,INJ,10.76189183,10.46590825,1000240929.5304253,122638939.30432291,5.52
2026-10-11T00:15:29+10:00,VET,0.01151419,0.01110999,968447640.3749568,22551560.76013353,-1.05
2026-10-11T00:15:29+10:00,DASH,75.73074084,73.68456726,942958926.2717357,87262566.19520102,0.49
2026-10-11T00:15:29+10:00,ETHFI,0.99462848,0.96654728,931090621.7706722,71544434.69690853,-2.11
2026-10-11T00:15:29+10:00,PYTH,0.11517139,0.11181709,896957301.2656814,75929976.65648398,-8.21
2026-10-11T00:15:29+10:00,RAY,3.48797184,3.38836648,880586655.6843537,102030106.91213115,-1.11
2026-10-11T00:15:29+10:00,FLR,0.01044060,0.01002058,879255299.991359,6003082.97745706,1.00
2026-10-11T00:15:29+10:00,LIGHTER,5.53129206,5.32092889,872286676.6576633,52934400.0109316,4.16
2026-10-11T00:15:29+10:00,CRV,0.52764187,0.51322441,806829104.7241204,111259635.2049794,1.26
2026-10-11T00:15:29+10:00,STRK,0.10962114,0.10658945,786218413.0826948,581257529.0361725,7.57
2026-10-11T00:15:29+10:00,NEXO,1.23518841,1.19491523,783074266.031674,9365491.153417,-1.00
2026-10-11T00:15:29+10:00,TRUMP,2.79279191,2.71529853,769727855.8020507,399693341.3640771,2.83
2026-10-11T00:15:29+10:00,PENGU,0.01223264,0.01190112,746561275.3833447,219368543.9888673,3.35
2026-10-11T00:15:29+10:00,FET,0.33345671,0.32447758,730232285.4448308,232910060.83718428,4.27
2026-10-11T00:15:29+10:00,SEI,0.10033146,0.09751541,718912255.3686956,70167920.96824577,3.55
2026-10-11T00:15:29+10:00,VIRTUAL,1.08819101,1.04743709,692889117.2606746,123870830.93125714,3.02
2026-10-11T00:15:29+10:00,TIA,0.71799927,0.69758376,627787204.692103,104341219.99878521,1.94
2026-10-11T00:15:29+10:00,IMX,0.29529844,0.28415506,589331690.7322637,32471699.71903107,6.62
2026-10-11T00:15:29+10:00,XPL,0.12800910,0.12457669,562457986.2435298,84504384.70057335,3.11
2026-10-11T00:15:29+10:00,BCHSV,28.51984537,27.38195530,549573334.1743677,13086697.72896005,1.78
2026-10-11T00:15:29+10:00,PENDLE,3.15054016,3.06259787,528029035.10561407,43449363.32727903,2.02
2026-10-11T00:15:29+10:00,FF,0.16044200,0.15607587,518749573.6422616,8658318.58266651,1.06
2026-10-11T00:15:29+10:00,BTT,0.00000054,0.00000051,514772949.7761012,21284595.10678151,0.00
2026-10-11T00:15:29+10:00,LDO,0.63864688,0.62166422,505236184.18772054,91143486.76686677,3.53
2026-10-11T00:15:29+10:00,SPX,0.55386968,0.52722574,496044266.3580894,7681396.76002115,-0.39
2026-10-11T00:15:29+10:00,XTZ,0.43548121,0.42257102,466266101.9093426,11772735.20689796,1.11
2026-10-11T00:15:29+10:00,OP,0.20007403,0.19437096,464677481.4024297,201029289.12408835,11.30
2026-10-11T00:15:29+10:00,SUN,0.02483627,0.02416945,462247293.53655946,24899289.8175017,0.49
2026-10-11T00:15:29+10:00,KITE,0.19212407,0.18633792,444667137.0597977,22192118.99939229,4.95
2026-10-11T00:15:29+10:00,DCR,25.30737627,24.54239723,442082224.42274725,705323.70565312,-1.86
2026-10-11T00:15:29+10:00,GNO,170.74749848,165.67193924,439635062.61255974,1517525.80911249,-0.11
2026-10-11T00:15:29+10:00,BONK,0.00000500,0.00000486,430171814.64155734,47880139.1835352,2.04
2026-10-11T00:15:29+10:00,GRT,0.03960259,0.03845819,427137582.50690985,25833566.08354064,1.20
2026-10-11T00:15:29+10:00,MON,0.03671238,0.03538696,419066837.08155686,36895894.61516123,0.31
2026-10-11T00:15:29+10:00,LUNA,0.00007574,0.00007161,408451017.422141,13868407.99055594,1.06
2026-10-11T00:15:29+10:00,SYRUP,0.33787335,0.32876197,393461227.5326407,12012596.13973637,-0.78
2026-10-11T00:15:29+10:00,JTO,0.78792949,0.76596377,392955832.4865669,55017506.51927001,4.60
2026-10-11T00:15:29+10:00,AR,6.04638711,5.85694948,392314300.60897154,16502213.07262174,0.34
2026-10-11T00:15:29+10:00,CFX,0.08544736,0.08251083,391003787.48315895,18958329.83928396,17.70
2026-10-11T00:15:29+10:00,ENS,9.36328756,9.08020823,381596726.733467,18788599.59894776,2.59
2026-10-11T00:15:29+10:00,FLOKI,0.00004057,0.00003900,380329548.66871786,52578031.67046559,1.60
2026-10-11T00:15:29+10:00,JASMY,0.00741997,0.00721497,359429266.77150184,17665219.74700106,5.70
2026-10-11T00:15:29+10:00,MIOTA,0.07581908,0.07344497,352591177.98903656,11083846.85276819,1.83
2026-10-11T00:15:29+10:00,COMP,36.59926550,35.51752856,348693287.1505244,26447402.39938581,3.95
2026-10-11T00:15:29+10:00,THETA,0.33640114,0.32462103,335192902.74844396,9199166.19157668,4.56
2026-10-11T00:15:29+10:00,PONS,0.55001925,0.53051822,334747099.3713598,73168398.30864078,7.96
2026-10-11T00:15:29+10:00,KLAY,0.08259127,0.08018234,325780502.6500233,613507.87116988,3.35
2026-10-11T00:15:29+10:00,RUNE,1.02318945,0.99408914,325420841.86944973,15294623.26585283,2.05
2026-10-11T00:15:29+10:00,ZBCN,0.00337802,0.00324237,323756405.9789677,14604157.44973584,-1.30
2026-10-11T00:15:29+10:00,TWT,0.76790736,0.74631264,321350357.67869544,5986444.35188395,2.36
2026-10-11T00:15:29+10:00,AKT,1.08152680,1.04185419,316262514.55282503,11260681.95850002,1.82
2026-10-11T00:15:29+10:00,WIF,0.32005955,0.31111899,314062215.3066758,89060086.17384672,2.90
2026-10-11T00:15:29+10:00,EIGEN,0.33699002,0.32761446,312279539.45017284,45525987.63371961,3.40
2026-10-11T00:15:29+10:00,AXS,1.84468543,1.78591773,306993397.25444263,35285811.91412403,7.76
2026-10-11T00:15:29+10:00,CVX,3.09312377,2.99661216,300344240.0876346,12288826.23021155,3.17
2026-10-11T00:15:29+10:00,TRAC,0.60659096,0.58205264,289742036.7233694,10427183.47260741,1.96
2026-10-11T00:15:29+10:00,BAT,0.19241851,0.18675745,288385267.8550022,127195346.92281333,16.50
2026-10-11T00:15:29+10:00,SAND,0.09947757,0.09676388,287887842.07943785,151056587.3487449,-0.58
2026-10-11T00:15:29+10:00,KMNO,0.05236669,0.05093515,284645584.63623476,10575902.67506432,2.51
2026-10-11T00:15:29+10:00,MANA,0.14074376,0.13627484,271575362.7704248,24024262.14231967,4.10
2026-10-11T00:15:29+10:00,USELESS,0.26878970,0.25890320,258221617.5578155,24179384.49483596,-5.89
2026-10-11T00:15:29+10:00,TEL,0.00271604,0.00258531,255661588.8591389,1486890.78632113,-2.01
2026-10-11T00:15:29+10:00,EOS,0.15237426,0.14674649,247827826.1946883,14101073.18503828,1.72
2026-10-11T00:15:29+10:00,ANS,3.72617623,3.61752927,247313766.17580947,5325863.88808535,6.63
2026-10-11T00:15:29+10:00,XCN,0.00631738,0.00600519,244767141.21290332,10108399.8953904,0.95
2026-10-11T00:15:29+10:00,CHZ,0.02290767,0.02226171,237756583.1490408,22212712.52189386,2.96
2026-10-11T00:15:29+10:00,FARTCOIN,0.24213287,0.23276379,231809499.93212068,17629334.02019993,0.01
2026-10-11T00:15:29+10:00,GRASS,0.95772064,0.92189351,227216776.44007847,37996791.95249754,1.30
2026-10-11T00:15:29+10:00,DEXE,2.74273659,2.66796369,224084908.6023819,18126770.1069488,2.75
2026-10-11T00:15:29+10:00,APE,0.22274614,0.21560115,220610956.26464123,26399748.63061581,6.84
2026-10-11T00:15:29+10:00,ZK,0.02080240,0.02019619,219191714.93165693,124032763.07304464,6.97
2026-10-11T00:15:29+10:00,SENT,0.02898792,0.02815705,212627606.48315784,41403258.11319656,-8.84
2026-10-11T00:15:29+10:00,AIOZ,0.18258448,0.17465873,208597758.1209622,8748578.55515543,9.70
2026-10-11T00:15:29+10:00,SUPER,0.33213171,0.32189553,203799828.9255035,12575070.62097924,1.10
2026-10-11T00:15:29+10:00,SFP,0.42149517,0.40636242,203455996.69193333,1257195.79882965,3.54
2026-10-11T00:15:29+10:00,1INCH,0.14427708,0.14000447,198931017.0803212,8295972.68847508,1.61
2026-10-11T00:15:29+10:00,EDGE,0.53402515,0.51205172,193510653.56629652,6760537.48752822,-0.87
2026-10-11T00:15:29+10:00,GNT,0.19698238,0.19149094,192588689.4739498,4239721.39268994,4.27
2026-10-11T00:15:29+10:00,BEAM,0.00388518,0.00377674,191743772.01094243,18726544.84559374,0.58
2026-10-11T00:15:29+10:00,ATH,0.00987784,0.00931627,188176050.28975853,13781809.58173761,3.66
2026-10-11T00:15:29+10:00,STPT,0.09659203,0.09376601,182295157.83454728,3369270.75095327,5.30
2026-10-11T00:15:29+10:00,FTM,0.06359969,0.06152450,181539168.45517528,55872136.44298008,-2.10
2026-10-11T00:15:29+10:00,EGLD,5.86972131,5.69165588,177961589.70227155,10132386.98101783,-0.65
2026-10-11T00:15:29+10:00,GALA,0.00355835,0.00345421,177237306.04545373,54183375.74529617,8.56
2026-10-11T00:15:29+10:00,PLUME,0.02754515,0.02675135,171559776.34033456,24632717.94779428,4.46
2026-10-11T00:15:29+10:00,DYDX,0.20396067,0.19823257,170961394.63644657,6237881.29251283,3.00
2026-10-11T00:15:29+10:00,IP,0.29070754,0.27986053,170691518.4967213,100200917.89422566,1.43
2026-10-11T00:15:29+10:00,ZEN,9.55614773,9.29053809,168923636.81101012,24954232.21744275,1.83
2026-10-11T00:15:29+10:00,CASHCAT,0.16749375,0.16118821,165552488.27791113,20441245.30222941,2.08
2026-10-11T00:15:29+10:00,GENIUS,0.49952256,0.48511038,164586484.21098474,18644846.27598543,2.88
2026-10-11T00:15:29+10:00,W,0.02599932,0.02524524,159290715.06856564,153791937.57349733,2.53
2026-10-11T00:15:29+10:00,PEAQ,0.06322112,0.06084276,158805559.43910572,15438340.92653321,8.60
2026-10-11T00:15:29+10:00,ZRX,0.18873797,0.18317148,157962910.2740116,9308862.61354095,10.05
2026-10-11T00:15:29+10:00,MINA,0.12631605,0.12250391,156796332.67829922,71767199.56704591,7.22
2026-10-11T00:15:29+10:00,CHIP,0.07651102,0.07433004,149401338.92710838,26319948.43144359,7.50
2026-10-11T00:15:29+10:00,BNX,0.40986467,0.39861672,148316975.70131558,13287971.16126727,3.65
2026-10-11T00:15:29+10:00,PROM,7.72324002,7.51046124,147265102.45533204,16484621.50307517,-0.51
2026-10-11T00:15:29+10:00,NMR,19.90434713,19.34990874,145591023.76833177,60676322.48243102,-2.60
2026-10-11T00:15:29+10:00,QTUM,1.43982630,1.39566057,144453522.62888804,6805087.0290476,5.34
2026-10-11T00:15:29+10:00,RSR,0.00235408,0.00228498,143078983.69698036,5927507.38004451,4.21
2026-10-11T00:15:29+10:00,DOG,0.00144189,0.00137471,138450339.20599806,1130273.89333264,0.34
2026-10-11T00:15:29+10:00,KSM,7.39051943,7.17194542,138324373.46142372,5945951.43538647,1.67
2026-10-11T00:15:29+10:00,FUN,0.01292002,0.01253612,135166522.22505653,1453330.142639,-0.22
2026-10-11T00:15:29+10:00,HNT,0.73898655,0.70859827,133848996.5821616,5069935.38608422,-2.51
2026-10-11T00:15:29+10:00,WEMIX,0.27989671,0.26369970,133019523.80067857,819924.26538029,-0.60
2026-10-11T00:15:29+10:00,MELANIA,0.13571288,0.13093363,132585472.01048835,11874390.2945848,2.14
2026-10-11T00:15:29+10:00,ORDI,6.41885751,6.23708458,132358880.83227631,22858980.92398662,4.92
2026-10-11T00:15:29+10:00,RLC,1.39507096,1.35750582,129591178.11617383,343203146.44839394,-9.54
2026-10-11T00:15:29+10:00,LPT,2.69709793,2.62206324,129201430.58994085,25301355.05691926,7.20
2026-10-11T00:15:29+10:00,SAFE,0.17312130,0.16649444,128634262.77570301,1845822.76250557,9.68
2026-10-11T00:15:29+10:00,VELO,0.00762090,0.00730357,128589271.65655366,6843964.81537826,2.96
2026-10-11T00:15:29+10:00,GMX,12.54327201,12.12128903,128262124.18003036,7646998.07610377,1.49
2026-10-11T00:15:29+10:00,GAS,2.04637889,1.98949766,125544459.2719632,1332451.67364785,5.53
2026-10-11T00:15:29+10:00,YFI,3545.09377760,3435.36185713,124126083.53659716,9113077.95086629,4.63
2026-10-11T00:15:29+10:00,HAV,0.35598160,0.34525745,121125331.0821612,13450484.55839868,4.74
2026-10-11T00:15:29+10:00,RIF,0.12322440,0.11977148,119827736.91498958,10191922.42463965,1.65
2026-10-11T00:15:29+10:00,FTT,0.36555100,0.35343347,119403554.53855813,3829156.29557424,0.93
2026-10-11T00:15:29+10:00,ZETA,0.06901157,0.06642598,111157415.3689953,6749764.29817669,-0.18
2026-10-11T00:15:29+10:00,BERA,0.32329842,0.31384433,109470396.87836505,21284188.75399204,3.75
2026-10-11T00:15:29+10:00,KAITO,0.46521995,0.45226287,108636825.59762582,16687215.64945004,2.49
2026-10-11T00:15:29+10:00,BOME,0.00154083,0.00149621,107641267.75124782,24780214.31414169,1.27
2026-10-11T00:15:29+10:00,HOT,0.00062129,0.00060244,105866849.2274743,2916072.48103503,4.56
2026-10-11T00:15:29+10:00,TFUEL,0.01448660,0.01394226,105142277.79284556,520079.30560672,2.45
2026-10-11T00:15:29+10:00,BIO,0.04284146,0.04119803,104025502.11874671,14348565.78162238,4.33
2026-10-11T00:15:29+10:00,KAVA,0.09978674,0.09715117,104014520.2347944,12375784.61095014,-1.30
2026-10-11T00:15:29+10:00,ZIL,0.00522637,0.00507487,103325992.35951827,5436076.14251829,4.07
2026-10-11T00:15:29+10:00,RE,0.65351625,0.63572124,101431883.50014707,8821954.89187598,1.42
2026-10-11T00:15:29+10:00,TURBO,0.00149136,0.00144021,98271633.54986806,15227069.74714998,5.90
2026-10-11T00:15:29+10:00,XPR,0.00340556,0.00325210,97550012.7280081,1980462.13505845,1.22
2026-10-11T00:15:29+10:00,SUSHI,0.34817886,0.33851582,97520169.80778211,17084249.22371799,3.69
2026-10-11T00:15:29+10:00,VTHO,0.00105116,0.00101991,96895859.15099461,3855580.27390054,7.86
2026-10-11T00:15:29+10:00,ENJ,0.04680172,0.04551316,96247517.97269458,20484400.40209503,2.67
2026-10-11T00:15:29+10:00,AXL,0.07949962,0.07688325,95824538.23473199,10238791.81413033,4.89
2026-10-11T00:15:29+10:00,CKB,0.00204492,0.00198231,94616773.847904,8553040.39714507,7.85
2026-10-11T00:15:29+10:00,DGB,0.00538831,0.00520683,93587654.73258027,4344343.93546264,-1.78
2026-10-11T00:15:29+10:00,ROSE,0.01180717,0.01146076,93202637.32578097,11205413.53158761,3.06
2026-10-11T00:15:29+10:00,SNEK,0.00130767,0.00123832,89096725.61811209,1606402.88806918,9.52
2026-10-11T00:15:29+10:00,IO,0.22598501,0.21903121,88241237.8516446,36982291.94245627,4.52
2026-10-11T00:15:29+10:00,ASTR,0.01031728,0.00998392,88151465.40936927,1102347.11790529,4.37
2026-10-11T00:15:29+10:00,ALT,0.01196911,0.01157618,87836345.66325991,16055783.65751159,9.56
2026-10-11T00:15:29+10:00,ONT,0.09164539,0.08908990,86963985.39558792,21977623.37164068,3.56
2026-10-11T00:15:29+10:00,ACH,0.00877441,0.00847772,85286531.66072042,4887652.67336726,7.61
2026-10-11T00:15:29+10:00,CELO,0.14069959,0.13682637,85020373.2149185,6532408.42893576,1.99
2026-10-11T00:15:29+10:00,T,0.00794997,0.00770266,84726273.15917666,3455982.89117718,4.90
2026-10-11T00:15:29+10:00,AMP,0.00096431,0.00092954,84049740.16886744,62372443.42306002,-4.24
2026-10-11T00:15:29+10:00,EDU,0.10364394,0.09998270,83674898.06391698,17224244.3163462,5.20
2026-10-11T00:15:29+10:00,ID,0.05535529,0.05336236,83541904.78390706,6597991.78836053,2.29
2026-10-11T00:15:29+10:00,BLUR,0.02705932,0.02612173,79016535.00517878,12822011.38723543,-2.77
2026-10-11T00:15:29+10:00,SC,0.00144131,0.00139709,77732475.80696118,4213916.28049992,1.83
2026-10-11T00:15:29+10:00,BRETT,0.00787414,0.00758029,77613152.63621621,6220075.47134616,1.76
2026-10-11T00:15:29+10:00,POLY,0.06006638,0.05823619,77481632.86218937,1048896.17482032,3.91
2026-10-11T00:15:29+10:00,TRB,28.34013922,27.52751911,77246516.7844733,19369606.06758345,2.57
2026-10-11T00:15:29+10:00,MAGIC,0.15693813,0.15148025,77206661.87897962,499759656.5836828,34.70
2026-10-11T00:15:29+10:00,FLOW,0.04784699,0.04561621,76215230.68504958,5931643.59596044,7.26
2026-10-11T00:15:29+10:00,PHA,0.08936346,0.08678053,76119487.27125184,32467524.01480729,7.65
2026-10-11T00:15:29+10:00,RONIN,0.09701898,0.09395248,76037506.47933343,3384836.12669531,8.37
2026-10-11T00:15:29+10:00,WIN,0.00008049,0.00007678,74306999.81394392,34367597.75534531,3.88
2026-10-11T00:15:29+10:00,XVS,4.61981075,4.47672833,73839386.23239139,3771863.50028306,2.29
2026-10-11T00:15:29+10:00,LSK,0.35922047,0.34913030,73208262.96984193,13407114.00094063,1.81
2026-10-11T00:15:29+10:00,PNUT,0.07302187,0.07100225,72099462.99209836,9075508.38296397,0.63
2026-10-11T00:15:29+10:00,ALLO,0.36113435,0.35142532,71877219.77481376,8877224.09878316,-2.21
2026-10-11T00:15:29+10:00,XYO,0.00542763,0.00515916,71340945.38764302,4251515.52611375,0.24
2026-10-11T00:15:29+10:00,ANKR,0.00716969,0.00695678,70191031.45939879,8939235.45890415,5.71
2026-10-11T00:15:29+10:00,DUSK,0.12131052,0.11776334,69924582.04140858,4709806.03647956,6.58
2026-10-11T00:15:29+10:00,AVNT,0.19963236,0.19378596,69756914.08725858,56110873.80183155,2.01
2026-10-11T00:15:29+10:00,MASK,0.68752442,0.66842531,68644697.74925058,5341563.39556981,4.07
2026-10-11T00:15:29+10:00,TOSHI,0.00017076,0.00016204,68544636.50707647,3589094.68057293,2.50
2026-10-11T00:15:29+10:00,G,0.00635997,0.00616787,67492149.89660962,6189684.103008,2.92
2026-10-11T00:15:29+10:00,NOT,0.00069636,0.00067272,67480844.22429234,5882107.84285426,5.41
2026-10-11T00:15:29+10:00,POPCAT,0.07120336,0.06791091,67404115.14831142,12458113.22148125,1.97
2026-10-11T00:15:29+10:00,SSV,4.25175699,4.12960617,67226919.63376349,9541243.36744168,2.04
2026-10-11T00:15:29+10:00,XVG,0.00427531,0.00412841,67192416.11564676,2205348.50357248,4.72
2026-10-11T00:15:29+10:00,BARD,0.18211300,0.17686017,65152269.83266183,4833922.94496628,1.38
2026-10-11T00:15:29+10:00,XRB,0.51085862,0.49342984,65077261.59107319,216194.45499961,1.59
2026-10-11T00:15:29+10:00,AGS,3.11090100,2.74437900,64991594.20723356,1.26930592,-0.37
2026-10-11T00:15:29+10:00,SYN,0.27991225,0.27157288,62567016.91646677,11672026.27383603,2.49
2026-10-11T00:15:29+10:00,BAND,0.34685386,0.33693799,62531153.66700189,4921980.78286554,3.07
2026-10-11T00:15:29+10:00,MERL,0.04738992,0.04542449,62044778.62436076,10528729.17750474,0.90
2026-10-11T00:15:29+10:00,REQ,0.08053017,0.07803076,62028498.71547168,883384.12050094,1.13
2026-10-11T00:15:29+10:00,ARK,0.32256232,0.31341401,61772910.27168387,8027379.68179155,0.57
2026-10-11T00:15:29+10:00,MOG,0.00000017,0.00000015,61756368.77189603,14918956.57368657,0.00
2026-10-11T00:15:29+10:00,AURORA,0.08959657,0.08538967,61634942.60200883,1075378.9208182,0.88
2026-10-11T00:15:29+10:00,RPL,2.80456963,2.71689010,61432265.66188118,12762617.08978982,7.16
2026-10-11T00:15:29+10:00,CSPR,0.00365643,0.00348286,61110203.80162746,5590274.71285742,-0.41
2026-10-11T00:15:29+10:00,ONG,0.12749383,0.12384515,60980265.73528661,1979564.06645936,-0.66
2026-10-11T00:15:29+10:00,MOVE,0.01343544,0.01302855,60691007.20484746,88487213.83737826,2.83
2026-10-11T00:15:29+10:00,MEW,0.00070937,0.00067996,60495713.23223902,5457642.45174179,1.96
2026-10-11T00:15:29+10:00,MOODENG,0.06224370,0.05926458,59781478.82271929,7050961.44626419,2.26
2026-10-11T00:15:29+10:00,AUS,198.91404600,189.24057900,59276456.43079,,-0.04
2026-10-11T00:15:29+10:00,LISTA,0.12027997,0.11546832,55881049.0901886,3076989.60091873,0.57
2026-10-11T00:15:29+10:00,COTI,0.01937435,0.01880484,55799849.16857103,8577397.59424536,1.71
2026-10-11T00:15:29+10:00,UMA,0.60802481,0.59096830,55669753.36225927,21313115.86658699,1.05
2026-10-11T00:15:29+10:00,SNT,0.01169970,0.01137900,54861888.28406553,5067302.8892816,1.29
2026-10-11T00:15:29+10:00,RVN,0.00324476,0.00315565,53965782.03646395,6235722.24585612,-0.47
2026-10-11T00:15:29+10:00,WAVES,0.40029672,0.38509891,53557547.07828906,7079819.40937116,3.59
2026-10-11T00:15:29+10:00,MEME,0.00084212,0.00081760,53268028.46836899,9185462.48878537,4.20
2026-10-11T00:15:29+10:00,SAHARA,0.01298494,0.01259393,53266991.00108816,10159667.92802811,2.86
2026-10-11T00:15:29+10:00,RATS,0.00005455,0.00005220,52338108.92738187,4411678.56758326,1.75
2026-10-11T00:15:29+10:00,FLUX,0.12631605,0.11992186,51490373.30658888,10097043.48216888,6.16
2026-10-11T00:15:29+10:00,IOTX,0.00550609,0.00534022,51058696.21838278,2698892.67026761,0.93
2026-10-11T00:15:29+10:00,CATI,0.09713675,0.09134189,50885441.08567289,4707813.53766302,0.96
2026-10-11T00:15:29+10:00,POWR,0.09009956,0.08735429,50676637.23112062,1563896.49577329,-0.49
2026-10-11T00:15:29+10:00,REZ,0.00573428,0.00556112,50420874.46930279,7834979.01699011,1.73
2026-10-11T00:15:29+10:00,PRO,0.52958234,0.50664129,50226204.05608259,1062979.67945363,2.08
2026-10-11T00:15:29+10:00,ETN,0.00287153,0.00276298,49682258.59127835,287087.36341531,0.32
2026-10-11T00:15:29+10:00,STEEM,0.08984929,0.08741167,48996407.46980234,3849575.87590686,1.14
2026-10-11T00:15:29+10:00,LUNA2,0.07064060,0.06800073,48497031.63041984,8878332.81385012,3.75
2026-10-11T00:15:29+10:00,CTSI,0.04958421,0.04815244,47672286.40425108,58224161.27928928,-4.13
2026-10-11T00:15:29+10:00,BNT,0.47950044,0.46431174,47110727.52688781,3307994.08873301,2.62
2026-10-11T00:15:29+10:00,HIVE,0.08067739,0.07846108,46812949.45108354,880969.90996346,1.50
2026-10-11T00:15:29+10:00,MANTA,0.09656259,0.09365126,46719082.20962895,3996541.42753109,6.09
2026-10-11T00:15:29+10:00,ZORA,0.01091894,0.01048152,46300987.08299457,14486680.367978,5.25
2026-10-11T00:15:29+10:00,SKL,0.00743469,0.00720104,46164705.01831828,96926511.06406201,-3.03
2026-10-11T00:15:29+10:00,ORBS,0.01080343,0.01030318,45163017.63604134,5676847.99383842,2.36
2026-10-11T00:15:29+10:00,ONE,0.00307105,0.00297062,44759993.70966242,12869822.05829502,-3.17
2026-10-11T00:15:29+10:00,IOST,0.00126316,0.00122639,43928690.26106975,7230664.04460925,3.59
2026-10-11T00:15:29+10:00,UST,0.00870790,0.00747249,43502750.68660975,1468151.53642288,9.33
2026-10-11T00:15:29+10:00,ILV,5.88886010,5.69485413,43331146.84103675,3837528.33062524,4.83
2026-10-11T00:15:29+10:00,FXS,0.46168664,0.44681219,42749352.39802052,998333.97856422,4.83
2026-10-11T00:15:29+10:00,CORE,0.02954589,0.02867057,42630395.02049258,3383388.78370127,3.76
2026-10-11T00:15:29+10:00,MANTRA,0.00668386,0.00645475,42403013.76570072,5458273.8728336,3.94
2026-10-11T00:15:29+10:00,MTL,0.46654495,0.45197600,42292200.41913075,689686.06755478,2.37
2026-10-11T00:15:29+10:00,ARKM,0.19197684,0.18590758,42139441.90181402,42111066.51476658,5.75
2026-10-11T00:15:29+10:00,PUNDIX,0.16930473,0.16452442,41871428.45954299,901146.31975676,3.89
2026-10-11T00:15:29+10:00,KNC,0.20228235,0.19651130,41709840.19037133,4941634.18237377,3.70
2026-10-11T00:15:29+10:00,GMT,0.01294078,0.01249425,41632491.82105694,66812620.78560529,8.09
2026-10-11T00:15:29+10:00,PIXEL,0.00967246,0.00938090,41072057.5764307,85581230.65418686,12.52
2026-10-11T00:15:29+10:00,OSMO,0.05079142,0.04905610,39413842.00756917,4117867.56071973,0.41
2026-10-11T00:15:29+10:00,METIS,4.93192034,4.77651565,39275583.13968613,3634527.11951187,0.12
2026-10-11T00:15:29+10:00,CYBER,0.51380305,0.49776180,39086460.15467839,50906245.93589556,1.57
2026-10-11T00:15:29+10:00,YGG,0.04089814,0.03968954,39004578.36793856,18748499.97152144,8.01
2026-10-11T00:15:29+10:00,OGN,0.05114475,0.04974461,38964406.48588209,148225986.3466651,-5.18
2026-10-11T00:15:29+10:00,WAX,0.00862719,0.00834862,38864997.17879977,1394329.73969898,2.83
2026-10-11T00:15:29+10:00,API3,0.45226446,0.43794432,38666026.03049892,85584970.34215865,-8.41
2026-10-11T00:15:29+10:00,CETUS,0.03960021,0.03792074,38554133.76353165,3629300.5946373,5.93
2026-10-11T00:15:29+10:00,CVC,0.03789482,0.03684945,37739433.57750492,13681805.13628392,3.24
2026-10-11T00:15:29+10:00,AUCT,5.51197305,5.35027128,37690283.4751615,10000141.034288,1.79
2026-10-11T00:15:29+10:00,FLIP,0.44516905,0.42518356,37689737.8784274,57639.11998362,-1.33
2026-10-11T00:15:29+10:00,1000SATS,0.00001758,0.00001706,36633630.14086747,2027579.52201713,3.54
2026-10-11T00:15:29+10:00,BIGTIME,0.01276566,0.01222581,36484066.16847714,19969396.38162619,6.11
2026-10-11T00:15:29+10:00,AEVO,0.03849843,0.03726542,36051552.74051077,12157969.95661367,-1.16
2026-10-11T00:15:29+10:00,WOO,0.01918297,0.01831820,35257017.83139755,1973659.20857022,4.15
2026-10-11T00:15:29+10:00,CELR,0.00463011,0.00446551,35238758.74744517,2658831.4045258,7.80
2026-10-11T00:15:29+10:00,SLP,0.00097020,0.00093670,35042002.90896645,2842225.87759756,6.13
2026-10-11T00:15:29+10:00,DEGEN,0.00148390,0.00142157,35037589.80011645,4941635.15117596,-0.28
2026-10-11T00:15:29+10:00,AUDIO,0.02436516,0.02363873,34860991.5218152,30965760.53525891,-4.44
2026-10-11T00:15:29+10:00,STRAX,0.01604715,0.01553443,34316372.96939467,849738.48412579,2.95
2026-10-11T00:15:29+10:00,XAI,0.01388299,0.01345534,33664177.80661537,35582851.5530854,8.20
2026-10-11T00:15:29+10:00,CHR,0.03412595,0.03317741,33507389.105714,12231305.884972,6.29
2026-10-11T00:15:29+10:00,IQ,0.00127200,0.00119914,33228409.59835289,806131.18626468,2.92
2026-10-11T00:15:29+10:00,DOGS,0.00006504,0.00006298,33120978.04920963,4274590.66654109,2.83
2026-10-11T00:15:29+10:00,MPLX,0.07073994,0.06890805,32991570.99764989,1654459.88376327,-2.65
2026-10-11T00:15:29+10:00,LQTY,0.34332055,0.33164994,32604499.05574388,2855307.32965451,2.37
2026-10-11T00:15:29+10:00,DIA,0.27147646,0.26278008,31988017.51748551,10630336.02994884,6.24
2026-10-11T00:15:29+10:00,MOVR,2.59551509,2.52180190,31903804.77050495,18006906.71551076,-8.55
2026-10-11T00:15:29+10:00,CTK,0.19286017,0.18733121,31602905.79373412,2449955.37802688,8.17
2026-10-11T00:15:29+10:00,XCH,2.23776684,2.17453385,31256895.06335755,1370181.83005042,3.28
2026-10-11T00:15:29+10:00,CGPT,0.03435770,0.03305360,30871998.63091546,8092627.8908685,2.02
2026-10-11T00:15:29+10:00,ACE,0.28045697,0.27197590,30851712.36011182,24325411.86531341,1.04
2026-10-11T00:15:29+10:00,FIDA,0.03147596,0.03059551,30436998.27757676,15529664.95164795,6.05
2026-10-11T00:15:29+10:00,QI,0.00409865,0.00397469,28926548.36706213,2596434.11510705,1.07
2026-10-11T00:15:29+10:00,BICO,0.02864931,0.02782714,28581200.02903857,14301248.12800612,0.78
2026-10-11T00:15:29+10:00,TNSR,0.05447196,0.05278551,28230580.66832048,8443796.06023503,2.31
2026-10-11T00:15:29+10:00,ATOR,0.30462833,0.29231468,28220935.62634333,499976.50658492,-0.18
2026-10-11T00:15:29+10:00,QKC,0.00398529,0.00385564,27890848.67686447,625336.89784007,1.10
2026-10-11T00:15:29+10:00,DAG,0.01001705,0.00946801,27665191.4773868,929757.58231604,-1.69
2026-10-11T00:15:29+10:00,AGLD,0.29459023,0.28601718,27536573.13512879,7464230.5064692,4.94
2026-10-11T00:15:29+10:00,RAD,0.46227552,0.44612081,27481164.76363689,86346477.38085073,-22.01
2026-10-11T00:15:29+10:00,XYM,0.00431506,0.00410091,27363874.60702568,9152.33722758,0.74
2026-10-11T00:15:29+10:00,SPELL,0.00013971,0.00013527,26551934.27318674,4713626.1662757,1.67
2026-10-11T00:15:29+10:00,DODO,0.02747154,0.02667963,26474375.36692302,10132079.20075848,2.94
2026-10-11T00:15:29+10:00,TAIKO,0.12558329,0.12111289,26349351.64548765,5713911.95790632,2.36
2026-10-11T00:15:29+10:00,C98,0.02688265,0.02609153,26286301.89105049,26238422.81848581,15.84
2026-10-11T00:15:29+10:00,ALICE,0.25219044,0.24528053,26055946.49840784,14938485.85113441,3.08
2026-10-11T00:15:29+10:00,JOE,0.05741639,0.05537062,25837982.66437983,6618962.79758658,4.68
2026-10-11T00:15:29+10:00,ANIME,0.00472582,0.00456135,25466246.14137491,4836740.36791803,4.73
2026-10-11T00:15:29+10:00,ARPA,0.01797575,0.01741348,25175191.91304706,9497722.49678417,10.81
2026-10-11T00:15:29+10:00,STG,0.27442505,0.25876417,24974268.10852571,265663.10331853,0.00
2026-10-11T00:15:29+10:00,CHEEL,0.44313673,0.42630043,24511901.94194957,230623.68857062,-0.87
2026-10-11T00:15:29+10:00,AVA,0.34641220,0.33665111,24172740.754898,18055745.7049632,-0.17
2026-10-11T00:15:29+10:00,GOAT,0.02450948,0.02353541,23789343.27995329,3840135.00841212,1.98
2026-10-11T00:15:29+10:00,CAT,0.00000305,0.00000292,22992100.19029803,903506.16191227,1.67
2026-10-11T00:15:29+10:00,GTC,0.29261746,0.28375292,22934755.02187184,39336280.15684579,6.82
2026-10-11T00:15:29+10:00,BANANA,5.67244449,5.49944774,22438678.06634859,6210332.13395938,1.03
2026-10-11T00:15:29+10:00,ORN,0.17327971,0.16839727,21873080.47149287,2548558.21578525,45.89
2026-10-11T00:15:29+10:00,ZENT,0.00273097,0.00265792,21301622.2243377,4329090.25487934,-0.39
2026-10-11T00:15:29+10:00,MBL,0.00111005,0.00107723,21058831.30905121,3642413.69356908,1.44
2026-10-11T00:15:29+10:00,PORTAL,0.02476266,0.02393995,21007759.33455676,15280652.11947259,4.35
2026-10-11T00:15:29+10:00,BONE,0.09060012,0.08749773,20473193.3082833,4067251.45467383,-0.84
2026-10-11T00:15:29+10:00,POND,0.00246132,0.00236069,20117489.92576146,1847318.38870872,-3.91
2026-10-11T00:15:29+10:00,MAV,0.01712187,0.01659684,19864199.24963946,2189299.17949085,5.17
2026-10-11T00:15:29+10:00,LRC,0.01485378,0.01423004,19758603.82148931,3667683.97528322,0.55
2026-10-11T00:15:29+10:00,RARE,0.02384989,0.02316538,19449812.06870146,15734010.87679597,-2.73
2026-10-11T00:15:29+10:00,OG,4.10600771,3.99333921,19421517.55620206,3103536.61112689,1.43
2026-10-11T00:15:29+10:00,RIO,0.09076651,0.08598156,19007041.14686335,349615.18521409,0.62
2026-10-11T00:15:29+10:00,GLMR,0.01566142,0.01515575,18776406.80611,9901235.52569357,-4.90
2026-10-11T00:15:29+10:00,AI,0.03135819,0.02983701,18553836.49502285,11829724.59846537,5.78
2026-10-11T00:15:29+10:00,STORJ,0.04339140,0.04165939,17726531.85362728,3118020.36127823,0.88
2026-10-11T00:15:29+10:00,DYM,0.02698571,0.02609304,17393315.34320561,5914430.68855227,4.79
2026-10-11T00:15:29+10:00,PONKE,0.03164758,0.03024959,17031646.49088951,3784880.90432712,-1.19
2026-10-11T00:15:29+10:00,BB,0.01400077,0.01355497,16686641.97685065,5390614.30464973,6.34
2026-10-11T00:15:29+10:00,DRIFT,0.02769349,0.02652744,16500278.15975234,2986403.75426478,0.63
2026-10-11T00:15:29+10:00,NAKA,0.17015943,0.15935587,16381420.43831223,685719.37989518,-6.53
2026-10-11T00:15:29+10:00,WAN,0.08524262,0.08141477,16240888.71485722,149468.65387326,0.30
2026-10-11T00:15:29+10:00,CHILLGUY,0.01614220,0.01554711,15714454.85938277,5552506.59031802,-0.09
2026-10-11T00:15:29+10:00,HMSTR,0.00024219,0.00023553,15334041.69175899,4047284.0900144,2.77
2026-10-11T00:15:29+10:00,TLM,0.00216121,0.00207998,15160045.88478773,5066246.30078142,4.92
2026-10-11T00:15:29+10:00,ADX,0.10761892,0.10428008,15106553.78918259,6004460.35433289,3.07
2026-10-11T00:15:29+10:00,OXT,0.01509168,0.01458773,15040011.69056878,4412297.42105557,1.43
2026-10-11T00:15:29+10:00,TKO,0.08479959,0.08161673,14983750.07409142,876982.1441798,3.44
2026-10-11T00:15:29+10:00,LIT,0.18299633,0.17658351,14640212.72503747,8506276.33339358,1.47
2026-10-11T00:15:29+10:00,EWT,0.50759046,0.48730088,14514498.77211845,414531.74728139,-0.82
2026-10-11T00:15:29+10:00,BEL,0.18608798,0.18087646,14463317.77185198,3029313.30885405,5.86
2026-10-11T00:15:29+10:00,SAGA,0.03271262,0.03171434,14272594.38720668,20284457.61861183,1.05
2026-10-11T00:15:29+10:00,ACT,0.01488410,0.01435823,13711374.70085232,38874195.08265849,2.46
2026-10-11T00:15:29+10:00,COOKIE,0.01750464,0.01694013,13692208.56661048,1854740.45229002,3.03
2026-10-11T00:15:29+10:00,PAAL,0.01398003,0.01332814,13566227.08641072,465838.99252966,-2.54
2026-10-11T00:15:29+10:00,ATM,1.52227034,1.48028953,13556803.44134132,4585501.88193443,0.90
2026-10-11T00:15:29+10:00,GNS,0.59330266,0.56518199,13470765.12798759,665320.32674357,3.42
2026-10-11T00:15:29+10:00,COQ,0.00000020,0.00000018,12930362.42796449,4214984.00289254,0.00
2026-10-11T00:15:29+10:00,WRX,0.03366956,0.03137008,12855392.4644132,18678.28690422,-5.72
2026-10-11T00:15:29+10:00,AVAAI,0.01312109,0.01258298,12577638.60638638,222539.9757551,-1.62
2026-10-11T00:15:29+10:00,TOKEN,0.00319882,0.00304625,12063836.28077196,1727692.24760485,5.03
2026-10-11T00:15:29+10:00,PRIME,0.34302611,0.33134387,11886974.98897684,504165.10583759,2.01
2026-10-11T00:15:29+10:00,DSYNC,0.01261757,0.01208265,11828002.68672565,891309.81260606,0.41
2026-10-11T00:15:29+10:00,BAR,0.41810907,0.40593211,11619622.77806452,3901167.96741252,0.90
2026-10-11T00:15:29+10:00,ELA,0.53757939,0.51022027,11552518.04779759,113504.69271961,2.14
2026-10-11T00:15:29+10:00,ALPINE,0.53588627,0.52068323,11466193.80430369,4899533.77731791,-0.44
2026-10-11T00:15:29+10:00,PSG,0.68016335,0.65981897,11440465.21881788,2939314.14858437,1.59
2026-10-11T00:15:29+10:00,MAVIA,0.04627922,0.04452258,11290222.10389371,796254.78533022,3.03
2026-10-11T00:15:29+10:00,ASR,1.28524372,1.24935289,11285855.86532187,3930227.62213808,1.70
2026-10-11T00:15:29+10:00,BLAST,0.00009495,0.00009142,11112456.80765403,1540855.80522285,-0.88
2026-10-11T00:15:29+10:00,ORAI,0.78045273,0.74013435,10786077.33155427,321579.47431385,1.17
2026-10-11T00:15:29+10:00,VINE,0.01115145,0.01066537,10671978.44283004,5386653.30521412,-1.61
2026-10-11T00:15:29+10:00,GHX,0.01692413,0.01613836,10640537.2684913,366379.91453112,-1.11
2026-10-11T00:15:29+10:00,ZEUS,0.01073678,0.01027825,10505494.75013805,20679523.42458709,-24.67
2026-10-11T00:15:29+10:00,LYXE,0.35838626,0.33640524,10402847.68989155,244936.30113788,-1.75
2026-10-11T00:15:29+10:00,QUICK,0.01594409,0.01519018,10146155.40214718,957698.06266849,-0.91
2026-10-11T00:15:29+10:00,WILD,0.02128104,0.02019979,9964171.6493365,174934.72288804,-5.12
2026-10-11T00:15:29+10:00,RBNT,0.00329923,0.00320442,9926498.72879919,225899.94962245,-5.17
2026-10-11T00:15:29+10:00,NOM,0.00333163,0.00322900,9518765.92900866,6750728.61058773,-0.48
2026-10-11T00:15:29+10:00,ALCX,3.75856496,3.64047949,9457507.42678987,232488.77189673,1.21
2026-10-11T00:15:29+10:00,BADGER,0.52248912,0.45757011,9114716.65730386,3330.52729379,-2.67
2026-10-11T00:15:29+10:00,HFT,0.00995189,0.00953441,9100950.96263163,2987982.21742018,-2.61
2026-10-11T00:15:29+10:00,SUPRA,0.00021474,0.00020198,8944255.34544144,369336.18958911,1.29
2026-10-11T00:15:29+10:00,DENT,0.00009093,0.00008704,8839713.91430563,44307.75425534,-0.48
2026-10-11T00:15:29+10:00,BRISE,0.00000002,0.00000002,8668580.2568627,780095.95073058,1.79
2026-10-11T00:15:29+10:00,POLS,0.11032966,0.10078425,8337435.57254986,104531.51470782,28.01
2026-10-11T00:15:29+10:00,LAZIO,0.61685810,0.59670585,7871133.43341432,7684712.90912785,-2.72
2026-10-11T00:15:29+10:00,FARM,11.60547104,11.24847919,7828580.50488711,248731.62024921,2.78
2026-10-11T00:15:29+10:00,JUV,0.49024761,0.47478278,7794756.62874263,2837712.67972248,1.35
2026-10-11T00:15:29+10:00,LMWR,0.01522402,0.01417196,7616510.54783482,1392414.26116271,1.11
2026-10-11T00:15:29+10:00,ELIZAOS,0.00058646,0.00055975,7342414.17992039,13170077.90799288,-15.71
2026-10-11T00:15:29+10:00,NKN,0.00927054,0.00887026,7270967.36322485,87776.39921176,1.43
2026-10-11T00:15:29+10:00,CITY,0.52263634,0.50777373,7090624.91874791,2091438.21330108,1.26
2026-10-11T00:15:29+10:00,SCR,0.03792426,0.03676339,7076135.57060733,10313806.67241663,-1.29
2026-10-11T00:15:29+10:00,XEM,0.00087156,0.00081401,6961102.31589134,292318.41789873,7.39
2026-10-11T00:15:29+10:00,BLZ,0.01482416,0.01421573,6843769.58483585,122530.33823975,0.35
2026-10-11T00:15:29+10:00,MDT,0.01038942,0.00999625,6817350.9666127,173050.10980976,-0.78
2026-10-11T00:15:29+10:00,WEN,0.00000925,0.00000879,6766474.63027963,259450.60404916,-2.81
2026-10-11T00:15:29+10:00,MLN,2.13132570,2.04328725,6584454.61069098,83596.43702881,2.08
2026-10-11T00:15:29+10:00,TRIAS,0.25631264,0.24355926,6565624.49265746,202255.65183276,-3.82
2026-10-11T00:15:29+10:00,AERGO,0.00872271,0.00823166,6524211.44810438,24681.24657202,0.70
2026-10-11T00:15:29+10:00,XRD,0.00066884,0.00063687,6110051.95155563,220370.72646789,-4.73
2026-10-11T00:15:29+10:00,SWELL,0.00116994,0.00111950,5928896.57314062,799844.31206878,0.08
2026-10-11T00:15:29+10:00,ACM,0.42105350,0.40736649,5887300.01869547,1776099.66290355,0.89
2026-10-11T00:15:29+10:00,NIM,0.00041881,0.00039798,5730013.31233795,8502.15944228,2.25
2026-10-11T00:15:29+10:00,BTS,0.00192345,0.00184820,5683832.83288409,107644.91136513,-0.79
2026-10-11T00:15:29+10:00,TX,0.00207436,0.00200814,5060748.17736051,159363.87406921,-3.46
2026-10-11T00:15:29+10:00,GFI,0.05906527,0.05522397,5001644.30842324,186780.54905776,4.27
2026-10-11T00:15:29+10:00,NEON,0.02073309,0.01946968,4946524.5062663,1951009.82358296,-6.83
2026-10-11T00:15:29+10:00,HTR,0.00995189,0.00959168,4931228.72578689,111079.21800514,2.28
2026-10-11T00:15:29+10:00,KDA,0.01456610,0.01406419,4797587.86270748,10509.48475212,3.45
2026-10-11T00:15:29+10:00,GHST,0.09327955,0.09038085,4726734.09174167,108647.65273612,-0.61
2026-10-11T00:15:29+10:00,HIGH,0.04887086,0.04566786,4610222.49244621,14870693.69274899,-2.55
2026-10-11T00:15:29+10:00,RSS3,0.00452707,0.00427161,4474255.08165727,177422.42307719,-6.67
2026-10-11T00:15:29+10:00,REN,0.00405006,0.00387859,3832077.41096169,18311.01156411,-0.08
2026-10-11T00:15:29+10:00,BCAU,0.03888501,0.03712500,3656615.80218403,3.40852074,0.00
2026-10-11T00:15:29+10:00,PRCL,0.00935951,0.00884725,3552417.83052076,200908.09322861,3.93
2026-10-11T00:15:29+10:00,ERN,0.68266611,0.66369182,3140432.43955153,1267.93520797,-1.02
2026-10-11T00:15:29+10:00,MYRO,0.00318698,0.00305502,2912992.54421904,191567.87934652,-1.82
2026-10-11T00:15:29+10:00,AZERO,0.01070716,0.01022158,2819984.0837647,110538.9563625,-5.14
2026-10-11T00:15:29+10:00,UOS,0.00526621,0.00508645,2475178.74221347,1009773.14081419,-2.40
2026-10-11T00:15:29+10:00,DAR,0.00430953,0.00405141,2129274.87104027,110696.16308536,-1.84
2026-10-11T00:15:29+10:00,SUNDOG,0.00217698,0.00206149,2094070.74218399,978525.18135233,-4.09
2026-10-11T00:15:29+10:00,PERP,0.03305270,0.03131127,1971293.91526766,26076.38190655,6.61
2026-10-11T00:15:29+10:00,SOUL,0.01626067,0.01551848,1907538.46022624,29001.03649877,2.75
2026-10-11T00:15:29+10:00,CHEQ,0.00269679,0.00252962,1713180.52111998,224441.12868769,-3.57
2026-10-11T00:15:29+10:00,YFII,44.24006147,42.55832413,1673982.51903901,49194.9385053,-6.70
2026-10-11T00:15:29+10:00,HOOK,0.00455945,0.00437774,1669245.59070738,71831.13242644,-4.70
2026-10-11T00:15:29+10:00,VOXEL,0.00639089,0.00612340,1537550.85342206,55127.39157744,4.45
2026-10-11T00:15:29+10:00,PYR,0.26716067,0.23406570,1521576.25573228,1136523.39632692,87.21
2026-10-11T00:15:29+10:00,SHR,0.00035750,0.00033499,1241971.95061146,84317.03624572,0.89
2026-10-11T00:15:29+10:00,RDNT,0.00090173,0.00087081,1208189.84550899,697244.6144266,-0.14
2026-10-11T00:15:29+10:00,IDEX,0.00077646,0.00073526,822348.2869685,168039.16541402,-26.12
2026-10-11T00:15:29+10:00,LTO,0.00275305,0.00262637,788664.48432514,861.60497135,3.16
2026-10-11T00:15:29+10:00,TOMO,0.00600811,0.00572895,725284.35994334,249938.70677776,1.49
2026-10-11T00:15:29+10:00,FIO,0.00073273,0.00066555,633602.17983241,9314.46306838,3.44
2026-10-11T00:15:29+10:00,XMN,0.00069086,0.00063433,626303.57814847,143890.28175183,0.83
2026-10-11T00:15:29+10:00,ACA,0.00045639,0.00043663,571072.96043172,9915.55590909,-10.41
2026-10-11T00:15:29+10:00,MTV,0.00014195,0.00013717,492328.82557005,62164.49419141,-0.35
2026-10-11T00:15:29+10:00,A2Z,0.00004951,0.00004772,409236.42743318,44822.2279793,35.47
2026-10-11T00:15:29+10:00,POLK,0.00447849,0.00403493,395005.0607826,4.24806412,-0.15
2026-10-11T00:15:29+10:00,GLQ,0.00111918,0.00102889,361147.67649248,84745.62703374,-0.20
2026-10-11T00:15:29+10:00,FIS,0.00201399,0.00184892,291363.82018346,51497.67082568,-16.30
2026-10-11T00:15:29+10:00,RFOX,0.00030549,0.00029418,256287.11562814,11.80165383,0.62
2026-10-11T00:15:29+10:00,NFP,0.00039013,0.00037366,230357.92070764,184721.85360773,-0.78
2026-10-11T00:15:29+10:00,CHO,0.00040874,0.00034358,203893.39313462,57992.49897897,6.37
2026-10-11T00:15:29+10:00,LL,0.00176972,0.00170646,139421.50340173,13432.99159392,-0.51
2026-10-11T00:15:29+10:00,DEGO,0.00499818,0.00476933,105104.91059799,30789.84814595,-0.85
2026-10-11T00:15:29+10:00,NYAN,0.00078602,0.00071719,72445.03381824,1859.12280541,0.56
2026-10-11T00:30:38+10:00,BTC,120501.70037597,119314.47711523,2374315013226.398,32697060920.357464,-0.52
2026-10-11T00:30:38+10:00,ETH,3689.56667563,3594.96348615,435162068943.40497,11747055553.57039,0.13
2026-10-11T00:30:38+10:00,USDT,1.45364017,1.43901975,263566677316.4198,80070866037.84401,-0.14
2026-10-11T00:30:38+10:00,BNB,1107.98465761,1079.43595724,141923512204.32922,1773100212.1681993,1.15
2026-10-11T00:30:38+10:00,XRP,2.07440667,2.02093848,126613015719.16536,2731026105.9385123,1.16
2026-10-11T00:30:38+10:00,USDC,1.45585148,1.43814980,104374610554.57994,18406797578.46502,-0.22
2026-10-11T00:30:38+10:00,SOL,162.45690496,158.27767561,92378756351.61758,3355366146.4281273,-0.39
2026-10-11T00:30:38+10:00,TRX,0.48812168,0.47546430,44966782528.652626,581613314.2380277,-0.46
2026-10-11T00:30:38+10:00,HYPE,128.53183487,123.97596925,30572557063.952747,916543826.9705716,0.59
2026-10-11T00:30:38+10:00,ZEC,1817.46177640,1769.66263384,29331636895.341766,1214674993.7977023,0.40
2026-10-11T00:30:38+10:00,DOGE,0.12710306,0.12381583,19292376483.25338,888177166.32566,1.28
2026-10-11T00:30:38+10:00,WBTC,121924.38148613,118773.95691966,13742028972.903315,182046769.59901753,-0.53
2026-10-11T00:30:38+10:00,LINK,19.41295963,18.90809904,13715181155.470184,288274199.33449924,2.30
2026-10-11T00:30:38+10:00,ADA,0.38004285,0.37001280,13177603353.560087,806304182.0708294,7.18
2026-10-11T00:30:38+10:00,STR,0.29169504,0.28392994,9822187169.600128,172876281.07568747,2.28
2026-10-11T00:30:38+10:00,NEAR,7.98222498,7.77471649,9277140963.699411,1376601845.7336624,12.34
2026-10-11T00:30:38+10:00,BCC,413.76226134,402.43734599,8031117093.777832,288263659.92982846,1.69
2026-10-11T00:30:38+10:00,LTC,94.35546515,91.83605888,7061632138.766608,307116072.3231112,0.11
2026-10-11T00:30:38+10:00,CC,0.17861026,0.17219123,6948148642.17298,45078005.98934852,-2.48
2026-10-11T00:30:38+10:00,AVAX,15.53154567,15.12332286,6610322766.7835865,450362683.1063953,2.39
2026-10-11T00:30:38+10:00,UNI,11.22164482,10.92534898,6595473348.087448,698044051.0300586,3.08
2026-10-11T00:30:38+10:00,SUI,1.66903745,1.62481388,6374457339.765519,711501036.615165,5.80
2026-10-11T00:30:38+10:00,TON,2.16560115,2.09046399,6283800301.560964,89300040.91757141,-2.34
2026-10-11T00:30:38+10:00,HBAR,0.13758700,0.13393057,5794478832.2467165,128332957.15940575,1.97
2026-10-11T00:30:38+10:00,SHIB,0.00000807,0.00000784,4625657830.623994,83880450.49881823,1.26
2026-10-11T00:30:38+10:00,TAO,419.21037652,408.03273155,4596108866.908234,215344731.33617693,3.09
2026-10-11T00:30:38+10:00,CRO,0.09004567,0.08758859,4325528290.30611,9812001.16067122,-0.50
2026-10-11T00:30:38+10:00,QNT,365.38072795,355.73453217,4297325050.913042,177336087.20304838,-2.93
2026-10-11T00:30:38+10:00,ENA,0.32806489,0.31936739,4178915620.4132633,472491770.7891656,1.41
2026-10-11T00:30:38+10:00,AAVE,255.36935582,248.43511883,3776340512.012768,395973634.28056735,2.07
2026-10-11T00:30:38+10:00,PUMP,0.00839893,0.00817070,3587753880.5062637,284376305.2271219,3.10
2026-10-11T00:30:38+10:00,RLUSD,1.47401003,1.43599392,3503621343.003586,207736295.5524131,-0.15
2026-10-11T00:30:38+10:00,ONDO,0.74065930,0.71495300,3391180725.357363,329401366.02708405,2.96
2026-10-11T00:30:38+10:00,DOT,1.85235917,1.80200109,3091274722.7989006,360590828.6973774,7.18
2026-10-11T00:30:38+10:00,WLD,0.80440685,0.78292356,2828923047.337097,312859790.17531633,10.25
2026-10-11T00:30:38+10:00,ASTER,1.04589087,1.01836017,2771308830.043975,115718713.44409885,1.41
2026-10-11T00:30:38+10:00,WLFI,0.08407767,0.08163524,2638397181.6759267,102515014.4757509,6.18
2026-10-11T00:30:38+10:00,MNT,0.83735591,0.80826501,2600007303.9408145,41594594.96553012,2.62
2026-10-11T00:30:38+10:00,SKY2,0.11363572,0.11028559,2573715491.1512933,23332580.93173198,0.16
2026-10-11T00:30:38+10:00,ICP,4.62059067,4.49209030,2468087289.1682158,100468539.06856123,4.67
2026-10-11T00:30:38+10:00,PEPE,0.00000596,0.00000580,2380034140.9088793,214428431.4938238,3.39
2026-10-11T00:30:38+10:00,ETC,12.28034612,11.95116966,1908213307.1072447,67686643.74852407,0.82
2026-10-11T00:30:38+10:00,MORPHO,3.55323297,3.45906818,1821515623.131023,30652112.23562331,-0.20
2026-10-11T00:30:38+10:00,ARB,0.27446721,0.26700032,1784652905.9356818,182071298.46566027,3.25
2026-10-11T00:30:38+10:00,JUP,0.54495877,0.52883567,1763805902.6360676,130946349.96327879,0.65
2026-10-11T00:30:38+10:00,JST,0.20272879,0.19724451,1671107667.9977422,50940767.20225048,-3.77
2026-10-11T00:30:38+10:00,KAS,0.06150189,0.05909140,1645558886.538878,19179129.26140306,0.22
2026-10-11T00:30:38+10:00,VVV,33.62903065,32.46376031,1557462218.0661428,58634568.34858091,2.39
2026-10-11T00:30:38+10:00,ATOM,2.85083259,2.77328030,1517090699.1919475,306561967.1756293,-1.31
2026-10-11T00:30:38+10:00,MATIC,0.14914584,0.14489179,1514360677.4209554,244635446.248516,1.33
2026-10-11T00:30:38+10:00,ALGO,0.17243415,0.16757327,1485130137.221354,153518761.23378223,-0.49
2026-10-11T00:30:38+10:00,RNDR,2.83890976,2.75608606,1408047874.4076908,56883153.71527066,1.93
2026-10-11T00:30:38+10:00,FIL,1.66638702,1.62022279,1396468182.8361576,209251494.38144428,4.10
2026-10-11T00:30:38+10:00,PI,0.12098369,0.11753084,1318138846.2490594,5147176.71143624,0.71
2026-10-11T00:30:38+10:00,AERO,1.34216909,1.29351038,1160723000.3239543,70877431.17694305,11.17
2026-10-11T00:30:38+10:00,CAKE,3.28359375,3.19510862,1132072940.909481,57993110.94408534,1.87
2026-10-11T00:30:38+10:00,ZRO,2.98188843,2.89953413,1124701046.4045315,170268668.0351239,-2.49
2026-10-11T00:30:38+10:00,NIGHT,0.07082906,0.06879399,1121765715.3307288,29786181.35376209,5.41
2026-10-11T00:30:38+10:00,XDC,0.05264396,0.05034295,1081568461.3914967,30766135.9370351,0.71
2026-10-11T00:30:38+10:00,STABLE,0.04059392,0.03907449,1066008905.5777621,19287288.49672474,8.21
2026-10-11T00:30:38+10:00,APT,1.20506419,1.17000946,1036760146.8278891,192545536.2529527,2.75
2026-10-11T00:30:38+10:00,STX,0.59873375,0.58048070,1015798354.4743809,42024288.31321895,4.74
2026-10-11T00:30:38+10:00,INJ,10.81377242,10.51645542,1000240929.5304253,122638939.30432291,5.16
2026-10-11T00:30:38+10:00,VET,0.01156915,0.01115347,968447640.3749568,22551560.76013353,-0.79
2026-10-11T00:30:38+10:00,DASH,76.04183610,73.97327073,942958926.2717357,87262566.19520102,0.32
2026-10-11T00:30:38+10:00,ETHFI,1.00156972,0.97316667,931090621.7706722,71544434.69690853,-1.39
2026-10-11T00:30:38+10:00,PYTH,0.11545587,0.11212291,896957301.2656814,75929976.65648398,-8.98
2026-10-11T00:30:38+10:00,RAY,3.51447604,3.41261130,880586655.6843537,102030106.91213115,-1.14
2026-10-11T00:30:38+10:00,FLR,0.01045770,0.01003709,879255299.991359,6003082.97745706,1.00
2026-10-11T00:30:38+10:00,LIGHTER,5.55175999,5.33784229,872286676.6576633,52934400.0109316,4.50
2026-10-11T00:30:38+10:00,CRV,0.53070252,0.51606255,806829104.7241204,111259635.2049794,0.86
2026-10-11T00:30:38+10:00,STRK,0.11566783,0.11240895,786218413.0826948,581257529.0361725,8.25
2026-10-11T00:30:38+10:00,NEXO,1.24275925,1.19942110,783074266.031674,9365491.153417,-1.21
2026-10-11T00:30:38+10:00,TRUMP,2.80357063,2.72595706,769727855.8020507,399693341.3640771,2.88
2026-10-11T00:30:38+10:00,PENGU,0.01231484,0.01197976,746561275.3833447,219368543.9888673,3.15
2026-10-11T00:30:38+10:00,FET,0.33704691,0.32783220,730232285.4448308,232910060.83718428,4.12
2026-10-11T00:30:38+10:00,SEI,0.10081959,0.09799098,718912255.3686956,70167920.96824577,3.37
2026-10-11T00:30:38+10:00,VIRTUAL,1.09465065,1.05396612,692889117.2606746,123870830.93125714,3.05
2026-10-11T00:30:38+10:00,TIA,0.72386309,0.70329692,627787204.692103,104341219.99878521,2.58
2026-10-11T00:30:38+10:00,IMX,0.29610375,0.28450355,589331690.7322637,32471699.71903107,6.63
2026-10-11T00:30:38+10:00,XPL,0.12788989,0.12441741,562457986.2435298,84504384.70057335,2.53
2026-10-11T00:30:38+10:00,BCHSV,28.64163047,27.49246512,549573334.1743677,13086697.72896005,1.74
2026-10-11T00:30:38+10:00,PENDLE,3.16137928,3.07315791,528029035.10561407,43449363.32727903,1.47
2026-10-11T00:30:38+10:00,FF,0.16103671,0.15659779,518749573.6422616,8658318.58266651,1.16
2026-10-11T00:30:38+10:00,BTT,0.00000054,0.00000051,514772949.7761012,21284595.10678151,0.00
2026-10-11T00:30:38+10:00,LDO,0.64011205,0.62309137,505236184.18772054,91143486.76686677,3.01
2026-10-11T00:30:38+10:00,SPX,0.55710164,0.53063421,496044266.3580894,7681396.76002115,-1.18
2026-10-11T00:30:38+10:00,XTZ,0.43616561,0.42295035,466266101.9093426,11772735.20689796,0.95
2026-10-11T00:30:38+10:00,OP,0.20040230,0.19483419,464677481.4024297,201029289.12408835,10.42
2026-10-11T00:30:38+10:00,SUN,0.02484171,0.02417474,462247293.53655946,24899289.8175017,0.45
2026-10-11T00:30:38+10:00,KITE,0.19200925,0.18608243,444667137.0597977,22192118.99939229,5.78
2026-10-11T00:30:38+10:00,DCR,25.34237025,24.54776303,442082224.42274725,705323.70565312,-2.08
2026-10-11T00:30:38+10:00,GNO,170.75544760,165.70816078,439635062.61255974,1517525.80911249,-0.11
2026-10-11T00:30:38+10:00,BONK,0.00000503,0.00000487,430171814.64155734,47880139.1835352,2.24
2026-10-11T00:30:38+10:00,GRT,0.03977125,0.03860816,427137582.50690985,25833566.08354064,1.31
2026-10-11T00:30:38+10:00,MON,0.03679449,0.03546629,419066837.08155686,36895894.61516123,0.74
2026-10-11T00:30:38+10:00,LUNA,0.00007616,0.00007153,408451017.422141,13868407.99055594,1.11
2026-10-11T00:30:38+10:00,SYRUP,0.33941990,0.33012508,393461227.5326407,12012596.13973637,-0.50
2026-10-11T00:30:38+10:00,JTO,0.79944061,0.77832620,392955832.4865669,55017506.51927001,4.87
2026-10-11T00:30:38+10:00,AR,6.09452669,5.90241440,392314300.60897154,16502213.07262174,0.37
2026-10-11T00:30:38+10:00,CFX,0.08775883,0.08401686,391003787.48315895,18958329.83928396,17.92
2026-10-11T00:30:38+10:00,ENS,9.40904218,9.12478260,381596726.733467,18788599.59894776,2.43
2026-10-11T00:30:38+10:00,FLOKI,0.00004072,0.00003910,380329548.66871786,52578031.67046559,1.10
2026-10-11T00:30:38+10:00,JASMY,0.00742159,0.00720220,359429266.77150184,17665219.74700106,4.42
2026-10-11T00:30:38+10:00,MIOTA,0.07627362,0.07388778,352591177.98903656,11083846.85276819,2.01
2026-10-11T00:30:38+10:00,COMP,36.59071956,35.52352473,348693287.1505244,26447402.39938581,3.30
2026-10-11T00:30:38+10:00,THETA,0.33660518,0.32453236,335192902.74844396,9199166.19157668,4.51
2026-10-11T00:30:38+10:00,PONS,0.54836221,0.52848647,334747099.3713598,73168398.30864078,7.71
2026-10-11T00:30:38+10:00,KLAY,0.08216760,0.07976946,325780502.6500233,613507.87116988,4.71
2026-10-11T00:30:38+10:00,RUNE,1.02925204,0.99856111,325420841.86944973,15294623.26585283,1.90
2026-10-11T00:30:38+10:00,ZBCN,0.00338528,0.00324881,323756405.9789677,14604157.44973584,-2.10
2026-10-11T00:30:38+10:00,TWT,0.76822281,0.74704969,321350357.67869544,5986444.35188395,1.66
2026-10-11T00:30:38+10:00,AKT,1.09020687,1.04852519,316262514.55282503,11260681.95850002,2.06
2026-10-11T00:30:38+10:00,WIF,0.32174945,0.31290865,314062215.3066758,89060086.17384672,2.54
2026-10-11T00:30:38+10:00,EIGEN,0.33853637,0.32912079,312279539.45017284,45525987.63371961,3.46
2026-10-11T00:30:38+10:00,AXS,1.84646931,1.78621923,306993397.25444263,35285811.91412403,7.22
2026-10-11T00:30:38+10:00,CVX,3.10984305,3.01146520,300344240.0876346,12288826.23021155,2.58
2026-10-11T00:30:38+10:00,TRAC,0.60820509,0.58490037,289742036.7233694,10427183.47260741,1.13
2026-10-11T00:30:38+10:00,BAT,0.19466946,0.18895034,288385267.8550022,127195346.92281333,15.81
2026-10-11T00:30:38+10:00,SAND,0.09967607,0.09695720,287887842.07943785,151056587.3487449,-0.84
2026-10-11T00:30:38+10:00,KMNO,0.05274630,0.05130496,284645584.63623476,10575902.67506432,2.51
2026-10-11T00:30:38+10:00,MANA,0.14076752,0.13629785,271575362.7704248,24024262.14231967,3.65
2026-10-11T00:30:38+10:00,USELESS,0.27677331,0.26647688,258221617.5578155,24179384.49483596,-4.19
2026-10-11T00:30:38+10:00,TEL,0.00273737,0.00259160,255661588.8591389,1486890.78632113,-1.00
2026-10-11T00:30:38+10:00,EOS,0.15357795,0.14777556,247827826.1946883,14101073.18503828,4.56
2026-10-11T00:30:38+10:00,ANS,3.75202554,3.64557953,247313766.17580947,5325863.88808535,6.80
2026-10-11T00:30:38+10:00,XCN,0.00632498,0.00602798,244767141.21290332,10108399.8953904,0.87
2026-10-11T00:30:38+10:00,CHZ,0.02291269,0.02225223,237756583.1490408,22212712.52189386,2.69
2026-10-11T00:30:38+10:00,FARTCOIN,0.24337091,0.23410333,231809499.93212068,17629334.02019993,0.28
2026-10-11T00:30:38+10:00,GRASS,0.96281857,0.92696327,227216776.44007847,37996791.95249754,1.67
2026-10-11T00:30:38+10:00,DEXE,2.75217258,2.67715522,224084908.6023819,18126770.1069488,2.77
2026-10-11T00:30:38+10:00,APE,0.22440345,0.21692879,220610956.26464123,26399748.63061581,7.04
2026-10-11T00:30:38+10:00,ZK,0.02096894,0.02037277,219191714.93165693,124032763.07304464,5.56
2026-10-11T00:30:38+10:00,SENT,0.02920042,0.02834972,212627606.48315784,41403258.11319656,-8.09
2026-10-11T00:30:38+10:00,AIOZ,0.17558849,0.16822507,208597758.1209622,8748578.55515543,7.46
2026-10-11T00:30:38+10:00,SUPER,0.33218778,0.32223681,203799828.9255035,12575070.62097924,1.11
2026-10-11T00:30:38+10:00,SFP,0.42129298,0.40673821,203455996.69193333,1257195.79882965,3.25
2026-10-11T00:30:38+10:00,1INCH,0.14474317,0.14060199,198931017.0803212,8295972.68847508,1.62
2026-10-11T00:30:38+10:00,EDGE,0.53591963,0.51345231,193510653.56629652,6760537.48752822,-0.95
2026-10-11T00:30:38+10:00,GNT,0.19746728,0.19167627,192588689.4739498,4239721.39268994,3.73
2026-10-11T00:30:38+10:00,BEAM,0.00389487,0.00378761,191743772.01094243,18726544.84559374,1.23
2026-10-11T00:30:38+10:00,ATH,0.00993926,0.00936413,188176050.28975853,13781809.58173761,3.16
2026-10-11T00:30:38+10:00,STPT,0.09677517,0.09392998,182295157.83454728,3369270.75095327,5.09
2026-10-11T00:30:38+10:00,FTM,0.06393437,0.06182183,181539168.45517528,55872136.44298008,-1.25
2026-10-11T00:30:38+10:00,EGLD,5.90340281,5.72302903,177961589.70227155,10132386.98101783,-0.62
2026-10-11T00:30:38+10:00,GALA,0.00357809,0.00347056,177237306.04545373,54183375.74529617,8.69
2026-10-11T00:30:38+10:00,PLUME,0.02771316,0.02691502,171559776.34033456,24632717.94779428,4.14
2026-10-11T00:30:38+10:00,DYDX,0.20447656,0.19866328,170961394.63644657,6237881.29251283,2.91
2026-10-11T00:30:38+10:00,IP,0.29077121,0.28078081,170691518.4967213,100200917.89422566,0.77
2026-10-11T00:30:38+10:00,ZEN,9.57591132,9.30978576,168923636.81101012,24954232.21744275,1.53
2026-10-11T00:30:38+10:00,CASHCAT,0.16975232,0.16337119,165552488.27791113,20441245.30222941,2.35
2026-10-11T00:30:38+10:00,GENIUS,0.49830669,0.48406868,164586484.21098474,18644846.27598543,2.24
2026-10-11T00:30:38+10:00,W,0.02613755,0.02537989,159290715.06856564,153791937.57349733,1.92
2026-10-11T00:30:38+10:00,PEAQ,0.06317572,0.06089550,158805559.43910572,15438340.92653321,8.36
2026-10-11T00:30:38+10:00,ZRX,0.18892657,0.18335500,157962910.2740116,9308862.61354095,9.71
2026-10-11T00:30:38+10:00,MINA,0.12722086,0.12324195,156796332.67829922,71767199.56704591,7.10
2026-10-11T00:30:38+10:00,CHIP,0.07658668,0.07440368,149401338.92710838,26319948.43144359,7.36
2026-10-11T00:30:38+10:00,BNX,0.41172149,0.40013858,148316975.70131558,13287971.16126727,3.38
2026-10-11T00:30:38+10:00,PROM,7.69695348,7.48627864,147265102.45533204,16484621.50307517,-0.34
2026-10-11T00:30:38+10:00,NMR,19.87925615,19.32544524,145591023.76833177,60676322.48243102,-1.96
2026-10-11T00:30:38+10:00,QTUM,1.45192197,1.40744333,144453522.62888804,6805087.0290476,5.12
2026-10-11T00:30:38+10:00,RSR,0.00235606,0.00228691,143078983.69698036,5927507.38004451,3.75
2026-10-11T00:30:38+10:00,DOG,0.00144309,0.00137731,138450339.20599806,1130273.89333264,-1.15
2026-10-11T00:30:38+10:00,KSM,7.40686359,7.18786048,138324373.46142372,5945951.43538647,1.88
2026-10-11T00:30:38+10:00,FUN,0.01292800,0.01253255,135166522.22505653,1453330.142639,0.24
2026-10-11T00:30:38+10:00,HNT,0.74211093,0.71161685,133848996.5821616,5069935.38608422,-3.06
2026-10-11T00:30:38+10:00,WEMIX,0.28143928,0.26445801,133019523.80067857,819924.26538029,-0.62
2026-10-11T00:30:38+10:00,MELANIA,0.13634993,0.13152741,132585472.01048835,11874390.2945848,2.06
2026-10-11T00:30:38+10:00,ORDI,6.42730346,6.24387639,132358880.83227631,22858980.92398662,4.71
2026-10-11T00:30:38+10:00,RLC,1.40406450,1.36540655,129591178.11617383,343203146.44839394,-9.41
2026-10-11T00:30:38+10:00,LPT,2.69474362,2.62120181,129201430.58994085,25301355.05691926,6.86
2026-10-11T00:30:38+10:00,SAFE,0.17404798,0.16752348,128634262.77570301,1845822.76250557,9.57
2026-10-11T00:30:38+10:00,VELO,0.00762108,0.00731232,128589271.65655366,6843964.81537826,2.48
2026-10-11T00:30:38+10:00,GMX,12.56011420,12.13768252,128262124.18003036,7646998.07610377,1.28
2026-10-11T00:30:38+10:00,GAS,2.05418981,1.99567144,125544459.2719632,1332451.67364785,5.23
2026-10-11T00:30:38+10:00,YFI,3550.28789372,3441.85175510,124126083.53659716,9113077.95086629,4.46
2026-10-11T00:30:38+10:00,HAV,0.35826838,0.34705458,121125331.0821612,13450484.55839868,5.09
2026-10-11T00:30:38+10:00,RIF,0.12369315,0.12022808,119827736.91498958,10191922.42463965,2.03
2026-10-11T00:30:38+10:00,FTT,0.36680909,0.35465850,119403554.53855813,3829156.29557424,-0.63
2026-10-11T00:30:38+10:00,ZETA,0.06932294,0.06672302,111157415.3689953,6749764.29817669,-0.57
2026-10-11T00:30:38+10:00,BERA,0.32440001,0.31491724,109470396.87836505,21284188.75399204,3.67
2026-10-11T00:30:38+10:00,KAITO,0.46694164,0.45393993,108636825.59762582,16687215.64945004,2.40
2026-10-11T00:30:38+10:00,BOME,0.00155251,0.00150730,107641267.75124782,24780214.31414169,1.63
2026-10-11T00:30:38+10:00,HOT,0.00062142,0.00060257,105866849.2274743,2916072.48103503,4.56
2026-10-11T00:30:38+10:00,TFUEL,0.01446032,0.01395965,105142277.79284556,520079.30560672,1.40
2026-10-11T00:30:38+10:00,BIO,0.04373217,0.04127672,104025502.11874671,14348565.78162238,3.15
2026-10-11T00:30:38+10:00,KAVA,0.09989695,0.09721545,104014520.2347944,12375784.61095014,-1.05
2026-10-11T00:30:38+10:00,ZIL,0.00523193,0.00508028,103325992.35951827,5436076.14251829,3.90
2026-10-11T00:30:38+10:00,RE,0.65557370,0.63772534,101431883.50014707,8821954.89187598,1.05
2026-10-11T00:30:38+10:00,TURBO,0.00148866,0.00143757,98271633.54986806,15227069.74714998,5.69
2026-10-11T00:30:38+10:00,XPR,0.00340675,0.00325611,97550012.7280081,1980462.13505845,1.47
2026-10-11T00:30:38+10:00,SUSHI,0.34928590,0.33973759,97520169.80778211,17084249.22371799,3.66
2026-10-11T00:30:38+10:00,VTHO,0.00105134,0.00101864,96895859.15099461,3855580.27390054,7.69
2026-10-11T00:30:38+10:00,ENJ,0.04684142,0.04553746,96247517.97269458,20484400.40209503,2.36
2026-10-11T00:30:38+10:00,AXL,0.07951703,0.07704353,95824538.23473199,10238791.81413033,5.51
2026-10-11T00:30:38+10:00,CKB,0.00205419,0.00199137,94616773.847904,8553040.39714507,7.52
2026-10-11T00:30:38+10:00,DGB,0.00538949,0.00522231,93587654.73258027,4344343.93546264,-1.76
2026-10-11T00:30:38+10:00,ROSE,0.01189811,0.01156370,93202637.32578097,11205413.53158761,3.06
2026-10-11T00:30:38+10:00,SNEK,0.00132721,0.00124568,89096725.61811209,1606402.88806918,11.20
2026-10-11T00:30:38+10:00,IO,0.22662353,0.21965298,88241237.8516446,36982291.94245627,4.40
2026-10-11T00:30:38+10:00,ASTR,0.01033081,0.01000856,88151465.40936927,1102347.11790529,4.39
2026-10-11T00:30:38+10:00,ALT,0.01205948,0.01166422,87836345.66325991,16055783.65751159,10.52
2026-10-11T00:30:38+10:00,ONT,0.09151821,0.08895156,86963985.39558792,21977623.37164068,3.33
2026-10-11T00:30:38+10:00,ACH,0.00879061,0.00850785,85286531.66072042,4887652.67336726,7.44
2026-10-11T00:30:38+10:00,CELO,0.14081877,0.13699975,85020373.2149185,6532408.42893576,1.74
2026-10-11T00:30:38+10:00,T,0.00799588,0.00776174,84726273.15917666,3455982.89117718,5.09
2026-10-11T00:30:38+10:00,AMP,0.00096741,0.00093256,84049740.16886744,62372443.42306002,-4.93
2026-10-11T00:30:38+10:00,EDU,0.10498666,0.10114735,83674898.06391698,17224244.3163462,5.82
2026-10-11T00:30:38+10:00,ID,0.05551188,0.05351484,83541904.78390706,6597991.78836053,2.02
2026-10-11T00:30:38+10:00,BLUR,0.02769704,0.02665699,79016535.00517878,12822011.38723543,-2.32
2026-10-11T00:30:38+10:00,SC,0.00144604,0.00139740,77732475.80696118,4213916.28049992,1.83
2026-10-11T00:30:38+10:00,BRETT,0.00793215,0.00762876,77613152.63621621,6220075.47134616,1.63
2026-10-11T00:30:38+10:00,POLY,0.06022679,0.05839239,77481632.86218937,1048896.17482032,3.66
2026-10-11T00:30:38+10:00,TRB,28.40382214,27.57520780,77246516.7844733,19369606.06758345,2.62
2026-10-11T00:30:38+10:00,MAGIC,0.15976230,0.15423178,77206661.87897962,499759656.5836828,35.20
2026-10-11T00:30:38+10:00,FLOW,0.04785507,0.04573869,76215230.68504958,5931643.59596044,6.87
2026-10-11T00:30:38+10:00,PHA,0.08982479,0.08722992,76119487.27125184,32467524.01480729,7.64
2026-10-11T00:30:38+10:00,RONIN,0.09718748,0.09425996,76037506.47933343,3384836.12669531,8.05
2026-10-11T00:30:38+10:00,WIN,0.00007890,0.00007573,74306999.81394392,34367597.75534531,1.95
2026-10-11T00:30:38+10:00,XVS,4.62965788,4.48488061,73839386.23239139,3771863.50028306,1.94
2026-10-11T00:30:38+10:00,LSK,0.35635408,0.34648069,73208262.96984193,13407114.00094063,0.23
2026-10-11T00:30:38+10:00,PNUT,0.07333237,0.07130472,72099462.99209836,9075508.38296397,0.45
2026-10-11T00:30:38+10:00,ALLO,0.36224423,0.35221951,71877219.77481376,8877224.09878316,-2.07
2026-10-11T00:30:38+10:00,XYO,0.00542586,0.00516029,71340945.38764302,4251515.52611375,-0.01
2026-10-11T00:30:38+10:00,ANKR,0.00718599,0.00697265,70191031.45939879,8939235.45890415,5.72
2026-10-11T00:30:38+10:00,DUSK,0.12295689,0.11908032,69924582.04140858,4709806.03647956,7.23
2026-10-11T00:30:38+10:00,AVNT,0.19982334,0.19382833,69756914.08725858,56110873.80183155,2.49
2026-10-11T00:30:38+10:00,MASK,0.68914755,0.66857145,68644697.74925058,5341563.39556981,4.09
2026-10-11T00:30:38+10:00,TOSHI,0.00017168,0.00016322,68544636.50707647,3589094.68057293,2.96
2026-10-11T00:30:38+10:00,G,0.00637609,0.00618356,67492149.89660962,6189684.103008,2.95
2026-10-11T00:30:38+10:00,NOT,0.00069798,0.00067574,67480844.22429234,5882107.84285426,5.42
2026-10-11T00:30:38+10:00,POPCAT,0.07145596,0.06806894,67404115.14831142,12458113.22148125,1.94
2026-10-11T00:30:38+10:00,SSV,4.27330381,4.15059488,67226919.63376349,9541243.36744168,2.08
2026-10-11T00:30:38+10:00,XVG,0.00433200,0.00418362,67192416.11564676,2205348.50357248,5.89
2026-10-11T00:30:38+10:00,BARD,0.18244740,0.17718578,65152269.83266183,4833922.94496628,1.15
2026-10-11T00:30:38+10:00,XRB,0.51097051,0.49497242,65077261.59107319,216194.45499961,1.91
2026-10-11T00:30:38+10:00,AGS,3.11090100,2.74437900,64991594.20723356,1.26930592,-0.09
2026-10-11T00:30:38+10:00,SYN,0.28188786,0.27339694,62567016.91646677,11672026.27383603,2.66
2026-10-11T00:30:38+10:00,BAND,0.34810787,0.33815942,62531153.66700189,4921980.78286554,2.33
2026-10-11T00:30:38+10:00,MERL,0.04745955,0.04544611,62044778.62436076,10528729.17750474,0.77
2026-10-11T00:30:38+10:00,REQ,0.08054781,0.07804782,62028498.71547168,883384.12050094,0.77
2026-10-11T00:30:38+10:00,ARK,0.32189670,0.31290865,61772910.27168387,8027379.68179155,0.59
2026-10-11T00:30:38+10:00,MOG,0.00000017,0.00000015,61756368.77189603,14918956.57368657,0.00
2026-10-11T00:30:38+10:00,AURORA,0.09121595,0.08679721,61634942.60200883,1075378.9208182,4.19
2026-10-11T00:30:38+10:00,RPL,2.80504309,2.71878349,61432265.66188118,12762617.08978982,4.41
2026-10-11T00:30:38+10:00,CSPR,0.00365872,0.00348219,61110203.80162746,5590274.71285742,-0.35
2026-10-11T00:30:38+10:00,ONG,0.12793406,0.12431698,60980265.73528661,1979564.06645936,-0.32
2026-10-11T00:30:38+10:00,MOVE,0.01346784,0.01306153,60691007.20484746,88487213.83737826,3.16
2026-10-11T00:30:38+10:00,MEW,0.00071249,0.00068154,60495713.23223902,5457642.45174179,1.98
2026-10-11T00:30:38+10:00,MOODENG,0.06250915,0.05969276,59781478.82271929,7050961.44626419,2.05
2026-10-11T00:30:38+10:00,AUS,198.91404600,189.24057900,59276456.43079,,0.13
2026-10-11T00:30:38+10:00,LISTA,0.12074808,0.11592397,55881049.0901886,3076989.60091873,0.96
2026-10-11T00:30:38+10:00,COTI,0.01940805,0.01883764,55799849.16857103,8577397.59424536,2.02
2026-10-11T00:30:38+10:00,UMA,0.61110306,0.59253221,55669753.36225927,21313115.86658699,-0.15
2026-10-11T00:30:38+10:00,SNT,0.01170226,0.01138149,54861888.28406553,5067302.8892816,1.09
2026-10-11T00:30:38+10:00,RVN,0.00325431,0.00316208,53965782.03646395,6235722.24585612,-0.60
2026-10-11T00:30:38+10:00,WAVES,0.40097691,0.38544719,53557547.07828906,7079819.40937116,3.21
2026-10-11T00:30:38+10:00,MEME,0.00084377,0.00081921,53268028.46836899,9185462.48878537,4.23
2026-10-11T00:30:38+10:00,SAHARA,0.01300251,0.01261103,53266991.00108816,10159667.92802811,2.29
2026-10-11T00:30:38+10:00,RATS,0.00005468,0.00005239,52338108.92738187,4411678.56758326,1.26
2026-10-11T00:30:38+10:00,FLUX,0.12663187,0.12022905,51490373.30658888,10097043.48216888,6.55
2026-10-11T00:30:38+10:00,IOTX,0.00552644,0.00535862,51058696.21838278,2698892.67026761,0.82
2026-10-11T00:30:38+10:00,CATI,0.09578857,0.09144794,50885441.08567289,4707813.53766302,-0.49
2026-10-11T00:30:38+10:00,POWR,0.09011930,0.08737339,50676637.23112062,1563896.49577329,-0.64
2026-10-11T00:30:38+10:00,REZ,0.00576058,0.00558673,50420874.46930279,7834979.01699011,1.65
2026-10-11T00:30:38+10:00,PRO,0.52999459,0.50700910,50226204.05608259,1062979.67945363,0.56
2026-10-11T00:30:38+10:00,ETN,0.00287216,0.00276342,49682258.59127835,287087.36341531,1.27
2026-10-11T00:30:38+10:00,STEEM,0.09006040,0.08760294,48996407.46980234,3849575.87590686,1.14
2026-10-11T00:30:38+10:00,LUNA2,0.07124858,0.06815485,48497031.63041984,8878332.81385012,3.54
2026-10-11T00:30:38+10:00,CTSI,0.04953617,0.04811992,47672286.40425108,58224161.27928928,-3.99
2026-10-11T00:30:38+10:00,BNT,0.48107800,0.46584796,47110727.52688781,3307994.08873301,2.59
2026-10-11T00:30:38+10:00,HIVE,0.08098957,0.07876517,46812949.45108354,880969.90996346,1.51
2026-10-11T00:30:38+10:00,MANTA,0.09693715,0.09405910,46719082.20962895,3996541.42753109,6.29
2026-10-11T00:30:38+10:00,ZORA,0.01092577,0.01048525,46300987.08299457,14486680.367978,4.73
2026-10-11T00:30:38+10:00,SKL,0.00737705,0.00713052,46164705.01831828,96926511.06406201,-2.85
2026-10-11T00:30:38+10:00,ORBS,0.01081024,0.01031056,45163017.63604134,5676847.99383842,1.34
2026-10-11T00:30:38+10:00,ONE,0.00307761,0.00298274,44759993.70966242,12869822.05829502,-3.81
2026-10-11T00:30:38+10:00,IOST,0.00126786,0.00123098,43928690.26106975,7230664.04460925,3.59
2026-10-11T00:30:38+10:00,UST,0.00870981,0.00747412,43502750.68660975,1468151.53642288,9.14
2026-10-11T00:30:38+10:00,ILV,5.91930353,5.71016269,43331146.84103675,3837528.33062524,4.82
2026-10-11T00:30:38+10:00,FXS,0.46149326,0.44690988,42749352.39802052,998333.97856422,4.56
2026-10-11T00:30:38+10:00,CORE,0.02968931,0.02877439,42630395.02049258,3383388.78370127,4.00
2026-10-11T00:30:38+10:00,MANTRA,0.00670005,0.00647050,42403013.76570072,5458273.8728336,3.73
2026-10-11T00:30:38+10:00,MTL,0.46708890,0.45336605,42292200.41913075,689686.06755478,2.27
2026-10-11T00:30:38+10:00,ARKM,0.19245099,0.18622590,42139441.90181402,42111066.51476658,5.86
2026-10-11T00:30:38+10:00,PUNDIX,0.16963632,0.16484733,41871428.45954299,901146.31975676,3.45
2026-10-11T00:30:38+10:00,KNC,0.20335743,0.19741509,41709840.19037133,4941634.18237377,3.77
2026-10-11T00:30:38+10:00,GMT,0.01295768,0.01251070,41632491.82105694,66812620.78560529,7.82
2026-10-11T00:30:38+10:00,PIXEL,0.00964513,0.00936860,41072057.5764307,85581230.65418686,12.38
2026-10-11T00:30:38+10:00,OSMO,0.05094980,0.04906683,39413842.00756917,4117867.56071973,0.14
2026-10-11T00:30:38+10:00,METIS,4.94772598,4.79190698,39275583.13968613,3634527.11951187,0.45
2026-10-11T00:30:38+10:00,CYBER,0.51388979,0.49784584,39086460.15467839,50906245.93589556,0.43
2026-10-11T00:30:38+10:00,YGG,0.04105435,0.03982734,39004578.36793856,18748499.97152144,8.31
2026-10-11T00:30:38+10:00,OGN,0.05097925,0.04959767,38964406.48588209,148225986.3466651,-6.90
2026-10-11T00:30:38+10:00,WAX,0.00862864,0.00835003,38864997.17879977,1394329.73969898,2.47
2026-10-11T00:30:38+10:00,API3,0.45484400,0.44189198,38666026.03049892,85584970.34215865,-10.07
2026-10-11T00:30:38+10:00,CETUS,0.03996438,0.03822971,38554133.76353165,3629300.5946373,6.70
2026-10-11T00:30:38+10:00,CVC,0.03803565,0.03697228,37739433.57750492,13681805.13628392,2.97
2026-10-11T00:30:38+10:00,AUCT,5.51465291,5.35287573,37690283.4751615,10000141.034288,1.50
2026-10-11T00:30:38+10:00,FLIP,0.44171154,0.42439282,37689737.8784274,57639.11998362,-2.08
2026-10-11T00:30:38+10:00,1000SATS,0.00001762,0.00001710,36633630.14086747,2027579.52201713,3.23
2026-10-11T00:30:38+10:00,BIGTIME,0.01279809,0.01219914,36484066.16847714,19969396.38162619,6.00
2026-10-11T00:30:38+10:00,AEVO,0.03855104,0.03728792,36051552.74051077,12157969.95661367,-1.61
2026-10-11T00:30:38+10:00,WOO,0.01948070,0.01834999,35257017.83139755,1973659.20857022,5.37
2026-10-11T00:30:38+10:00,CELR,0.00463090,0.00447486,35238758.74744517,2658831.4045258,7.80
2026-10-11T00:30:38+10:00,SLP,0.00097183,0.00093830,35042002.90896645,2842225.87759756,5.98
2026-10-11T00:30:38+10:00,DEGEN,0.00148423,0.00142323,35037589.80011645,4941635.15117596,-0.24
2026-10-11T00:30:38+10:00,AUDIO,0.02442940,0.02370128,34860991.5218152,30965760.53525891,-3.92
2026-10-11T00:30:38+10:00,STRAX,0.01605066,0.01558087,34316372.96939467,849738.48412579,2.77
2026-10-11T00:30:38+10:00,XAI,0.01394423,0.01351500,33664177.80661537,35582851.5530854,7.98
2026-10-11T00:30:38+10:00,CHR,0.03411870,0.03314163,33507389.105714,12231305.884972,5.67
2026-10-11T00:30:38+10:00,IQ,0.00127227,0.00119940,33228409.59835289,806131.18626468,4.07
2026-10-11T00:30:38+10:00,DOGS,0.00006533,0.00006320,33120978.04920963,4274590.66654109,2.56
2026-10-11T00:30:38+10:00,MPLX,0.07106466,0.06918136,32991570.99764989,1654459.88376327,-3.03
2026-10-11T00:30:38+10:00,LQTY,0.34411474,0.33242329,32604499.05574388,2855307.32965451,2.31
2026-10-11T00:30:38+10:00,DIA,0.27065240,0.26197671,31988017.51748551,10630336.02994884,5.96
2026-10-11T00:30:38+10:00,MOVR,2.61656776,2.54231364,31903804.77050495,18006906.71551076,-9.18
2026-10-11T00:30:38+10:00,CTK,0.19290242,0.18722870,31602905.79373412,2449955.37802688,8.19
2026-10-11T00:30:38+10:00,XCH,2.25298237,2.18361749,31256895.06335755,1370181.83005042,-2.07
2026-10-11T00:30:38+10:00,CGPT,0.03461704,0.03328992,30871998.63091546,8092627.8908685,1.78
2026-10-11T00:30:38+10:00,ACE,0.28197678,0.27345653,30851712.36011182,24325411.86531341,0.70
2026-10-11T00:30:38+10:00,FIDA,0.03154176,0.03064524,30436998.27757676,15529664.95164795,6.30
2026-10-11T00:30:38+10:00,QI,0.00411722,0.00399277,28926548.36706213,2596434.11510705,0.75
2026-10-11T00:30:38+10:00,BICO,0.02864086,0.02781888,28581200.02903857,14301248.12800612,0.42
2026-10-11T00:30:38+10:00,TNSR,0.05463115,0.05294052,28230580.66832048,8443796.06023503,1.77
2026-10-11T00:30:38+10:00,ATOR,0.30469505,0.29237859,28220935.62634333,499976.50658492,-0.73
2026-10-11T00:30:38+10:00,QKC,0.00398911,0.00385648,27890848.67686447,625336.89784007,1.12
2026-10-11T00:30:38+10:00,DAG,0.01006812,0.00949872,27665191.4773868,929757.58231604,-0.94
2026-10-11T00:30:38+10:00,AGLD,0.29509652,0.28636665,27536573.13512879,7464230.5064692,4.72
2026-10-11T00:30:38+10:00,RAD,0.46677095,0.44906555,27481164.76363689,86346477.38085073,-20.72
2026-10-11T00:30:38+10:00,XYM,0.00441762,0.00410324,27363874.60702568,9152.33722758,3.30
2026-10-11T00:30:38+10:00,SPELL,0.00014048,0.00013601,26551934.27318674,4713626.1662757,1.78
2026-10-11T00:30:38+10:00,DODO,0.02756591,0.02678589,26474375.36692302,10132079.20075848,2.83
2026-10-11T00:30:38+10:00,TAIKO,0.12590705,0.12141873,26349351.64548765,5713911.95790632,1.90
2026-10-11T00:30:38+10:00,C98,0.02666766,0.02588203,26286301.89105049,26238422.81848581,15.00
2026-10-11T00:30:38+10:00,ALICE,0.25283469,0.24562110,26055946.49840784,14938485.85113441,2.78
2026-10-11T00:30:38+10:00,JOE,0.05757333,0.05566691,25837982.66437983,6618962.79758658,4.96
2026-10-11T00:30:38+10:00,ANIME,0.00472685,0.00456235,25466246.14137491,4836740.36791803,4.42
2026-10-11T00:30:38+10:00,ARPA,0.01803859,0.01747467,25175191.91304706,9497722.49678417,11.19
2026-10-11T00:30:38+10:00,STG,0.27442505,0.25876417,24974268.10852571,265663.10331853,0.00
2026-10-11T00:30:38+10:00,CHEEL,0.44323379,0.42639363,24511901.94194957,230623.68857062,-0.84
2026-10-11T00:30:38+10:00,AVA,0.34781336,0.33787248,24172740.754898,18055745.7049632,0.06
2026-10-11T00:30:38+10:00,GOAT,0.02466297,0.02369669,23789343.27995329,3840135.00841212,3.33
2026-10-11T00:30:38+10:00,CAT,0.00000305,0.00000291,22992100.19029803,903506.16191227,1.33
2026-10-11T00:30:38+10:00,GTC,0.28883846,0.28002752,22934755.02187184,39336280.15684579,6.55
2026-10-11T00:30:38+10:00,BANANA,5.67810457,5.50638892,22438678.06634859,6210332.13395938,0.79
2026-10-11T00:30:38+10:00,ORN,0.17184513,0.16699939,21873080.47149287,2548558.21578525,46.25
2026-10-11T00:30:38+10:00,ZENT,0.00273597,0.00265276,21301622.2243377,4329090.25487934,-0.20
2026-10-11T00:30:38+10:00,MBL,0.00111030,0.00107746,21058831.30905121,3642413.69356908,1.46
2026-10-11T00:30:38+10:00,PORTAL,0.02479754,0.02397388,21007759.33455676,15280652.11947259,4.90
2026-10-11T00:30:38+10:00,BONE,0.09405097,0.08829160,20473193.3082833,4067251.45467383,-0.66
2026-10-11T00:30:38+10:00,POND,0.00249445,0.00237539,20117489.92576146,1847318.38870872,-2.75
2026-10-11T00:30:38+10:00,MAV,0.01744870,0.01685789,19864199.24963946,2189299.17949085,6.46
2026-10-11T00:30:38+10:00,LRC,0.01491629,0.01426097,19758603.82148931,3667683.97528322,0.55
2026-10-11T00:30:38+10:00,RARE,0.02394346,0.02324218,19449812.06870146,15734010.87679597,-2.55
2026-10-11T00:30:38+10:00,OG,4.10543453,3.99421229,19421517.55620206,3103536.61112689,1.38
2026-10-11T00:30:38+10:00,RIO,0.09020870,0.08599538,19007041.14686335,349615.18521409,0.62
2026-10-11T00:30:38+10:00,GLMR,0.01571640,0.01520784,18776406.80611,9901235.52569357,-4.01
2026-10-11T00:30:38+10:00,AI,0.03136348,0.02984205,18553836.49502285,11829724.59846537,6.35
2026-10-11T00:30:38+10:00,STORJ,0.04340090,0.04166609,17726531.85362728,3118020.36127823,0.88
2026-10-11T00:30:38+10:00,DYM,0.02704916,0.02615484,17393315.34320561,5914430.68855227,4.88
2026-10-11T00:30:38+10:00,PONKE,0.03175821,0.03026877,17031646.49088951,3784880.90432712,-1.25
2026-10-11T00:30:38+10:00,BB,0.01401856,0.01357228,16686641.97685065,5390614.30464973,6.46
2026-10-11T00:30:38+10:00,DRIFT,0.02781806,0.02667489,16500278.15975234,2986403.75426478,0.50
2026-10-11T00:30:38+10:00,NAKA,0.17157427,0.15907571,16381420.43831223,685719.37989518,-7.18
2026-10-11T00:30:38+10:00,WAN,0.08515760,0.08142786,16240888.71485722,149468.65387326,-0.34
2026-10-11T00:30:38+10:00,CHILLGUY,0.01624942,0.01562120,15714454.85938277,5552506.59031802,-0.24
2026-10-11T00:30:38+10:00,HMSTR,0.00024297,0.00023558,15334041.69175899,4047284.0900144,2.78
2026-10-11T00:30:38+10:00,TLM,0.00216895,0.00208607,15160045.88478773,5066246.30078142,4.92
2026-10-11T00:30:38+10:00,ADX,0.10690623,0.10372900,15106553.78918259,6004460.35433289,2.39
2026-10-11T00:30:38+10:00,OXT,0.01513769,0.01459092,15040011.69056878,4412297.42105557,1.16
2026-10-11T00:30:38+10:00,TKO,0.08496542,0.08177805,14983750.07409142,876982.1441798,3.26
2026-10-11T00:30:38+10:00,LIT,0.18332172,0.17704373,14640212.72503747,8506276.33339358,1.65
2026-10-11T00:30:38+10:00,EWT,0.50770164,0.48710674,14514498.77211845,414531.74728139,-0.82
2026-10-11T00:30:38+10:00,BEL,0.18612874,0.18091600,14463317.77185198,3029313.30885405,5.29
2026-10-11T00:30:38+10:00,SAGA,0.03269034,0.03170692,14272594.38720668,20284457.61861183,1.03
2026-10-11T00:30:38+10:00,ACT,0.01497571,0.01444745,13711374.70085232,38874195.08265849,2.69
2026-10-11T00:30:38+10:00,COOKIE,0.01756738,0.01700122,13692208.56661048,1854740.45229002,3.05
2026-10-11T00:30:38+10:00,PAAL,0.01396828,0.01333028,13566227.08641072,465838.99252966,-2.30
2026-10-11T00:30:38+10:00,ATM,1.52996646,1.48635198,13556803.44134132,4585501.88193443,1.51
2026-10-11T00:30:38+10:00,GNS,0.59340282,0.56814684,13470765.12798759,665320.32674357,3.45
2026-10-11T00:30:38+10:00,COQ,0.00000020,0.00000018,12930362.42796449,4214984.00289254,0.00
2026-10-11T00:30:38+10:00,WRX,0.03367694,0.03137694,12855392.4644132,18678.28690422,-5.71
2026-10-11T00:30:38+10:00,AVAAI,0.01312396,0.01258573,12577638.60638638,222539.9757551,-1.60
2026-10-11T00:30:38+10:00,TOKEN,0.00320545,0.00304978,12063836.28077196,1727692.24760485,4.86
2026-10-11T00:30:38+10:00,PRIME,0.34310124,0.33141632,11886974.98897684,504165.10583759,2.04
2026-10-11T00:30:38+10:00,DSYNC,0.01264996,0.01208460,11828002.68672565,891309.81260606,0.20
2026-10-11T00:30:38+10:00,BAR,0.41820065,0.40602086,11619622.77806452,3901167.96741252,0.92
2026-10-11T00:30:38+10:00,ELA,0.54214092,0.51287959,11552518.04779759,113504.69271961,1.85
2026-10-11T00:30:38+10:00,ALPINE,0.53600365,0.52079707,11466193.80430369,4899533.77731791,-0.42
2026-10-11T00:30:38+10:00,PSG,0.67883979,0.65852853,11440465.21881788,2939314.14858437,1.17
2026-10-11T00:30:38+10:00,MAVIA,0.04624492,0.04447247,11290222.10389371,796254.78533022,2.35
2026-10-11T00:30:38+10:00,ASR,1.28552524,1.24962604,11285855.86532187,3930227.62213808,1.71
2026-10-11T00:30:38+10:00,BLAST,0.00009497,0.00009130,11112456.80765403,1540855.80522285,-0.46
2026-10-11T00:30:38+10:00,ORAI,0.78358619,0.73882152,10786077.33155427,321579.47431385,1.19
2026-10-11T00:30:38+10:00,VINE,0.01118351,0.01068141,10671978.44283004,5386653.30521412,-0.54
2026-10-11T00:30:38+10:00,GHX,0.01692784,0.01614382,10640537.2684913,366379.91453112,-1.49
2026-10-11T00:30:38+10:00,ZEUS,0.01056138,0.01012300,10505494.75013805,20679523.42458709,-21.95
2026-10-11T00:30:38+10:00,LYXE,0.35920539,0.33647879,10402847.68989155,244936.30113788,-1.45
2026-10-11T00:30:38+10:00,QUICK,0.01602121,0.01529393,10146155.40214718,957698.06266849,0.32
2026-10-11T00:30:38+10:00,WILD,0.02138939,0.02028895,9964171.6493365,174934.72288804,-8.89
2026-10-11T00:30:38+10:00,RBNT,0.00329996,0.00320512,9926498.72879919,225899.94962245,-5.15
2026-10-11T00:30:38+10:00,NOM,0.00333955,0.00323959,9518765.92900866,6750728.61058773,-0.67
2026-10-11T00:30:38+10:00,ALCX,3.75938822,3.64271013,9457507.42678987,232488.77189673,1.24
2026-10-11T00:30:38+10:00,BADGER,0.49653965,0.45767015,9114716.65730386,3330.52729379,0.08
2026-10-11T00:30:38+10:00,HFT,0.01001332,0.00953595,9100950.96263163,2987982.21742018,-1.46
2026-10-11T00:30:38+10:00,SUPRA,0.00021479,0.00020274,8944255.34544144,369336.18958911,2.67
2026-10-11T00:30:38+10:00,DENT,0.00009051,0.00008691,8839713.91430563,44307.75425534,-0.79
2026-10-11T00:30:38+10:00,BRISE,0.00000002,0.00000002,8668580.2568627,780095.95073058,1.33
2026-10-11T00:30:38+10:00,POLS,0.10694693,0.10037090,8337435.57254986,104531.51470782,24.08
2026-10-11T00:30:38+10:00,LAZIO,0.61699321,0.59683631,7871133.43341432,7684712.90912785,-1.09
2026-10-11T00:30:38+10:00,FARM,11.59476022,11.12898877,7828580.50488711,248731.62024921,2.64
2026-10-11T00:30:38+10:00,JUV,0.49182753,0.47775599,7794756.62874263,2837712.67972248,1.37
2026-10-11T00:30:38+10:00,LMWR,0.01510885,0.01420370,7616510.54783482,1392414.26116271,0.54
2026-10-11T00:30:38+10:00,ELIZAOS,0.00058658,0.00055697,7342414.17992039,13170077.90799288,-14.87
2026-10-11T00:30:38+10:00,NKN,0.00931822,0.00887364,7270967.36322485,87776.39921176,1.58
2026-10-11T00:30:38+10:00,CITY,0.52275081,0.50788475,7090624.91874791,2091438.21330108,1.28
2026-10-11T00:30:38+10:00,SCR,0.03785894,0.03671404,7076135.57060733,10313806.67241663,-2.58
2026-10-11T00:30:38+10:00,XEM,0.00086498,0.00081018,6961102.31589134,292318.41789873,5.51
2026-10-11T00:30:38+10:00,BLZ,0.01482741,0.01423233,6843769.58483585,122530.33823975,-0.05
2026-10-11T00:30:38+10:00,MDT,0.01045797,0.01000848,6817350.9666127,173050.10980976,0.36
2026-10-11T00:30:38+10:00,WEN,0.00000925,0.00000883,6766474.63027963,259450.60404916,-3.72
2026-10-11T00:30:38+10:00,MLN,2.13135077,2.04373398,6584454.61069098,83596.43702881,1.35
2026-10-11T00:30:38+10:00,TRIAS,0.25636878,0.24361251,6565624.49265746,202255.65183276,-4.22
2026-10-11T00:30:38+10:00,AERGO,0.00872462,0.00823299,6524211.44810438,24681.24657202,1.06
2026-10-11T00:30:38+10:00,XRD,0.00066898,0.00063701,6110051.95155563,220370.72646789,-3.89
2026-10-11T00:30:38+10:00,SWELL,0.00117168,0.00112111,5928896.57314062,799844.31206878,0.11
2026-10-11T00:30:38+10:00,ACM,0.42114573,0.40745556,5887300.01869547,1776099.66290355,0.91
2026-10-11T00:30:38+10:00,NIM,0.00041905,0.00039833,5730013.31233795,8502.15944228,2.16
2026-10-11T00:30:38+10:00,BTS,0.00192403,0.00184860,5683832.83288409,107644.91136513,-0.78
2026-10-11T00:30:38+10:00,TX,0.00207628,0.00201144,5060748.17736051,159363.87406921,-3.31
2026-10-11T00:30:38+10:00,GFI,0.05907821,0.05447566,5001644.30842324,186780.54905776,2.41
2026-10-11T00:30:38+10:00,NEON,0.02073764,0.01947281,4946524.5062663,1951009.82358296,-8.03
2026-10-11T00:30:38+10:00,HTR,0.01004294,0.00966481,4931228.72578689,111079.21800514,3.20
2026-10-11T00:30:38+10:00,KDA,0.01456929,0.01406726,4797587.86270748,10509.48475212,3.45
2026-10-11T00:30:38+10:00,GHST,0.09329998,0.09040061,4726734.09174167,108647.65273612,-0.60
2026-10-11T00:30:38+10:00,HIGH,0.04902969,0.04639111,4610222.49244621,14870693.69274899,-2.80
2026-10-11T00:30:38+10:00,RSS3,0.00451334,0.00426536,4474255.08165727,177422.42307719,-6.18
2026-10-11T00:30:38+10:00,REN,0.00402150,0.00383639,3832077.41096169,18311.01156411,-1.49
2026-10-11T00:30:38+10:00,BCAU,0.03888501,0.03712500,3656615.80218403,3.40852074,0.00
2026-10-11T00:30:38+10:00,PRCL,0.00937638,0.00886299,3552417.83052076,200908.09322861,3.79
2026-10-11T00:30:38+10:00,ERN,0.68414092,0.66498469,3140432.43955153,1267.93520797,-1.24
2026-10-11T00:30:38+10:00,MYRO,0.00319212,0.00305837,2912992.54421904,191567.87934652,-1.61
2026-10-11T00:30:38+10:00,AZERO,0.01066507,0.01020890,2819984.0837647,110538.9563625,-5.52
2026-10-11T00:30:38+10:00,UOS,0.00528366,0.00508870,2475178.74221347,1009773.14081419,-1.93
2026-10-11T00:30:38+10:00,DAR,0.00438453,0.00405206,2129274.87104027,110696.16308536,-0.14
2026-10-11T00:30:38+10:00,SUNDOG,0.00217746,0.00206182,2094070.74218399,978525.18135233,-4.68
2026-10-11T00:30:38+10:00,PERP,0.03304817,0.03127077,1971293.91526766,26076.38190655,5.65
2026-10-11T00:30:38+10:00,SOUL,0.01626423,0.01553529,1907538.46022624,29001.03649877,2.66
2026-10-11T00:30:38+10:00,CHEQ,0.00271071,0.00253003,1713180.52111998,224441.12868769,-3.17
2026-10-11T00:30:38+10:00,YFII,43.91106802,41.50594884,1673982.51903901,49194.9385053,-9.32
2026-10-11T00:30:38+10:00,HOOK,0.00456045,0.00437870,1669245.59070738,71831.13242644,-4.76
2026-10-11T00:30:38+10:00,VOXEL,0.00643057,0.00614339,1537550.85342206,55127.39157744,4.50
2026-10-11T00:30:38+10:00,PYR,0.28440180,0.25443524,1521576.25573228,1136523.39632692,89.55
2026-10-11T00:30:38+10:00,SHR,0.00035669,0.00033490,1241971.95061146,84317.03624572,-1.02
2026-10-11T00:30:38+10:00,RDNT,0.00091341,0.00088004,1208189.84550899,697244.6144266,0.16
2026-10-11T00:30:38+10:00,IDEX,0.00077293,0.00074174,822348.2869685,168039.16541402,-24.50
2026-10-11T00:30:38+10:00,LTO,0.00275365,0.00262694,788664.48432514,861.60497135,3.17
2026-10-11T00:30:38+10:00,TOMO,0.00601826,0.00574885,725284.35994334,249938.70677776,5.56
2026-10-11T00:30:38+10:00,FIO,0.00071418,0.00067517,633602.17983241,9314.46306838,3.45
2026-10-11T00:30:38+10:00,XMN,0.00068494,0.00064560,626303.57814847,143890.28175183,0.64
2026-10-11T00:30:38+10:00,ACA,0.00045709,0.00043815,571072.96043172,9915.55590909,-10.40
2026-10-11T00:30:38+10:00,MTV,0.00014198,0.00013720,492328.82557005,62164.49419141,-0.34
2026-10-11T00:30:38+10:00,A2Z,0.00004939,0.00004758,409236.42743318,44822.2279793,33.67
2026-10-11T00:30:38+10:00,POLK,0.00447947,0.00403581,395005.0607826,4.24806412,-0.14
2026-10-11T00:30:38+10:00,GLQ,0.00112017,0.00102911,361147.67649248,84745.62703374,-0.16
2026-10-11T00:30:38+10:00,FIS,0.00200266,0.00180486,291363.82018346,51497.67082568,-16.85
2026-10-11T00:30:38+10:00,RFOX,0.00030556,0.00029425,256287.11562814,11.80165383,0.63
2026-10-11T00:30:38+10:00,NFP,0.00038875,0.00037374,230357.92070764,184721.85360773,-0.75
2026-10-11T00:30:38+10:00,CHO,0.00040587,0.00034363,203893.39313462,57992.49897897,2.47
2026-10-11T00:30:38+10:00,LL,0.00177011,0.00170673,139421.50340173,13432.99159392,-0.48
2026-10-11T00:30:38+10:00,DEGO,0.00499928,0.00477325,105104.91059799,30789.84814595,-0.64
2026-10-11T00:30:38+10:00,NYAN,0.00076484,0.00071706,72445.03381824,1859.12280541,-2.15
2026-10-11T00:45:31+10:00,BTC,120675.11071644,119486.17897944,2374315013226.398,32697060920.357464,-0.01
2026-10-11T00:45:31+10:00,ETH,3696.61414787,3601.83027703,435162068943.40497,11747055553.57039,1.00
2026-10-11T00:45:31+10:00,USDT,1.45332184,1.43878844,263566677316.4198,80070866037.84401,-0.11
2026-10-11T00:45:31+10:00,BNB,1108.69569022,1080.11350133,141923512204.32922,1773100212.1681993,1.66
2026-10-11T00:45:31+10:00,XRP,2.07626485,2.02266673,126613015719.16536,2731026105.9385123,1.95
2026-10-11T00:45:31+10:00,USDC,1.45555494,1.43851125,104374610554.57994,18406797578.46502,-0.18
2026-10-11T00:45:31+10:00,SOL,162.85642595,158.66695618,92378756351.61758,3355366146.4281273,0.67
2026-10-11T00:45:31+10:00,TRX,0.48818651,0.47550813,44966782528.652626,581613314.2380277,-0.52
2026-10-11T00:45:31+10:00,HYPE,127.32930650,122.83367110,30572557063.952747,916543826.9705716,0.44
2026-10-11T00:45:31+10:00,ZEC,1823.54441723,1775.58897427,29331636895.341766,1214674993.7977023,1.79
2026-10-11T00:45:31+10:00,DOGE,0.12730244,0.12401011,19292376483.25338,888177166.32566,2.16
2026-10-11T00:45:31+10:00,WBTC,122065.51400173,118915.54024869,13742028972.903315,182046769.59901753,0.03
2026-10-11T00:45:31+10:00,LINK,19.48182142,18.96945871,13715181155.470184,288274199.33449924,3.47
2026-10-11T00:45:31+10:00,ADA,0.38115647,0.37093937,13177603353.560087,806304182.0708294,8.58
2026-10-11T00:45:31+10:00,STR,0.29179302,0.28388202,9822187169.600128,172876281.07568747,2.74
2026-10-11T00:45:31+10:00,NEAR,7.96909993,7.76192839,9277140963.699411,1376601845.7336624,13.89
2026-10-11T00:45:31+10:00,BCC,413.83964323,402.51286415,8031117093.777832,288263659.92982846,2.38
2026-10-11T00:45:31+10:00,LTC,94.51620454,92.00703886,7061632138.766608,307116072.3231112,1.10
2026-10-11T00:45:31+10:00,CC,0.17937085,0.17302251,6948148642.17298,45078005.98934852,-1.50
2026-10-11T00:45:31+10:00,AVAX,15.56867388,15.15744936,6610322766.7835865,450362683.1063953,3.54
2026-10-11T00:45:31+10:00,UNI,11.28452816,10.98662161,6595473348.087448,698044051.0300586,4.41
2026-10-11T00:45:31+10:00,SUI,1.67125850,1.62755201,6374457339.765519,711501036.615165,6.99
2026-10-11T00:45:31+10:00,TON,2.16660784,2.08869637,6283800301.560964,89300040.91757141,-2.01
2026-10-11T00:45:31+10:00,HBAR,0.13762267,0.13395100,5794478832.2467165,128332957.15940575,2.70
2026-10-11T00:45:31+10:00,SHIB,0.00000807,0.00000782,4625657830.623994,83880450.49881823,1.89
2026-10-11T00:45:31+10:00,TAO,417.81462379,406.65627839,4596108866.908234,215344731.33617693,3.62
2026-10-11T00:45:31+10:00,CRO,0.09009956,0.08766058,4325528290.30611,9812001.16067122,0.61
2026-10-11T00:45:31+10:00,QNT,367.08209407,357.44175156,4297325050.913042,177336087.20304838,-1.07
2026-10-11T00:45:31+10:00,ENA,0.32815673,0.31930048,4178915620.4132633,472491770.7891656,2.71
2026-10-11T00:45:31+10:00,AAVE,254.45764474,247.67594841,3776340512.012768,395973634.28056735,2.82
2026-10-11T00:45:31+10:00,PUMP,0.00843726,0.00820948,3587753880.5062637,284376305.2271219,4.14
2026-10-11T00:45:31+10:00,RLUSD,1.47368724,1.43576309,3503621343.003586,207736295.5524131,-0.11
2026-10-11T00:45:31+10:00,ONDO,0.73894212,0.71267637,3391180725.357363,329401366.02708405,3.60
2026-10-11T00:45:31+10:00,DOT,1.84468543,1.79445151,3091274722.7989006,360590828.6973774,7.50
2026-10-11T00:45:31+10:00,WLD,0.80883494,0.78738172,2828923047.337097,312859790.17531633,12.03
2026-10-11T00:45:31+10:00,ASTER,1.04497823,1.01742962,2771308830.043975,115718713.44409885,1.56
2026-10-11T00:45:31+10:00,WLFI,0.08391626,0.08147801,2638397181.6759267,102515014.4757509,6.23
2026-10-11T00:45:31+10:00,MNT,0.84176343,0.81185723,2600007303.9408145,41594594.96553012,3.69
2026-10-11T00:45:31+10:00,SKY2,0.11458250,0.11117158,2573715491.1512933,23332580.93173198,1.27
2026-10-11T00:45:31+10:00,ICP,4.63894955,4.51123102,2468087289.1682158,100468539.06856123,5.77
2026-10-11T00:45:31+10:00,PEPE,0.00000597,0.00000581,2380034140.9088793,214428431.4938238,4.21
2026-10-11T00:45:31+10:00,ETC,12.30771760,11.96349710,1908213307.1072447,67686643.74852407,1.57
2026-10-11T00:45:31+10:00,MORPHO,3.55098264,3.45564322,1821515623.131023,30652112.23562331,-0.22
2026-10-11T00:45:31+10:00,ARB,0.27412644,0.26666835,1784652905.9356818,182071298.46566027,4.03
2026-10-11T00:45:31+10:00,JUP,0.54722233,0.53147190,1763805902.6360676,130946349.96327879,0.61
2026-10-11T00:45:31+10:00,JST,0.20310679,0.19759852,1671107667.9977422,50940767.20225048,-3.71
2026-10-11T00:45:31+10:00,KAS,0.06171056,0.05926801,1645558886.538878,19179129.26140306,0.54
2026-10-11T00:45:31+10:00,VVV,33.64388031,32.46713161,1557462218.0661428,58634568.34858091,3.99
2026-10-11T00:45:31+10:00,ATOM,2.87081930,2.79291712,1517090699.1919475,306561967.1756293,-1.18
2026-10-11T00:45:31+10:00,MATIC,0.14932677,0.14501078,1514360677.4209554,244635446.248516,2.42
2026-10-11T00:45:31+10:00,ALGO,0.17416304,0.16926770,1485130137.221354,153518761.23378223,0.69
2026-10-11T00:45:31+10:00,RNDR,2.84431943,2.76135874,1408047874.4076908,56883153.71527066,3.20
2026-10-11T00:45:31+10:00,FIL,1.66860851,1.62203498,1396468182.8361576,209251494.38144428,4.87
2026-10-11T00:45:31+10:00,PI,0.12116330,0.11778450,1318138846.2490594,5147176.71143624,1.24
2026-10-11T00:45:31+10:00,AERO,1.34113470,1.29230035,1160723000.3239543,70877431.17694305,11.47
2026-10-11T00:45:31+10:00,CAKE,3.27862286,3.19013602,1132072940.909481,57993110.94408534,2.08
2026-10-11T00:45:31+10:00,ZRO,2.98123543,2.89906806,1124701046.4045315,170268668.0351239,-0.17
2026-10-11T00:45:31+10:00,NIGHT,0.07125521,0.06919893,1121765715.3307288,29786181.35376209,7.88
2026-10-11T00:45:31+10:00,XDC,0.05221777,0.04991970,1081568461.3914967,30766135.9370351,0.26
2026-10-11T00:45:31+10:00,STABLE,0.04055541,0.03910241,1066008905.5777621,19287288.49672474,8.04
2026-10-11T00:45:31+10:00,APT,1.20427189,1.16976435,1036760146.8278891,192545536.2529527,3.19
2026-10-11T00:45:31+10:00,STX,0.59963318,0.58196532,1015798354.4743809,42024288.31321895,5.82
2026-10-11T00:45:31+10:00,INJ,10.77661398,10.47881850,1000240929.5304253,122638939.30432291,6.17
2026-10-11T00:45:31+10:00,VET,0.01169528,0.01123477,968447640.3749568,22551560.76013353,0.57
2026-10-11T00:45:31+10:00,DASH,76.09879459,74.03310377,942958926.2717357,87262566.19520102,1.09
2026-10-11T00:45:31+10:00,ETHFI,1.00802563,0.97945753,931090621.7706722,71544434.69690853,-0.45
2026-10-11T00:45:31+10:00,PYTH,0.11475917,0.11142979,896957301.2656814,75929976.65648398,-8.55
2026-10-11T00:45:31+10:00,RAY,3.53022441,3.42824869,880586655.6843537,102030106.91213115,1.19
2026-10-11T00:45:31+10:00,FLR,0.01048502,0.01006410,879255299.991359,6003082.97745706,1.32
2026-10-11T00:45:31+10:00,LIGHTER,5.54313954,5.33268950,872286676.6576633,52934400.0109316,5.13
2026-10-11T00:45:31+10:00,CRV,0.53191129,0.51698373,806829104.7241204,111259635.2049794,2.00
2026-10-11T00:45:31+10:00,STRK,0.11894026,0.11563279,786218413.0826948,581257529.0361725,10.91
2026-10-11T00:45:31+10:00,NEXO,1.24254949,1.19778418,783074266.031674,9365491.153417,-0.10
2026-10-11T00:45:31+10:00,TRUMP,2.80015298,2.72262799,769727855.8020507,399693341.3640771,3.10
2026-10-11T00:45:31+10:00,PENGU,0.01230184,0.01196923,746561275.3833447,219368543.9888673,4.12
2026-10-11T00:45:31+10:00,FET,0.33566503,0.32661599,730232285.4448308,232910060.83718428,5.68
2026-10-11T00:45:31+10:00,SEI,0.10158284,0.09871634,718912255.3686956,70167920.96824577,5.20
2026-10-11T00:45:31+10:00,VIRTUAL,1.09692853,1.05580094,692889117.2606746,123870830.93125714,4.21
2026-10-11T00:45:31+10:00,TIA,0.72977699,0.70905954,627787204.692103,104341219.99878521,4.71
2026-10-11T00:45:31+10:00,IMX,0.29914887,0.28803681,589331690.7322637,32471699.71903107,8.60
2026-10-11T00:45:31+10:00,XPL,0.12781771,0.12436872,562457986.2435298,84504384.70057335,2.98
2026-10-11T00:45:31+10:00,BCHSV,29.04113447,27.77865963,549573334.1743677,13086697.72896005,2.28
2026-10-11T00:45:31+10:00,PENDLE,3.17262338,3.08411496,528029035.10561407,43449363.32727903,2.52
2026-10-11T00:45:31+10:00,FF,0.15992672,0.15562587,518749573.6422616,8658318.58266651,1.51
2026-10-11T00:45:31+10:00,BTT,0.00000054,0.00000051,514772949.7761012,21284595.10678151,0.00
2026-10-11T00:45:31+10:00,LDO,0.63923577,0.62227398,505236184.18772054,91143486.76686677,3.69
2026-10-11T00:45:31+10:00,SPX,0.55994151,0.53269631,496044266.3580894,7681396.76002115,0.18
2026-10-11T00:45:31+10:00,XTZ,0.44063396,0.42718578,466266101.9093426,11772735.20689796,1.33
2026-10-11T00:45:31+10:00,OP,0.20081013,0.19508026,464677481.4024297,201029289.12408835,10.63
2026-10-11T00:45:31+10:00,SUN,0.02483627,0.02417085,462247293.53655946,24899289.8175017,0.49
2026-10-11T00:45:31+10:00,KITE,0.19374350,0.18791584,444667137.0597977,22192118.99939229,7.34
2026-10-11T00:45:31+10:00,DCR,25.43987562,24.62988552,442082224.42274725,705323.70565312,-1.59
2026-10-11T00:45:31+10:00,GNO,170.73277633,165.40897493,439635062.61255974,1517525.80911249,-0.06
2026-10-11T00:45:31+10:00,BONK,0.00000503,0.00000487,430171814.64155734,47880139.1835352,2.44
2026-10-11T00:45:31+10:00,GRT,0.03998537,0.03883115,427137582.50690985,25833566.08354064,2.17
2026-10-11T00:45:31+10:00,MON,0.03665315,0.03533175,419066837.08155686,36895894.61516123,0.76
2026-10-11T00:45:31+10:00,LUNA,0.00007626,0.00007159,408451017.422141,13868407.99055594,1.48
2026-10-11T00:45:31+10:00,SYRUP,0.33860946,0.32949823,393461227.5326407,12012596.13973637,-0.14
2026-10-11T00:45:31+10:00,JTO,0.79882388,0.77647973,392955832.4865669,55017506.51927001,5.91
2026-10-11T00:45:31+10:00,AR,6.10674792,5.91552201,392314300.60897154,16502213.07262174,1.67
2026-10-11T00:45:31+10:00,CFX,0.08818568,0.08553408,391003787.48315895,18958329.83928396,21.81
2026-10-11T00:45:31+10:00,ENS,9.39273186,9.12287100,381596726.733467,18788599.59894776,3.06
2026-10-11T00:45:31+10:00,FLOKI,0.00004079,0.00003918,380329548.66871786,52578031.67046559,2.03
2026-10-11T00:45:31+10:00,JASMY,0.00741997,0.00721539,359429266.77150184,17665219.74700106,4.89
2026-10-11T00:45:31+10:00,MIOTA,0.07640796,0.07401875,352591177.98903656,11083846.85276819,2.81
2026-10-11T00:45:31+10:00,COMP,36.56982120,35.50173858,348693287.1505244,26447402.39938581,3.54
2026-10-11T00:45:31+10:00,THETA,0.33831502,0.32690287,335192902.74844396,9199166.19157668,6.00
2026-10-11T00:45:31+10:00,PONS,0.55164828,0.53169419,334747099.3713598,73168398.30864078,8.38
2026-10-11T00:45:31+10:00,KLAY,0.08288571,0.08047388,325780502.6500233,613507.87116988,3.78
2026-10-11T00:45:31+10:00,RUNE,1.02907831,0.99978633,325420841.86944973,15294623.26585283,2.62
2026-10-11T00:45:31+10:00,ZBCN,0.00340334,0.00326246,323756405.9789677,14604157.44973584,-1.30
2026-10-11T00:45:31+10:00,TWT,0.76864347,0.74721650,321350357.67869544,5986444.35188395,2.18
2026-10-11T00:45:31+10:00,AKT,1.09544759,1.05537146,316262514.55282503,11260681.95850002,1.64
2026-10-11T00:45:31+10:00,WIF,0.32226787,0.31328870,314062215.3066758,89060086.17384672,3.46
2026-10-11T00:45:31+10:00,EIGEN,0.33890390,0.32949823,312279539.45017284,45525987.63371961,4.59
2026-10-11T00:45:31+10:00,AXS,1.85204651,1.79301710,306993397.25444263,35285811.91412403,8.05
2026-10-11T00:45:31+10:00,CVX,3.10931814,3.01812924,300344240.0876346,12288826.23021155,2.72
2026-10-11T00:45:31+10:00,TRAC,0.61058949,0.58623794,289742036.7233694,10427183.47260741,0.79
2026-10-11T00:45:31+10:00,BAT,0.19639349,0.19078478,288385267.8550022,127195346.92281333,16.37
2026-10-11T00:45:31+10:00,SAND,0.09999285,0.09728589,287887842.07943785,151056587.3487449,-0.81
2026-10-11T00:45:31+10:00,KMNO,0.05326474,0.05182747,284645584.63623476,10575902.67506432,3.85
2026-10-11T00:45:31+10:00,MANA,0.14118543,0.13656174,271575362.7704248,24024262.14231967,4.80
2026-10-11T00:45:31+10:00,USELESS,0.27508367,0.26524582,258221617.5578155,24179384.49483596,-3.15
2026-10-11T00:45:31+10:00,TEL,0.00271308,0.00257687,255661588.8591389,1486890.78632113,-0.76
2026-10-11T00:45:31+10:00,EOS,0.15458258,0.14875475,247827826.1946883,14101073.18503828,5.26
2026-10-11T00:45:31+10:00,ANS,3.92198083,3.80995783,247313766.17580947,5325863.88808535,11.92
2026-10-11T00:45:31+10:00,XCN,0.00633574,0.00602744,244767141.21290332,10108399.8953904,1.66
2026-10-11T00:45:31+10:00,CHZ,0.02296656,0.02233473,237756583.1490408,22212712.52189386,3.42
2026-10-11T00:45:31+10:00,FARTCOIN,0.24376190,0.23506781,231809499.93212068,17629334.02019993,1.22
2026-10-11T00:45:31+10:00,GRASS,0.96068251,0.92466688,227216776.44007847,37996791.95249754,2.50
2026-10-11T00:45:31+10:00,DEXE,2.75304210,2.67959383,224084908.6023819,18126770.1069488,2.80
2026-10-11T00:45:31+10:00,APE,0.22466002,0.21717907,220610956.26464123,26399748.63061581,7.60
2026-10-11T00:45:31+10:00,ZK,0.02143546,0.02079984,219191714.93165693,124032763.07304464,7.64
2026-10-11T00:45:31+10:00,SENT,0.02956208,0.02871813,212627606.48315784,41403258.11319656,-8.54
2026-10-11T00:45:31+10:00,AIOZ,0.17260297,0.16560685,208597758.1209622,8748578.55515543,4.50
2026-10-11T00:45:31+10:00,SUPER,0.33610669,0.32604222,203799828.9255035,12575070.62097924,2.53
2026-10-11T00:45:31+10:00,SFP,0.42237850,0.40753351,203455996.69193333,1257195.79882965,3.82
2026-10-11T00:45:31+10:00,1INCH,0.14530763,0.14100860,198931017.0803212,8295972.68847508,2.32
2026-10-11T00:45:31+10:00,EDGE,0.53446943,0.51265398,193510653.56629652,6760537.48752822,-0.47
2026-10-11T00:45:31+10:00,GNT,0.19742404,0.19164546,192588689.4739498,4239721.39268994,3.86
2026-10-11T00:45:31+10:00,BEAM,0.00389696,0.00378700,191743772.01094243,18726544.84559374,1.85
2026-10-11T00:45:31+10:00,ATH,0.00987636,0.00938123,188176050.28975853,13781809.58173761,3.26
2026-10-11T00:45:31+10:00,STPT,0.09657731,0.09372840,182295157.83454728,3369270.75095327,5.05
2026-10-11T00:45:31+10:00,FTM,0.06414441,0.06212698,181539168.45517528,55872136.44298008,-2.10
2026-10-11T00:45:31+10:00,EGLD,5.92124883,5.73932277,177961589.70227155,10132386.98101783,0.50
2026-10-11T00:45:31+10:00,GALA,0.00361282,0.00350570,177237306.04545373,54183375.74529617,10.10
2026-10-11T00:45:31+10:00,PLUME,0.02779542,0.02699676,171559776.34033456,24632717.94779428,5.69
2026-10-11T00:45:31+10:00,DYDX,0.20528567,0.19949203,170961394.63644657,6237881.29251283,3.99
2026-10-11T00:45:31+10:00,IP,0.29263275,0.28216727,170691518.4967213,100200917.89422566,1.72
2026-10-11T00:45:31+10:00,ZEN,9.61650854,9.34988898,168923636.81101012,24954232.21744275,2.69
2026-10-11T00:45:31+10:00,CASHCAT,0.17149227,0.16491968,165552488.27791113,20441245.30222941,3.63
2026-10-11T00:45:31+10:00,GENIUS,0.49863923,0.48427777,164586484.21098474,18644846.27598543,1.93
2026-10-11T00:45:31+10:00,W,0.02636738,0.02559098,159290715.06856564,153791937.57349733,1.88
2026-10-11T00:45:31+10:00,PEAQ,0.06373945,0.06130087,158805559.43910572,15438340.92653321,9.63
2026-10-11T00:45:31+10:00,ZRX,0.19079907,0.18519034,157962910.2740116,9308862.61354095,11.18
2026-10-11T00:45:31+10:00,MINA,0.12646328,0.12264736,156796332.67829922,71767199.56704591,8.81
2026-10-11T00:45:31+10:00,CHIP,0.07630491,0.07414786,149401338.92710838,26319948.43144359,7.21
2026-10-11T00:45:31+10:00,BNX,0.41118966,0.39964392,148316975.70131558,13287971.16126727,4.15
2026-10-11T00:45:31+10:00,PROM,7.69232350,7.47790292,147265102.45533204,16484621.50307517,0.41
2026-10-11T00:45:31+10:00,NMR,19.96323573,19.39406244,145591023.76833177,60676322.48243102,-1.47
2026-10-11T00:45:31+10:00,QTUM,1.47663167,1.43160313,144453522.62888804,6805087.0290476,8.20
2026-10-11T00:45:31+10:00,RSR,0.00237469,0.00230375,143078983.69698036,5927507.38004451,4.80
2026-10-11T00:45:31+10:00,DOG,0.00145013,0.00137651,138450339.20599806,1130273.89333264,-0.64
2026-10-11T00:45:31+10:00,KSM,7.41996373,7.20104981,138324373.46142372,5945951.43538647,2.90
2026-10-11T00:45:31+10:00,FUN,0.01292134,0.01252438,135166522.22505653,1453330.142639,0.25
2026-10-11T00:45:31+10:00,HNT,0.74342935,0.71436565,133848996.5821616,5069935.38608422,-2.44
2026-10-11T00:45:31+10:00,WEMIX,0.28122955,0.26669519,133019523.80067857,819924.26538029,-0.15
2026-10-11T00:45:31+10:00,MELANIA,0.13633488,0.13152058,132585472.01048835,11874390.2945848,2.25
2026-10-11T00:45:31+10:00,ORDI,6.43210744,6.24999482,132358880.83227631,22858980.92398662,5.20
2026-10-11T00:45:31+10:00,RLC,1.41111811,1.37207253,129591178.11617383,343203146.44839394,-8.13
2026-10-11T00:45:31+10:00,LPT,2.70445900,2.63082178,129201430.58994085,25301355.05691926,7.84
2026-10-11T00:45:31+10:00,SAFE,0.17386177,0.16735339,128634262.77570301,1845822.76250557,9.89
2026-10-11T00:45:31+10:00,VELO,0.00762090,0.00730828,128589271.65655366,6843964.81537826,2.09
2026-10-11T00:45:31+10:00,GMX,12.60216061,12.16432319,128262124.18003036,7646998.07610377,1.92
2026-10-11T00:45:31+10:00,GAS,2.07729540,2.01830220,125544459.2719632,1332451.67364785,7.05
2026-10-11T00:45:31+10:00,YFI,3564.23257292,3457.07769997,124126083.53659716,9113077.95086629,5.14
2026-10-11T00:45:31+10:00,HAV,0.36128157,0.35001118,121125331.0821612,13450484.55839868,6.53
2026-10-11T00:45:31+10:00,RIF,0.12425495,0.12078254,119827736.91498958,10191922.42463965,2.44
2026-10-11T00:45:31+10:00,FTT,0.36790654,0.35574907,119403554.53855813,3829156.29557424,0.66
2026-10-11T00:45:31+10:00,ZETA,0.06915967,0.06656643,111157415.3689953,6749764.29817669,0.33
2026-10-11T00:45:31+10:00,BERA,0.32550675,0.31601419,109470396.87836505,21284188.75399204,4.66
2026-10-11T00:45:31+10:00,KAITO,0.46728105,0.45429730,108636825.59762582,16687215.64945004,3.02
2026-10-11T00:45:31+10:00,BOME,0.00154789,0.00150318,107641267.75124782,24780214.31414169,2.14
2026-10-11T00:45:31+10:00,HOT,0.00062275,0.00060391,105866849.2274743,2916072.48103503,5.05
2026-10-11T00:45:31+10:00,TFUEL,0.01451605,0.01401479,105142277.79284556,520079.30560672,1.49
2026-10-11T00:45:31+10:00,BIO,0.04309174,0.04129676,104025502.11874671,14348565.78162238,3.91
2026-10-11T00:45:31+10:00,KAVA,0.09974257,0.09708507,104014520.2347944,12375784.61095014,-0.99
2026-10-11T00:45:31+10:00,ZIL,0.00523079,0.00507803,103325992.35951827,5436076.14251829,4.03
2026-10-11T00:45:31+10:00,RE,0.65572458,0.63805317,101431883.50014707,8821954.89187598,1.90
2026-10-11T00:45:31+10:00,TURBO,0.00148694,0.00143591,98271633.54986806,15227069.74714998,5.65
2026-10-11T00:45:31+10:00,XPR,0.00339920,0.00325515,97550012.7280081,1980462.13505845,1.18
2026-10-11T00:45:31+10:00,SUSHI,0.35023996,0.34068711,97520169.80778211,17084249.22371799,4.23
2026-10-11T00:45:31+10:00,VTHO,0.00105411,0.00102277,96895859.15099461,3855580.27390054,7.98
2026-10-11T00:45:31+10:00,ENJ,0.04709616,0.04578834,96247517.97269458,20484400.40209503,3.25
2026-10-11T00:45:31+10:00,AXL,0.07979406,0.07717459,95824538.23473199,10238791.81413033,5.76
2026-10-11T00:45:31+10:00,CKB,0.00209055,0.00202546,94616773.847904,8553040.39714507,10.76
2026-10-11T00:45:31+10:00,DGB,0.00541776,0.00525016,93587654.73258027,4344343.93546264,-1.25
2026-10-11T00:45:31+10:00,ROSE,0.01192495,0.01157618,93202637.32578097,11205413.53158761,3.75
2026-10-11T00:45:31+10:00,SNEK,0.00131952,0.00124691,89096725.61811209,1606402.88806918,12.62
2026-10-11T00:45:31+10:00,IO,0.22672112,0.21976112,88241237.8516446,36982291.94245627,4.85
2026-10-11T00:45:31+10:00,ASTR,0.01034379,0.01002409,88151465.40936927,1102347.11790529,5.02
2026-10-11T00:45:31+10:00,ALT,0.01204272,0.01164743,87836345.66325991,16055783.65751159,10.58
2026-10-11T00:45:31+10:00,ONT,0.09323538,0.09060125,86963985.39558792,21977623.37164068,5.05
2026-10-11T00:45:31+10:00,ACH,0.00878913,0.00852076,85286531.66072042,4887652.67336726,8.06
2026-10-11T00:45:31+10:00,CELO,0.14139154,0.13756587,85020373.2149185,6532408.42893576,2.25
2026-10-11T00:45:31+10:00,T,0.00799413,0.00774614,84726273.15917666,3455982.89117718,5.14
2026-10-11T00:45:31+10:00,AMP,0.00095990,0.00092380,84049740.16886744,62372443.42306002,-4.56
2026-10-11T00:45:31+10:00,EDU,0.10526338,0.10141717,83674898.06391698,17224244.3163462,6.47
2026-10-11T00:45:31+10:00,ID,0.05579695,0.05379051,83541904.78390706,6597991.78836053,2.62
2026-10-11T00:45:31+10:00,BLUR,0.02792792,0.02683897,79016535.00517878,12822011.38723543,-0.36
2026-10-11T00:45:31+10:00,SC,0.00145308,0.00140434,77732475.80696118,4213916.28049992,2.82
2026-10-11T00:45:31+10:00,BRETT,0.00793930,0.00765012,77613152.63621621,6220075.47134616,2.54
2026-10-11T00:45:31+10:00,POLY,0.06080249,0.05881335,77481632.86218937,1048896.17482032,4.48
2026-10-11T00:45:31+10:00,TRB,28.41374997,27.58489799,77246516.7844733,19369606.06758345,3.07
2026-10-11T00:45:31+10:00,MAGIC,0.16253254,0.15635745,77206661.87897962,499759656.5836828,30.59
2026-10-11T00:45:31+10:00,FLOW,0.04812671,0.04583138,76215230.68504958,5931643.59596044,8.28
2026-10-11T00:45:31+10:00,PHA,0.08951068,0.08692900,76119487.27125184,32467524.01480729,8.07
2026-10-11T00:45:31+10:00,RONIN,0.09790230,0.09496205,76037506.47933343,3384836.12669531,8.94
2026-10-11T00:45:31+10:00,WIN,0.00007803,0.00007510,74306999.81394392,34367597.75534531,1.29
2026-10-11T00:45:31+10:00,XVS,4.64631062,4.49850442,73839386.23239139,3771863.50028306,2.64
2026-10-11T00:45:31+10:00,LSK,0.35936769,0.34929395,73208262.96984193,13407114.00094063,1.90
2026-10-11T00:45:31+10:00,PNUT,0.07361076,0.07158015,72099462.99209836,9075508.38296397,1.28
2026-10-11T00:45:31+10:00,ALLO,0.36245934,0.35259323,71877219.77481376,8877224.09878316,-1.69
2026-10-11T00:45:31+10:00,XYO,0.00542023,0.00515946,71340945.38764302,4251515.52611375,0.22
2026-10-11T00:45:31+10:00,ANKR,0.00719914,0.00697153,70191031.45939879,8939235.45890415,6.14
2026-10-11T00:45:31+10:00,DUSK,0.12366607,0.12006531,69924582.04140858,4709806.03647956,9.11
2026-10-11T00:45:31+10:00,AVNT,0.19977958,0.19394062,69756914.08725858,56110873.80183155,2.36
2026-10-11T00:45:31+10:00,MASK,0.69341328,0.67276740,68644697.74925058,5341563.39556981,5.03
2026-10-11T00:45:31+10:00,TOSHI,0.00017165,0.00016334,68544636.50707647,3589094.68057293,3.53
2026-10-11T00:45:31+10:00,G,0.00640414,0.00621126,67492149.89660962,6189684.103008,3.69
2026-10-11T00:45:31+10:00,NOT,0.00070225,0.00067994,67480844.22429234,5882107.84285426,6.12
2026-10-11T00:45:31+10:00,POPCAT,0.07182535,0.06834432,67404115.14831142,12458113.22148125,2.66
2026-10-11T00:45:31+10:00,SSV,4.28856237,4.16570690,67226919.63376349,9541243.36744168,2.91
2026-10-11T00:45:31+10:00,XVG,0.00433274,0.00418435,67192416.11564676,2205348.50357248,6.03
2026-10-11T00:45:31+10:00,BARD,0.18270189,0.17744419,65152269.83266183,4833922.94496628,1.92
2026-10-11T00:45:31+10:00,XRB,0.51085862,0.49489286,65077261.59107319,216194.45499961,1.88
2026-10-11T00:45:31+10:00,AGS,3.11090100,2.74437900,64991594.20723356,1.26930592,-0.05
2026-10-11T00:45:31+10:00,SYN,0.28109002,0.27272183,62567016.91646677,11672026.27383603,2.87
2026-10-11T00:45:31+10:00,BAND,0.34891497,0.33896575,62531153.66700189,4921980.78286554,3.05
2026-10-11T00:45:31+10:00,MERL,0.04771573,0.04568218,62044778.62436076,10528729.17750474,1.86
2026-10-11T00:45:31+10:00,REQ,0.08053017,0.07803528,62028498.71547168,883384.12050094,0.56
2026-10-11T00:45:31+10:00,ARK,0.32167899,0.31271491,61772910.27168387,8027379.68179155,0.98
2026-10-11T00:45:31+10:00,MOG,0.00000017,0.00000015,61756368.77189603,14918956.57368657,0.00
2026-10-11T00:45:31+10:00,AURORA,0.09010009,0.08586703,61634942.60200883,1075378.9208182,4.34
2026-10-11T00:45:31+10:00,RPL,2.81781956,2.72980035,61432265.66188118,12762617.08978982,5.36
2026-10-11T00:45:31+10:00,CSPR,0.00366976,0.00349309,61110203.80162746,5590274.71285742,-0.11
2026-10-11T00:45:31+10:00,ONG,0.12892187,0.12528679,60980265.73528661,1979564.06645936,0.37
2026-10-11T00:45:31+10:00,MOVE,0.01352966,0.01312685,60691007.20484746,88487213.83737826,4.20
2026-10-11T00:45:31+10:00,MEW,0.00070789,0.00068000,60495713.23223902,5457642.45174179,2.42
2026-10-11T00:45:31+10:00,MOODENG,0.06264355,0.05979770,59781478.82271929,7050961.44626419,2.81
2026-10-11T00:45:31+10:00,AUS,198.91404600,189.24057900,59276456.43079,,0.11
2026-10-11T00:45:31+10:00,LISTA,0.12101608,0.11619223,55881049.0901886,3076989.60091873,1.61
2026-10-11T00:45:31+10:00,COTI,0.01953630,0.01894937,55799849.16857103,8577397.59424536,2.69
2026-10-11T00:45:31+10:00,UMA,0.61244145,0.59530591,55669753.36225927,21313115.86658699,0.37
2026-10-11T00:45:31+10:00,SNT,0.01172325,0.01140118,54861888.28406553,5067302.8892816,1.29
2026-10-11T00:45:31+10:00,RVN,0.00325655,0.00316588,53965782.03646395,6235722.24585612,-0.21
2026-10-11T00:45:31+10:00,WAVES,0.40118528,0.38581471,53557547.07828906,7079819.40937116,3.53
2026-10-11T00:45:31+10:00,MEME,0.00084652,0.00082195,53268028.46836899,9185462.48878537,4.82
2026-10-11T00:45:31+10:00,SAHARA,0.01301439,0.01263769,53266991.00108816,10159667.92802811,3.26
2026-10-11T00:45:31+10:00,RATS,0.00005455,0.00005229,52338108.92738187,4411678.56758326,0.74
2026-10-11T00:45:31+10:00,FLUX,0.12719938,0.12092599,51490373.30658888,10097043.48216888,6.67
2026-10-11T00:45:31+10:00,IOTX,0.00554879,0.00538787,51058696.21838278,2698892.67026761,2.03
2026-10-11T00:45:31+10:00,CATI,0.09514926,0.09110332,50885441.08567289,4707813.53766302,0.37
2026-10-11T00:45:31+10:00,POWR,0.09054123,0.08793313,50676637.23112062,1563896.49577329,0.31
2026-10-11T00:45:31+10:00,REZ,0.00577109,0.00560018,50420874.46930279,7834979.01699011,2.04
2026-10-11T00:45:31+10:00,PRO,0.52884188,0.50418705,50226204.05608259,1062979.67945363,0.44
2026-10-11T00:45:31+10:00,ETN,0.00287153,0.00276286,49682258.59127835,287087.36341531,0.88
2026-10-11T00:45:31+10:00,STEEM,0.09043817,0.08799051,48996407.46980234,3849575.87590686,1.82
2026-10-11T00:45:31+10:00,LUNA2,0.07049251,0.06771441,48497031.63041984,8878332.81385012,3.52
2026-10-11T00:45:31+10:00,CTSI,0.04931921,0.04791136,47672286.40425108,58224161.27928928,-1.98
2026-10-11T00:45:31+10:00,BNT,0.48259209,0.46692066,47110727.52688781,3307994.08873301,2.88
2026-10-11T00:45:31+10:00,HIVE,0.08126627,0.07903941,46812949.45108354,880969.90996346,2.24
2026-10-11T00:45:31+10:00,MANTA,0.09740175,0.09448867,46719082.20962895,3996541.42753109,7.22
2026-10-11T00:45:31+10:00,ZORA,0.01092042,0.01048213,46300987.08299457,14486680.367978,5.22
2026-10-11T00:45:31+10:00,SKL,0.00741997,0.00718641,46164705.01831828,96926511.06406201,-2.68
2026-10-11T00:45:31+10:00,ORBS,0.01081527,0.01035143,45163017.63604134,5676847.99383842,2.42
2026-10-11T00:45:31+10:00,ONE,0.00308429,0.00298800,44759993.70966242,12869822.05829502,-2.86
2026-10-11T00:45:31+10:00,IOST,0.00127200,0.00123508,43928690.26106975,7230664.04460925,4.57
2026-10-11T00:45:31+10:00,UST,0.00863386,0.00747292,43502750.68660975,1468151.53642288,16.32
2026-10-11T00:45:31+10:00,ILV,5.93302655,5.72331058,43331146.84103675,3837528.33062524,5.62
2026-10-11T00:45:31+10:00,FXS,0.46404218,0.44898975,42749352.39802052,998333.97856422,5.19
2026-10-11T00:45:31+10:00,CORE,0.02960036,0.02870378,42630395.02049258,3383388.78370127,4.42
2026-10-11T00:45:31+10:00,MANTRA,0.00672803,0.00649815,42403013.76570072,5458273.8728336,4.22
2026-10-11T00:45:31+10:00,MTL,0.46963660,0.45501454,42292200.41913075,689686.06755478,2.94
2026-10-11T00:45:31+10:00,ARKM,0.19330184,0.18705515,42139441.90181402,42111066.51476658,6.57
2026-10-11T00:45:31+10:00,PUNDIX,0.17004084,0.16525118,41871428.45954299,901146.31975676,3.96
2026-10-11T00:45:31+10:00,KNC,0.20346012,0.19767025,41709840.19037133,4941634.18237377,4.36
2026-10-11T00:45:31+10:00,GMT,0.01302911,0.01255163,41632491.82105694,66812620.78560529,8.31
2026-10-11T00:45:31+10:00,PIXEL,0.00967246,0.00938144,41072057.5764307,85581230.65418686,12.96
2026-10-11T00:45:31+10:00,OSMO,0.05093864,0.04905894,39413842.00756917,4117867.56071973,0.47
2026-10-11T00:45:31+10:00,METIS,4.94664249,4.79113672,39275583.13968613,3634527.11951187,1.08
2026-10-11T00:45:31+10:00,CYBER,0.52116412,0.50493417,39086460.15467839,50906245.93589556,1.93
2026-10-11T00:45:31+10:00,YGG,0.04145758,0.04023694,39004578.36793856,18748499.97152144,9.19
2026-10-11T00:45:31+10:00,OGN,0.05095337,0.04957535,38964406.48588209,148225986.3466651,-7.68
2026-10-11T00:45:31+10:00,WAX,0.00867135,0.00839166,38864997.17879977,1394329.73969898,3.39
2026-10-11T00:45:31+10:00,API3,0.45609222,0.44167395,38666026.03049892,85584970.34215865,-6.30
2026-10-11T00:45:31+10:00,CETUS,0.04022220,0.03855283,38554133.76353165,3629300.5946373,6.94
2026-10-11T00:45:31+10:00,CVC,0.03804204,0.03699503,37739433.57750492,13681805.13628392,3.39
2026-10-11T00:45:31+10:00,AUCT,5.55613951,5.39218052,37690283.4751615,10000141.034288,2.28
2026-10-11T00:45:31+10:00,FLIP,0.44516905,0.42516625,37689737.8784274,57639.11998362,-1.25
2026-10-11T00:45:31+10:00,1000SATS,0.00001763,0.00001713,36633630.14086747,2027579.52201713,3.88
2026-10-11T00:45:31+10:00,BIGTIME,0.01281009,0.01223963,36484066.16847714,19969396.38162619,6.30
2026-10-11T00:45:31+10:00,AEVO,0.03873398,0.03756882,36051552.74051077,12157969.95661367,-1.36
2026-10-11T00:45:31+10:00,WOO,0.01955102,0.01844731,35257017.83139755,1973659.20857022,6.14
2026-10-11T00:45:31+10:00,CELR,0.00460804,0.00444686,35238758.74744517,2658831.4045258,7.72
2026-10-11T00:45:31+10:00,SLP,0.00097462,0.00093957,35042002.90896645,2842225.87759756,6.61
2026-10-11T00:45:31+10:00,DEGEN,0.00148538,0.00142008,35037589.80011645,4941635.15117596,-0.10
2026-10-11T00:45:31+10:00,AUDIO,0.02449766,0.02376920,34860991.5218152,30965760.53525891,-1.01
2026-10-11T00:45:31+10:00,STRAX,0.01604715,0.01556402,34316372.96939467,849738.48412579,3.52
2026-10-11T00:45:31+10:00,XAI,0.01403021,0.01359879,33664177.80661537,35582851.5530854,8.83
2026-10-11T00:45:31+10:00,CHR,0.03443511,0.03348057,33507389.105714,12231305.884972,5.55
2026-10-11T00:45:31+10:00,IQ,0.00125434,0.00120209,33228409.59835289,806131.18626468,4.09
2026-10-11T00:45:31+10:00,DOGS,0.00006546,0.00006334,33120978.04920963,4274590.66654109,3.12
2026-10-11T00:45:31+10:00,MPLX,0.07104910,0.06917024,32991570.99764989,1654459.88376327,-2.58
2026-10-11T00:45:31+10:00,LQTY,0.34611776,0.33437544,32604499.05574388,2855307.32965451,3.43
2026-10-11T00:45:31+10:00,DIA,0.27074035,0.26207804,31988017.51748551,10630336.02994884,6.14
2026-10-11T00:45:31+10:00,MOVR,2.61612610,2.54045004,31903804.77050495,18006906.71551076,-7.59
2026-10-11T00:45:31+10:00,CTK,0.19344906,0.18777239,31602905.79373412,2449955.37802688,8.51
2026-10-11T00:45:31+10:00,XCH,2.22893355,2.15888047,31256895.06335755,1370181.83005042,1.52
2026-10-11T00:45:31+10:00,CGPT,0.03475755,0.03335615,30871998.63091546,8092627.8908685,2.67
2026-10-11T00:45:31+10:00,ACE,0.28281251,0.27427106,30851712.36011182,24325411.86531341,1.06
2026-10-11T00:45:31+10:00,FIDA,0.03153485,0.03064032,30436998.27757676,15529664.95164795,6.25
2026-10-11T00:45:31+10:00,QI,0.00409276,0.00396774,28926548.36706213,2596434.11510705,0.29
2026-10-11T00:45:31+10:00,BICO,0.02869348,0.02787179,28581200.02903857,14301248.12800612,0.11
2026-10-11T00:45:31+10:00,TNSR,0.05447196,0.05278857,28230580.66832048,8443796.06023503,2.08
2026-10-11T00:45:31+10:00,ATOR,0.30684973,0.29233159,28220935.62634333,499976.50658492,0.01
2026-10-11T00:45:31+10:00,QKC,0.00398824,0.00385442,27890848.67686447,625336.89784007,1.17
2026-10-11T00:45:31+10:00,DAG,0.01003334,0.00949003,27665191.4773868,929757.58231604,3.00
2026-10-11T00:45:31+10:00,AGLD,0.29591522,0.28718130,27536573.13512879,7464230.5064692,5.47
2026-10-11T00:45:31+10:00,RAD,0.46669217,0.44898975,27481164.76363689,86346477.38085073,-14.70
2026-10-11T00:45:31+10:00,XYM,0.00441370,0.00411263,27363874.60702568,9152.33722758,3.44
2026-10-11T00:45:31+10:00,SPELL,0.00014060,0.00013628,26551934.27318674,4713626.1662757,2.62
2026-10-11T00:45:31+10:00,DODO,0.02750098,0.02670987,26474375.36692302,10132079.20075848,3.38
2026-10-11T00:45:31+10:00,TAIKO,0.12543520,0.12096481,26349351.64548765,5713911.95790632,2.44
2026-10-11T00:45:31+10:00,C98,0.02688265,0.02609304,26286301.89105049,26238422.81848581,16.54
2026-10-11T00:45:31+10:00,ALICE,0.25351543,0.24658574,26055946.49840784,14938485.85113441,3.43
2026-10-11T00:45:31+10:00,JOE,0.05785806,0.05565751,25837982.66437983,6618962.79758658,5.56
2026-10-11T00:45:31+10:00,ANIME,0.00474054,0.00457596,25466246.14137491,4836740.36791803,4.77
2026-10-11T00:45:31+10:00,ARPA,0.01785797,0.01732842,25175191.91304706,9497722.49678417,10.83
2026-10-11T00:45:31+10:00,STG,0.27442505,0.25876417,24974268.10852571,265663.10331853,0.00
2026-10-11T00:45:31+10:00,CHEEL,0.44313673,0.42632510,24511901.94194957,230623.68857062,-0.83
2026-10-11T00:45:31+10:00,AVA,0.34685386,0.33667059,24172740.754898,18055745.7049632,1.24
2026-10-11T00:45:31+10:00,GOAT,0.02468719,0.02374918,23789343.27995329,3840135.00841212,1.61
2026-10-11T00:45:31+10:00,CAT,0.00000306,0.00000292,22992100.19029803,903506.16191227,2.00
2026-10-11T00:45:31+10:00,GTC,0.28391667,0.27541863,22934755.02187184,39336280.15684579,5.64
2026-10-11T00:45:31+10:00,BANANA,5.69158329,5.51554512,22438678.06634859,6210332.13395938,1.42
2026-10-11T00:45:31+10:00,ORN,0.16753807,0.16281258,21873080.47149287,2548558.21578525,43.11
2026-10-11T00:45:31+10:00,ZENT,0.00273537,0.00265233,21301622.2243377,4329090.25487934,-0.03
2026-10-11T00:45:31+10:00,MBL,0.00111153,0.00107871,21058831.30905121,3642413.69356908,1.51
2026-10-11T00:45:31+10:00,PORTAL,0.02486572,0.02405609,21007759.33455676,15280652.11947259,5.77
2026-10-11T00:45:31+10:00,BONE,0.09226372,0.08757452,20473193.3082833,4067251.45467383,0.07
2026-10-11T00:45:31+10:00,POND,0.00249242,0.00236776,20117489.92576146,1847318.38870872,-2.30
2026-10-11T00:45:31+10:00,MAV,0.01728381,0.01671159,19864199.24963946,2189299.17949085,5.89
2026-10-11T00:45:31+10:00,LRC,0.01489821,0.01422947,19758603.82148931,3667683.97528322,1.76
2026-10-11T00:45:31+10:00,RARE,0.02398239,0.02326713,19449812.06870146,15734010.87679597,-1.49
2026-10-11T00:45:31+10:00,OG,4.11336878,4.00217708,19421517.55620206,3103536.61112689,1.56
2026-10-11T00:45:31+10:00,RIO,0.09104789,0.08541976,19007041.14686335,349615.18521409,1.14
2026-10-11T00:45:31+10:00,GLMR,0.01572915,0.01521544,18776406.80611,9901235.52569357,-3.44
2026-10-11T00:45:31+10:00,AI,0.03150541,0.02998046,18553836.49502285,11829724.59846537,6.40
2026-10-11T00:45:31+10:00,STORJ,0.04339140,0.04165770,17726531.85362728,3118020.36127823,0.87
2026-10-11T00:45:31+10:00,DYM,0.02705932,0.02615042,17393315.34320561,5914430.68855227,5.35
2026-10-11T00:45:31+10:00,PONKE,0.03155873,0.03010520,17031646.49088951,3784880.90432712,-2.08
2026-10-11T00:45:31+10:00,BB,0.01401549,0.01357010,16686641.97685065,5390614.30464973,6.62
2026-10-11T00:45:31+10:00,DRIFT,0.02797487,0.02678404,16500278.15975234,2986403.75426478,1.52
2026-10-11T00:45:31+10:00,NAKA,0.17132937,0.15935078,16381420.43831223,685719.37989518,-5.41
2026-10-11T00:45:31+10:00,WAN,0.08487239,0.08148304,16240888.71485722,149468.65387326,-0.13
2026-10-11T00:45:31+10:00,CHILLGUY,0.01627548,0.01567532,15714454.85938277,5552506.59031802,0.63
2026-10-11T00:45:31+10:00,HMSTR,0.00024395,0.00023640,15334041.69175899,4047284.0900144,3.63
2026-10-11T00:45:31+10:00,TLM,0.00217005,0.00209002,15160045.88478773,5066246.30078142,5.41
2026-10-11T00:45:31+10:00,ADX,0.10658837,0.10342543,15106553.78918259,6004460.35433289,2.65
2026-10-11T00:45:31+10:00,OXT,0.01518885,0.01459001,15040011.69056878,4412297.42105557,1.41
2026-10-11T00:45:31+10:00,TKO,0.08465237,0.08162146,14983750.07409142,876982.1441798,3.13
2026-10-11T00:45:31+10:00,LIT,0.18343800,0.17730074,14640212.72503747,8506276.33339358,1.38
2026-10-11T00:45:31+10:00,EWT,0.50759046,0.48695686,14514498.77211845,414531.74728139,-1.11
2026-10-11T00:45:31+10:00,BEL,0.18682409,0.18174761,14463317.77185198,3029313.30885405,6.18
2026-10-11T00:45:31+10:00,SAGA,0.03271262,0.03174486,14272594.38720668,20284457.61861183,1.29
2026-10-11T00:45:31+10:00,ACT,0.01498715,0.01444513,13711374.70085232,38874195.08265849,3.65
2026-10-11T00:45:31+10:00,COOKIE,0.01765186,0.01707021,13692208.56661048,1854740.45229002,3.60
2026-10-11T00:45:31+10:00,PAAL,0.01402446,0.01342780,13566227.08641072,465838.99252966,-2.26
2026-10-11T00:45:31+10:00,ATM,1.52521477,1.48037518,13556803.44134132,4585501.88193443,0.38
2026-10-11T00:45:31+10:00,GNS,0.59330266,0.56805094,13470765.12798759,665320.32674357,3.50
2026-10-11T00:45:31+10:00,COQ,0.00000020,0.00000018,12930362.42796449,4214984.00289254,0.00
2026-10-11T00:45:31+10:00,WRX,0.03366956,0.03137190,12855392.4644132,18678.28690422,-5.70
2026-10-11T00:45:31+10:00,AVAAI,0.01312109,0.01259803,12577638.60638638,222539.9757551,-1.58
2026-10-11T00:45:31+10:00,TOKEN,0.00320771,0.00306074,12063836.28077196,1727692.24760485,5.20
2026-10-11T00:45:31+10:00,PRIME,0.34302611,0.33136304,11886974.98897684,504165.10583759,2.05
2026-10-11T00:45:31+10:00,DSYNC,0.01261757,0.01208265,11828002.68672565,891309.81260606,-0.60
2026-10-11T00:45:31+10:00,BAR,0.41810907,0.40595559,11619622.77806452,3901167.96741252,0.96
2026-10-11T00:45:31+10:00,ELA,0.53906033,0.50964764,11552518.04779759,113504.69271961,1.47
2026-10-11T00:45:31+10:00,ALPINE,0.53735849,0.52071336,11466193.80430369,4899533.77731791,-0.38
2026-10-11T00:45:31+10:00,PSG,0.67869113,0.65842268,11440465.21881788,2939314.14858437,0.99
2026-10-11T00:45:31+10:00,MAVIA,0.04623479,0.04446351,11290222.10389371,796254.78533022,2.67
2026-10-11T00:45:31+10:00,ASR,1.28524372,1.24942517,11285855.86532187,3930227.62213808,1.64
2026-10-11T00:45:31+10:00,BLAST,0.00009494,0.00009106,11112456.80765403,1540855.80522285,-0.46
2026-10-11T00:45:31+10:00,ORAI,0.77452899,0.73870276,10786077.33155427,321579.47431385,0.66
2026-10-11T00:45:31+10:00,VINE,0.01116625,0.01067926,10671978.44283004,5386653.30521412,-1.04
2026-10-11T00:45:31+10:00,GHX,0.01692413,0.01618990,10640537.2684913,366379.91453112,-1.58
2026-10-11T00:45:31+10:00,ZEUS,0.01045541,0.00993526,10505494.75013805,20679523.42458709,-20.66
2026-10-11T00:45:31+10:00,LYXE,0.35853436,0.33642470,10402847.68989155,244936.30113788,-1.45
2026-10-11T00:45:31+10:00,QUICK,0.01601770,0.01524843,10146155.40214718,957698.06266849,1.49
2026-10-11T00:45:31+10:00,WILD,0.02163646,0.02035727,9964171.6493365,174934.72288804,1.62
2026-10-11T00:45:31+10:00,RBNT,0.00329923,0.00320461,9926498.72879919,225899.94962245,-5.13
2026-10-11T00:45:31+10:00,NOM,0.00334340,0.00324334,9518765.92900866,6750728.61058773,0.03
2026-10-11T00:45:31+10:00,ALCX,3.75856496,3.64355906,9457507.42678987,232488.77189673,1.25
2026-10-11T00:45:31+10:00,BADGER,0.49628369,0.45759659,9114716.65730386,3330.52729379,1.00
2026-10-11T00:45:31+10:00,HFT,0.00998151,0.00953403,9100950.96263163,2987982.21742018,-0.54
2026-10-11T00:45:31+10:00,SUPRA,0.00021518,0.00020314,8944255.34544144,369336.18958911,2.19
2026-10-11T00:45:31+10:00,DENT,0.00009049,0.00008689,8839713.91430563,44307.75425534,-0.49
2026-10-11T00:45:31+10:00,BRISE,0.00000002,0.00000002,8668580.2568627,780095.95073058,0.88
2026-10-11T00:45:31+10:00,POLS,0.10025930,0.09491471,8337435.57254986,104531.51470782,17.91
2026-10-11T00:45:31+10:00,LAZIO,0.61833032,0.59674038,7871133.43341432,7684712.90912785,-6.77
2026-10-11T00:45:31+10:00,FARM,11.59663775,11.15302038,7828580.50488711,248731.62024921,2.41
2026-10-11T00:45:31+10:00,JUV,0.49466425,0.47911367,7794756.62874263,2837712.67972248,2.33
2026-10-11T00:45:31+10:00,LMWR,0.01516478,0.01423004,7616510.54783482,1392414.26116271,1.15
2026-10-11T00:45:31+10:00,ELIZAOS,0.00057313,0.00054541,7342414.17992039,13170077.90799288,-17.70
2026-10-11T00:45:31+10:00,NKN,0.00942953,0.00899700,7270967.36322485,87776.39921176,2.97
2026-10-11T00:45:31+10:00,CITY,0.52263634,0.50780311,7090624.91874791,2091438.21330108,1.32
2026-10-11T00:45:31+10:00,SCR,0.03788010,0.03670814,7076135.57060733,10313806.67241663,-1.84
2026-10-11T00:45:31+10:00,XEM,0.00086479,0.00081005,6961102.31589134,292318.41789873,5.55
2026-10-11T00:45:31+10:00,BLZ,0.01479455,0.01420083,6843769.58483585,122530.33823975,-0.66
2026-10-11T00:45:31+10:00,MDT,0.01054843,0.01000257,6817350.9666127,173050.10980976,0.61
2026-10-11T00:45:31+10:00,WEN,0.00000928,0.00000884,6766474.63027963,259450.60404916,-4.03
2026-10-11T00:45:31+10:00,MLN,2.13088403,2.04340547,6584454.61069098,83596.43702881,1.38
2026-10-11T00:45:31+10:00,TRIAS,0.25837374,0.24558161,6565624.49265746,202255.65183276,-3.75
2026-10-11T00:45:31+10:00,AERGO,0.00872271,0.00823133,6524211.44810438,24681.24657202,1.21
2026-10-11T00:45:31+10:00,XRD,0.00066884,0.00063647,6110051.95155563,220370.72646789,-5.01
2026-10-11T00:45:31+10:00,SWELL,0.00117587,0.00112375,5928896.57314062,799844.31206878,0.66
2026-10-11T00:45:31+10:00,ACM,0.42105350,0.40882454,5887300.01869547,1776099.66290355,0.95
2026-10-11T00:45:31+10:00,NIM,0.00041881,0.00039726,5730013.31233795,8502.15944228,2.25
2026-10-11T00:45:31+10:00,BTS,0.00192345,0.00184831,5683832.83288409,107644.91136513,-2.26
2026-10-11T00:45:31+10:00,TX,0.00208025,0.00200969,5060748.17736051,159363.87406921,-3.36
2026-10-11T00:45:31+10:00,GFI,0.05906527,0.05462469,5001644.30842324,186780.54905776,-3.57
2026-10-11T00:45:31+10:00,NEON,0.02058500,0.01946889,4946524.5062663,1951009.82358296,-7.42
2026-10-11T00:45:31+10:00,HTR,0.01004074,0.00964855,4931228.72578689,111079.21800514,3.18
2026-10-11T00:45:31+10:00,KDA,0.01458082,0.01407935,4797587.86270748,10509.48475212,3.35
2026-10-11T00:45:31+10:00,GHST,0.09327955,0.09038608,4726734.09174167,108647.65273612,-0.56
2026-10-11T00:45:31+10:00,HIGH,0.04872277,0.04638177,4610222.49244621,14870693.69274899,-4.45
2026-10-11T00:45:31+10:00,RSS3,0.00449026,0.00426038,4474255.08165727,177422.42307719,-3.34
2026-10-11T00:45:31+10:00,REN,0.00399559,0.00381855,3832077.41096169,18311.01156411,0.00
2026-10-11T00:45:31+10:00,BCAU,0.03888501,0.03712500,3656615.80218403,3.40852074,0.00
2026-10-11T00:45:31+10:00,PRCL,0.00938913,0.00887552,3552417.83052076,200908.09322861,3.66
2026-10-11T00:45:31+10:00,ERN,0.68310778,0.66401712,3140432.43955153,1267.93520797,-1.07
2026-10-11T00:45:31+10:00,MYRO,0.00318105,0.00305203,2912992.54421904,191567.87934652,-1.61
2026-10-11T00:45:31+10:00,AZERO,0.01064793,0.01017822,2819984.0837647,110538.9563625,-5.48
2026-10-11T00:45:31+10:00,UOS,0.00531508,0.00510915,2475178.74221347,1009773.14081419,-1.94
2026-10-11T00:45:31+10:00,DAR,0.00433914,0.00405124,2129274.87104027,110696.16308536,-1.11
2026-10-11T00:45:31+10:00,SUNDOG,0.00217698,0.00204709,2094070.74218399,978525.18135233,-4.64
2026-10-11T00:45:31+10:00,PERP,0.03348701,0.03183379,1971293.91526766,26076.38190655,6.90
2026-10-11T00:45:31+10:00,SOUL,0.01626067,0.01553216,1907538.46022624,29001.03649877,2.52
2026-10-11T00:45:31+10:00,CHEQ,0.00269234,0.00252962,1713180.52111998,224441.12868769,-3.79
2026-10-11T00:45:31+10:00,YFII,43.91617417,41.49927712,1673982.51903901,49194.9385053,-8.85
2026-10-11T00:45:31+10:00,HOOK,0.00450645,0.00432494,1669245.59070738,71831.13242644,-4.55
2026-10-11T00:45:31+10:00,VOXEL,0.00651750,0.00620696,1537550.85342206,55127.39157744,6.11
2026-10-11T00:45:31+10:00,PYR,0.28878232,0.27844512,1521576.25573228,1136523.39632692,105.96
2026-10-11T00:45:31+10:00,SHR,0.00035795,0.00033369,1241971.95061146,84317.03624572,-1.28
2026-10-11T00:45:31+10:00,RDNT,0.00090041,0.00086771,1208189.84550899,697244.6144266,-1.45
2026-10-11T00:45:31+10:00,IDEX,0.00077159,0.00073100,822348.2869685,168039.16541402,-31.13
2026-10-11T00:45:31+10:00,LTO,0.00275158,0.00262652,788664.48432514,861.60497135,3.08
2026-10-11T00:45:31+10:00,TOMO,0.00657050,0.00578522,725284.35994334,249938.70677776,3.27
2026-10-11T00:45:31+10:00,FIO,0.00073273,0.00066502,633602.17983241,9314.46306838,3.49
2026-10-11T00:45:31+10:00,XMN,0.00068982,0.00064321,626303.57814847,143890.28175183,-1.56
2026-10-11T00:45:31+10:00,ACA,0.00045728,0.00043937,571072.96043172,9915.55590909,-10.20
2026-10-11T00:45:31+10:00,MTV,0.00014195,0.00013717,492328.82557005,62164.49419141,-0.13
2026-10-11T00:45:31+10:00,A2Z,0.00004939,0.00004765,409236.42743318,44822.2279793,34.00
2026-10-11T00:45:31+10:00,POLK,0.00447849,0.00403516,395005.0607826,4.24806412,-0.11
2026-10-11T00:45:31+10:00,GLQ,0.00111992,0.00102894,361147.67649248,84745.62703374,-1.32
2026-10-11T00:45:31+10:00,FIS,0.00202429,0.00190354,291363.82018346,51497.67082568,-14.65
2026-10-11T00:45:31+10:00,RFOX,0.00030549,0.00029420,256287.11562814,11.80165383,0.67
2026-10-11T00:45:31+10:00,NFP,0.00039073,0.00037368,230357.92070764,184721.85360773,-0.59
2026-10-11T00:45:31+10:00,CHO,0.00040282,0.00034358,203893.39313462,57992.49897897,2.48
2026-10-11T00:45:31+10:00,LL,0.00176824,0.00170646,139421.50340173,13432.99159392,-0.47
2026-10-11T00:45:31+10:00,DEGO,0.00499818,0.00477249,105104.91059799,30789.84814595,0.36
2026-10-11T00:45:31+10:00,NYAN,0.00076467,0.00071694,72445.03381824,1859.12280541,-2.13
2026-10-11T01:00:48+10:00,BTC,120616.70171893,119428.34544003,2374315013226.398,32697060920.357464,-0.26
2026-10-11T01:00:48+10:00,ETH,3694.50888038,3599.46190964,435162068943.40497,11747055553.57039,0.47
2026-10-11T01:00:48+10:00,USDT,1.45320522,1.43867298,263566677316.4198,80070866037.84401,-0.16
2026-10-11T01:00:48+10:00,BNB,1108.29819216,1079.61768365,141923512204.32922,1773100212.1681993,1.43
2026-10-11T01:00:48+10:00,XRP,2.07258432,2.01884160,126613015719.16536,2731026105.9385123,1.47
2026-10-11T01:00:48+10:00,USDC,1.45560538,1.43866554,104374610554.57994,18406797578.46502,-0.13
2026-10-11T01:00:48+10:00,SOL,162.69448230,158.48085914,92378756351.61758,3355366146.4281273,0.22
2026-10-11T01:00:48+10:00,TRX,0.48789206,0.47519873,44966782528.652626,581613314.2380277,-0.56
2026-10-11T01:00:48+10:00,HYPE,127.97657147,123.47084272,30572557063.952747,916543826.9705716,0.54
2026-10-11T01:00:48+10:00,ZEC,1818.61249690,1771.41697021,29331636895.341766,1214674993.7977023,1.12
2026-10-11T01:00:48+10:00,DOGE,0.12711557,0.12384238,19292376483.25338,888177166.32566,1.78
2026-10-11T01:00:48+10:00,WBTC,121999.55851040,118857.54492757,13742028972.903315,182046769.59901753,-0.24
2026-10-11T01:00:48+10:00,LINK,19.37729415,18.87025235,13715181155.470184,288274199.33449924,2.54
2026-10-11T01:00:48+10:00,ADA,0.37732872,0.36733594,13177603353.560087,806304182.0708294,7.36
2026-10-11T01:00:48+10:00,STR,0.29238191,0.28443075,9822187169.600128,172876281.07568747,2.81
2026-10-11T01:00:48+10:00,NEAR,7.93523898,7.72825476,9277140963.699411,1376601845.7336624,12.11
2026-10-11T01:00:48+10:00,BCC,414.13408623,402.76427954,8031117093.777832,288263659.92982846,2.18
2026-10-11T01:00:48+10:00,LTC,94.42787164,91.91287404,7061632138.766608,307116072.3231112,1.06
2026-10-11T01:00:48+10:00,CC,0.17863085,0.17226425,6948148642.17298,45078005.98934852,-1.74
2026-10-11T01:00:48+10:00,AVAX,15.53922958,15.12804436,6610322766.7835865,450362683.1063953,3.23
2026-10-11T01:00:48+10:00,UNI,11.24477836,10.94692657,6595473348.087448,698044051.0300586,3.11
2026-10-11T01:00:48+10:00,SUI,1.66433909,1.62095410,6374457339.765519,711501036.615165,6.60
2026-10-11T01:00:48+10:00,TON,2.16347236,2.08709727,6283800301.560964,89300040.91757141,-1.97
2026-10-11T01:00:48+10:00,HBAR,0.13697489,0.13335112,5794478832.2467165,128332957.15940575,2.30
2026-10-11T01:00:48+10:00,SHIB,0.00000807,0.00000782,4625657830.623994,83880450.49881823,1.64
2026-10-11T01:00:48+10:00,TAO,418.69795281,407.49762043,4596108866.908234,215344731.33617693,3.35
2026-10-11T01:00:48+10:00,CRO,0.08978319,0.08738102,4325528290.30611,9812001.16067122,-0.03
2026-10-11T01:00:48+10:00,QNT,366.25770570,356.71023264,4297325050.913042,177336087.20304838,-1.44
2026-10-11T01:00:48+10:00,ENA,0.32624285,0.31770757,4178915620.4132633,472491770.7891656,1.46
2026-10-11T01:00:48+10:00,AAVE,253.05345503,246.35080806,3776340512.012768,395973634.28056735,1.23
2026-10-11T01:00:48+10:00,PUMP,0.00835563,0.00812994,3587753880.5062637,284376305.2271219,2.81
2026-10-11T01:00:48+10:00,RLUSD,1.47356899,1.43564788,3503621343.003586,207736295.5524131,-0.13
2026-10-11T01:00:48+10:00,ONDO,0.73823126,0.71223268,3391180725.357363,329401366.02708405,3.21
2026-10-11T01:00:48+10:00,DOT,1.84174100,1.79006346,3091274722.7989006,360590828.6973774,7.04
2026-10-11T01:00:48+10:00,WLD,0.81112539,0.78961350,2828923047.337097,312859790.17531633,11.61
2026-10-11T01:00:48+10:00,ASTER,1.04556711,1.01766829,2771308830.043975,115718713.44409885,1.62
2026-10-11T01:00:48+10:00,WLFI,0.08406348,0.08175770,2638397181.6759267,102515014.4757509,6.18
2026-10-11T01:00:48+10:00,MNT,0.84191153,0.81250146,2600007303.9408145,41594594.96553012,3.48
2026-10-11T01:00:48+10:00,SKY2,0.11419056,0.11091882,2573715491.1512933,23332580.93173198,1.02
2026-10-11T01:00:48+10:00,ICP,4.65808834,4.52966379,2468087289.1682158,100468539.06856123,5.79
2026-10-11T01:00:48+10:00,PEPE,0.00000596,0.00000580,2380034140.9088793,214428431.4938238,3.92
2026-10-11T01:00:48+10:00,ETC,12.30771760,11.96244334,1908213307.1072447,67686643.74852407,1.19
2026-10-11T01:00:48+10:00,MORPHO,3.53744883,3.44245670,1821515623.131023,30652112.23562331,-0.84
2026-10-11T01:00:48+10:00,ARB,0.27456811,0.26721860,1784652905.9356818,182071298.46566027,3.35
2026-10-11T01:00:48+10:00,JUP,0.54589734,0.53013417,1763805902.6360676,130946349.96327879,-0.03
2026-10-11T01:00:48+10:00,JST,0.20273719,0.19738186,1671107667.9977422,50940767.20225048,-3.91
2026-10-11T01:00:48+10:00,KAS,0.06167600,0.05926325,1645558886.538878,19179129.26140306,0.58
2026-10-11T01:00:48+10:00,VVV,33.37879295,32.22235371,1557462218.0661428,58634568.34858091,2.50
2026-10-11T01:00:48+10:00,ATOM,2.86911684,2.79125864,1517090699.1919475,306561967.1756293,-1.35
2026-10-11T01:00:48+10:00,MATIC,0.14970955,0.14529922,1514360677.4209554,244635446.248516,2.48
2026-10-11T01:00:48+10:00,ALGO,0.17385465,0.16911068,1485130137.221354,153518761.23378223,1.40
2026-10-11T01:00:48+10:00,RNDR,2.84431943,2.76254986,1408047874.4076908,56883153.71527066,3.11
2026-10-11T01:00:48+10:00,FIL,1.66021689,1.61464298,1396468182.8361576,209251494.38144428,4.60
2026-10-11T01:00:48+10:00,PI,0.12113886,0.11761727,1318138846.2490594,5147176.71143624,1.18
2026-10-11T01:00:48+10:00,AERO,1.34472912,1.29720682,1160723000.3239543,70877431.17694305,11.00
2026-10-11T01:00:48+10:00,CAKE,3.25653964,3.16703536,1132072940.909481,57993110.94408534,0.86
2026-10-11T01:00:48+10:00,ZRO,2.98688459,2.90600720,1124701046.4045315,170268668.0351239,-0.78
2026-10-11T01:00:48+10:00,NIGHT,0.07091091,0.06883479,1121765715.3307288,29786181.35376209,6.48
2026-10-11T01:00:48+10:00,XDC,0.05277629,0.05045965,1081568461.3914967,30766135.9370351,1.06
2026-10-11T01:00:48+10:00,STABLE,0.04041176,0.03898461,1066008905.5777621,19287288.49672474,6.96
2026-10-11T01:00:48+10:00,APT,1.20854132,1.17358167,1036760146.8278891,192545536.2529527,1.89
2026-10-11T01:00:48+10:00,STX,0.60179321,0.58378328,1015798354.4743809,42024288.31321895,6.03
2026-10-11T01:00:48+10:00,INJ,10.76336404,10.46642075,1000240929.5304253,122638939.30432291,5.64
2026-10-11T01:00:48+10:00,VET,0.01170411,0.01128113,968447640.3749568,22551560.76013353,1.18
2026-10-11T01:00:48+10:00,DASH,75.96019942,73.96978848,942958926.2717357,87262566.19520102,0.74
2026-10-11T01:00:48+10:00,ETHFI,1.00684786,0.97793691,931090621.7706722,71544434.69690853,-0.75
2026-10-11T01:00:48+10:00,PYTH,0.11533333,0.11195068,896957301.2656814,75929976.65648398,-8.98
2026-10-11T01:00:48+10:00,RAY,3.51845878,3.41678171,880586655.6843537,102030106.91213115,0.17
2026-10-11T01:00:48+10:00,FLR,0.01048418,0.01006330,879255299.991359,6003082.97745706,0.83
2026-10-11T01:00:48+10:00,LIGHTER,5.51604005,5.30506345,872286676.6576633,52934400.0109316,4.57
2026-10-11T01:00:48+10:00,CRV,0.53275187,0.51794629,806829104.7241204,111259635.2049794,0.89
2026-10-11T01:00:48+10:00,STRK,0.13092830,0.12728483,786218413.0826948,581257529.0361725,18.04
2026-10-11T01:00:48+10:00,NEXO,1.23803349,1.19768806,783074266.031674,9365491.153417,-0.61
2026-10-11T01:00:48+10:00,TRUMP,2.80015298,2.72382253,769727855.8020507,399693341.3640771,2.72
2026-10-11T01:00:48+10:00,PENGU,0.01227434,0.01194102,746561275.3833447,219368543.9888673,3.75
2026-10-11T01:00:48+10:00,FET,0.33492892,0.32573991,730232285.4448308,232910060.83718428,4.78
2026-10-11T01:00:48+10:00,SEI,0.10120007,0.09838177,718912255.3686956,70167920.96824577,4.62
2026-10-11T01:00:48+10:00,VIRTUAL,1.09595201,1.05528677,692889117.2606746,123870830.93125714,2.92
2026-10-11T01:00:48+10:00,TIA,0.73463530,0.71344356,627787204.692103,104341219.99878521,4.88
2026-10-11T01:00:48+10:00,IMX,0.30312306,0.29202184,589331690.7322637,32471699.71903107,9.19
2026-10-11T01:00:48+10:00,XPL,0.12774857,0.12421531,562457986.2435298,84504384.70057335,2.68
2026-10-11T01:00:48+10:00,BCHSV,29.00918778,27.84943591,549573334.1743677,13086697.72896005,1.97
2026-10-11T01:00:48+10:00,PENDLE,3.16795251,3.07956439,528029035.10561407,43449363.32727903,1.85
2026-10-11T01:00:48+10:00,FF,0.15986973,0.15562773,518749573.6422616,8658318.58266651,1.29
2026-10-11T01:00:48+10:00,BTT,0.00000054,0.00000051,514772949.7761012,21284595.10678151,0.00
2026-10-11T01:00:48+10:00,LDO,0.63889005,0.62193717,505236184.18772054,91143486.76686677,3.89
2026-10-11T01:00:48+10:00,SPX,0.56063699,0.53322615,496044266.3580894,7681396.76002115,-0.11
2026-10-11T01:00:48+10:00,XTZ,0.43956814,0.42643432,466266101.9093426,11772735.20689796,1.29
2026-10-11T01:00:48+10:00,OP,0.20184068,0.19621849,464677481.4024297,201029289.12408835,10.71
2026-10-11T01:00:48+10:00,SUN,0.02483428,0.02416891,462247293.53655946,24899289.8175017,0.34
2026-10-11T01:00:48+10:00,KITE,0.19315462,0.18718211,444667137.0597977,22192118.99939229,6.23
2026-10-11T01:00:48+10:00,DCR,25.52616004,24.68528329,442082224.42274725,705323.70565312,-1.78
2026-10-11T01:00:48+10:00,GNO,171.11654225,165.52479330,439635062.61255974,1517525.80911249,-0.09
2026-10-11T01:00:48+10:00,BONK,0.00000503,0.00000489,430171814.64155734,47880139.1835352,2.44
2026-10-11T01:00:48+10:00,GRT,0.04015881,0.03900016,427137582.50690985,25833566.08354064,1.84
2026-10-11T01:00:48+10:00,MON,0.03660872,0.03527138,419066837.08155686,36895894.61516123,0.51
2026-10-11T01:00:48+10:00,LUNA,0.00007639,0.00007160,408451017.422141,13868407.99055594,1.52
2026-10-11T01:00:48+10:00,SYRUP,0.33931834,0.33018897,393461227.5326407,12012596.13973637,-0.79
2026-10-11T01:00:48+10:00,JTO,0.79449070,0.77240122,392955832.4865669,55017506.51927001,5.21
2026-10-11T01:00:48+10:00,AR,6.11116457,5.91811046,392314300.60897154,16502213.07262174,1.50
2026-10-11T01:00:48+10:00,CFX,0.09242566,0.08940276,391003787.48315895,18958329.83928396,26.14
2026-10-11T01:00:48+10:00,ENS,9.39273186,9.10809535,381596726.733467,18788599.59894776,2.59
2026-10-11T01:00:48+10:00,FLOKI,0.00004080,0.00003923,380329548.66871786,52578031.67046559,1.82
2026-10-11T01:00:48+10:00,JASMY,0.00744882,0.00722915,359429266.77150184,17665219.74700106,4.62
2026-10-11T01:00:48+10:00,MIOTA,0.07640796,0.07401223,352591177.98903656,11083846.85276819,2.62
2026-10-11T01:00:48+10:00,COMP,36.53744476,35.47164764,348693287.1505244,26447402.39938581,3.06
2026-10-11T01:00:48+10:00,THETA,0.33802057,0.32617021,335192902.74844396,9199166.19157668,5.36
2026-10-11T01:00:48+10:00,PONS,0.54720547,0.52763925,334747099.3713598,73168398.30864078,6.98
2026-10-11T01:00:48+10:00,KLAY,0.08273185,0.08032398,325780502.6500233,613507.87116988,5.86
2026-10-11T01:00:48+10:00,RUNE,1.02907831,0.99830462,325420841.86944973,15294623.26585283,2.65
2026-10-11T01:00:48+10:00,ZBCN,0.00343400,0.00329609,323756405.9789677,14604157.44973584,-0.60
2026-10-11T01:00:48+10:00,TWT,0.76755132,0.74600905,321350357.67869544,5986444.35188395,1.95
2026-10-11T01:00:48+10:00,AKT,1.09254614,1.05199436,316262514.55282503,11260681.95850002,1.12
2026-10-11T01:00:48+10:00,WIF,0.32194759,0.31312012,314062215.3066758,89060086.17384672,3.21
2026-10-11T01:00:48+10:00,EIGEN,0.33975997,0.33033240,312279539.45017284,45525987.63371961,4.62
2026-10-11T01:00:48+10:00,AXS,1.85204651,1.79149781,306993397.25444263,35285811.91412403,7.83
2026-10-11T01:00:48+10:00,CVX,3.10906863,3.01645268,300344240.0876346,12288826.23021155,1.78
2026-10-11T01:00:48+10:00,TRAC,0.61577276,0.59091015,289742036.7233694,10427183.47260741,0.66
2026-10-11T01:00:48+10:00,BAT,0.19446400,0.18890481,288385267.8550022,127195346.92281333,14.63
2026-10-11T01:00:48+10:00,SAND,0.09989650,0.09724940,287887842.07943785,151056587.3487449,-1.55
2026-10-11T01:00:48+10:00,KMNO,0.05334880,0.05190937,284645584.63623476,10575902.67506432,4.03
2026-10-11T01:00:48+10:00,MANA,0.14103820,0.13654971,271575362.7704248,24024262.14231967,4.89
2026-10-11T01:00:48+10:00,USELESS,0.27245536,0.26267650,258221617.5578155,24179384.49483596,-4.58
2026-10-11T01:00:48+10:00,TEL,0.00269213,0.00256091,255661588.8591389,1486890.78632113,-2.00
2026-10-11T01:00:48+10:00,EOS,0.15649646,0.15074973,247827826.1946883,14101073.18503828,6.57
2026-10-11T01:00:48+10:00,ANS,3.94669176,3.83547051,247313766.17580947,5325863.88808535,12.18
2026-10-11T01:00:48+10:00,XCN,0.00633123,0.00601994,244767141.21290332,10108399.8953904,1.43
2026-10-11T01:00:48+10:00,CHZ,0.02293527,0.02230425,237756583.1490408,22212712.52189386,2.97
2026-10-11T01:00:48+10:00,FARTCOIN,0.24344617,0.23433321,231809499.93212068,17629334.02019993,0.69
2026-10-11T01:00:48+10:00,GRASS,0.95512640,0.92044139,227216776.44007847,37996791.95249754,1.72
2026-10-11T01:00:48+10:00,DEXE,2.75134909,2.67794444,224084908.6023819,18126770.1069488,2.15
2026-10-11T01:00:48+10:00,APE,0.22451280,0.21715994,220610956.26464123,26399748.63061581,7.16
2026-10-11T01:00:48+10:00,ZK,0.02168399,0.02105636,219191714.93165693,124032763.07304464,9.24
2026-10-11T01:00:48+10:00,SENT,0.02955971,0.02874451,212627606.48315784,41403258.11319656,-7.58
2026-10-11T01:00:48+10:00,AIOZ,0.17273721,0.16577965,208597758.1209622,8748578.55515543,4.70
2026-10-11T01:00:48+10:00,SUPER,0.33610669,0.32559647,203799828.9255035,12575070.62097924,2.33
2026-10-11T01:00:48+10:00,SFP,0.42219739,0.40793111,203455996.69193333,1257195.79882965,3.43
2026-10-11T01:00:48+10:00,1INCH,0.14545485,0.14099618,198931017.0803212,8295972.68847508,1.92
2026-10-11T01:00:48+10:00,EDGE,0.53343278,0.51132051,193510653.56629652,6760537.48752822,-0.61
2026-10-11T01:00:48+10:00,GNT,0.19740820,0.19163008,192588689.4739498,4239721.39268994,3.72
2026-10-11T01:00:48+10:00,BEAM,0.00390106,0.00378956,191743772.01094243,18726544.84559374,1.39
2026-10-11T01:00:48+10:00,ATH,0.01001921,0.00941197,188176050.28975853,13781809.58173761,3.21
2026-10-11T01:00:48+10:00,STPT,0.09646651,0.09376391,182295157.83454728,3369270.75095327,4.88
2026-10-11T01:00:48+10:00,FTM,0.06429164,0.06225060,181539168.45517528,55872136.44298008,-4.37
2026-10-11T01:00:48+10:00,EGLD,5.92077369,5.73886220,177961589.70227155,10132386.98101783,-0.14
2026-10-11T01:00:48+10:00,GALA,0.00360398,0.00349694,177237306.04545373,54183375.74529617,10.11
2026-10-11T01:00:48+10:00,PLUME,0.02783736,0.02702328,171559776.34033456,24632717.94779428,5.32
2026-10-11T01:00:48+10:00,DYDX,0.20507782,0.19933258,170961394.63644657,6237881.29251283,3.18
2026-10-11T01:00:48+10:00,IP,0.29201694,0.28200148,170691518.4967213,100200917.89422566,1.54
2026-10-11T01:00:48+10:00,ZEN,9.63929043,9.37352274,168923636.81101012,24954232.21744275,2.28
2026-10-11T01:00:48+10:00,CASHCAT,0.17060371,0.16433257,165552488.27791113,20441245.30222941,3.26
2026-10-11T01:00:48+10:00,GENIUS,0.49859922,0.48438234,164586484.21098474,18644846.27598543,1.73
2026-10-11T01:00:48+10:00,W,0.02720436,0.02642085,159290715.06856564,153791937.57349733,4.17
2026-10-11T01:00:48+10:00,PEAQ,0.06366540,0.06136705,158805559.43910572,15438340.92653321,9.11
2026-10-11T01:00:48+10:00,ZRX,0.19063655,0.18503204,157962910.2740116,9308862.61354095,10.88
2026-10-11T01:00:48+10:00,MINA,0.12571708,0.12192034,156796332.67829922,71767199.56704591,6.07
2026-10-11T01:00:48+10:00,CHIP,0.07618102,0.07404150,149401338.92710838,26319948.43144359,6.56
2026-10-11T01:00:48+10:00,BNX,0.41203992,0.40004215,148316975.70131558,13287971.16126727,3.87
2026-10-11T01:00:48+10:00,PROM,7.70937141,7.49594947,147265102.45533204,16484621.50307517,0.45
2026-10-11T01:00:48+10:00,NMR,19.82914508,19.27775755,145591023.76833177,60676322.48243102,-2.32
2026-10-11T01:00:48+10:00,QTUM,1.47209689,1.42861953,144453522.62888804,6805087.0290476,7.59
2026-10-11T01:00:48+10:00,RSR,0.00236420,0.00229497,143078983.69698036,5927507.38004451,4.41
2026-10-11T01:00:48+10:00,DOG,0.00145738,0.00138630,138450339.20599806,1130273.89333264,0.86
2026-10-11T01:00:48+10:00,KSM,7.41936832,7.20047194,138324373.46142372,5945951.43538647,2.92
2026-10-11T01:00:48+10:00,FUN,0.01292207,0.01253469,135166522.22505653,1453330.142639,0.25
2026-10-11T01:00:48+10:00,HNT,0.74194842,0.71143979,133848996.5821616,5069935.38608422,-2.28
2026-10-11T01:00:48+10:00,WEMIX,0.28108146,0.26653941,133019523.80067857,819924.26538029,-0.71
2026-10-11T01:00:48+10:00,MELANIA,0.13639411,0.13158057,132585472.01048835,11874390.2945848,1.73
2026-10-11T01:00:48+10:00,ORDI,6.46302396,6.27956558,132358880.83227631,22858980.92398662,5.30
2026-10-11T01:00:48+10:00,RLC,1.39966973,1.36120475,129591178.11617383,343203146.44839394,-9.56
2026-10-11T01:00:48+10:00,LPT,2.69835360,2.62487323,129201430.58994085,25301355.05691926,7.22
2026-10-11T01:00:48+10:00,SAFE,0.17386177,0.16733865,128634262.77570301,1845822.76250557,9.66
2026-10-11T01:00:48+10:00,VELO,0.00763213,0.00733060,128589271.65655366,6843964.81537826,2.42
2026-10-11T01:00:48+10:00,GMX,12.61688276,12.17759520,128262124.18003036,7646998.07610377,1.04
2026-10-11T01:00:48+10:00,GAS,2.06829613,2.01096845,125544459.2719632,1332451.67364785,6.38
2026-10-11T01:00:48+10:00,YFI,3566.89075929,3462.53770399,124126083.53659716,9113077.95086629,5.29
2026-10-11T01:00:48+10:00,HAV,0.36081095,0.34926592,121125331.0821612,13450484.55839868,5.59
2026-10-11T01:00:48+10:00,RIF,0.12512824,0.12163347,119827736.91498958,10191922.42463965,2.89
2026-10-11T01:00:48+10:00,FTT,0.36478561,0.35285181,119403554.53855813,3829156.29557424,1.08
2026-10-11T01:00:48+10:00,ZETA,0.06945585,0.06670642,111157415.3689953,6749764.29817669,0.29
2026-10-11T01:00:48+10:00,BERA,0.32636389,0.31684945,109470396.87836505,21284188.75399204,4.58
2026-10-11T01:00:48+10:00,KAITO,0.46709635,0.45397397,108636825.59762582,16687215.64945004,2.71
2026-10-11T01:00:48+10:00,BOME,0.00154276,0.00149918,107641267.75124782,24780214.31414169,1.45
2026-10-11T01:00:48+10:00,HOT,0.00062417,0.00060529,105866849.2274743,2916072.48103503,5.06
2026-10-11T01:00:48+10:00,TFUEL,0.01452960,0.01404235,105142277.79284556,520079.30560672,2.03
2026-10-11T01:00:48+10:00,BIO,0.04298868,0.04125178,104025502.11874671,14348565.78162238,3.51
2026-10-11T01:00:48+10:00,KAVA,0.09963152,0.09697687,104014520.2347944,12375784.61095014,-1.07
2026-10-11T01:00:48+10:00,ZIL,0.00523330,0.00508336,103325992.35951827,5436076.14251829,3.41
2026-10-11T01:00:48+10:00,RE,0.65478870,0.63714136,101431883.50014707,8821954.89187598,1.22
2026-10-11T01:00:48+10:00,TURBO,0.00148694,0.00143434,98271633.54986806,15227069.74714998,5.17
2026-10-11T01:00:48+10:00,XPR,0.00340573,0.00325203,97550012.7280081,1980462.13505845,1.18
2026-10-11T01:00:48+10:00,SUSHI,0.35050627,0.34109008,97520169.80778211,17084249.22371799,3.78
2026-10-11T01:00:48+10:00,VTHO,0.00104970,0.00101694,96895859.15099461,3855580.27390054,7.09
2026-10-11T01:00:48+10:00,ENJ,0.04732792,0.04599982,96247517.97269458,20484400.40209503,3.33
2026-10-11T01:00:48+10:00,AXL,0.07978766,0.07731184,95824538.23473199,10238791.81413033,5.92
2026-10-11T01:00:48+10:00,CKB,0.00213455,0.00206691,94616773.847904,8553040.39714507,13.15
2026-10-11T01:00:48+10:00,DGB,0.00541732,0.00524974,93587654.73258027,4344343.93546264,-1.21
2026-10-11T01:00:48+10:00,ROSE,0.01196815,0.01161829,93202637.32578097,11205413.53158761,3.95
2026-10-11T01:00:48+10:00,SNEK,0.00132248,0.00124680,89096725.61811209,1606402.88806918,12.81
2026-10-11T01:00:48+10:00,IO,0.22685014,0.21988692,88241237.8516446,36982291.94245627,4.40
2026-10-11T01:00:48+10:00,ASTR,0.01038207,0.01004759,88151465.40936927,1102347.11790529,4.93
2026-10-11T01:00:48+10:00,ALT,0.01208689,0.01167557,87836345.66325991,16055783.65751159,11.21
2026-10-11T01:00:48+10:00,ONT,0.09285988,0.09020670,86963985.39558792,21977623.37164068,3.10
2026-10-11T01:00:48+10:00,ACH,0.00902468,0.00872082,85286531.66072042,4887652.67336726,9.59
2026-10-11T01:00:48+10:00,CELO,0.14149796,0.13761220,85020373.2149185,6532408.42893576,2.34
2026-10-11T01:00:48+10:00,T,0.00805237,0.00781724,84726273.15917666,3455982.89117718,6.07
2026-10-11T01:00:48+10:00,AMP,0.00096283,0.00092802,84049740.16886744,62372443.42306002,-4.23
2026-10-11T01:00:48+10:00,EDU,0.10658837,0.10284258,83674898.06391698,17224244.3163462,7.47
2026-10-11T01:00:48+10:00,ID,0.05579695,0.05364453,83541904.78390706,6597991.78836053,2.57
2026-10-11T01:00:48+10:00,BLUR,0.02783959,0.02680792,79016535.00517878,12822011.38723543,-0.09
2026-10-11T01:00:48+10:00,SC,0.00145738,0.00141284,77732475.80696118,4213916.28049992,2.87
2026-10-11T01:00:48+10:00,BRETT,0.00795263,0.00765835,77613152.63621621,6220075.47134616,2.10
2026-10-11T01:00:48+10:00,POLY,0.06079761,0.05895207,77481632.86218937,1048896.17482032,4.94
2026-10-11T01:00:48+10:00,TRB,28.47263857,27.62549866,77246516.7844733,19369606.06758345,2.73
2026-10-11T01:00:48+10:00,MAGIC,0.15841034,0.15275781,77206661.87897962,499759656.5836828,25.20
2026-10-11T01:00:48+10:00,FLOW,0.04769977,0.04569825,76215230.68504958,5931643.59596044,4.31
2026-10-11T01:00:48+10:00,PHA,0.08920908,0.08663516,76119487.27125184,32467524.01480729,7.49
2026-10-11T01:00:48+10:00,RONIN,0.09877771,0.09581504,76037506.47933343,3384836.12669531,9.86
2026-10-11T01:00:48+10:00,WIN,0.00007782,0.00007504,74306999.81394392,34367597.75534531,0.66
2026-10-11T01:00:48+10:00,XVS,4.63416101,4.48953728,73839386.23239139,3771863.50028306,2.16
2026-10-11T01:00:48+10:00,LSK,0.35875002,0.34883561,73208262.96984193,13407114.00094063,1.74
2026-10-11T01:00:48+10:00,PNUT,0.07375206,0.07171784,72099462.99209836,9075508.38296397,1.07
2026-10-11T01:00:48+10:00,ALLO,0.36213584,0.35213463,71877219.77481376,8877224.09878316,-2.13
2026-10-11T01:00:48+10:00,XYO,0.00541578,0.00515185,71340945.38764302,4251515.52611375,-0.08
2026-10-11T01:00:48+10:00,ANKR,0.00722800,0.00701400,70191031.45939879,8939235.45890415,6.37
2026-10-11T01:00:48+10:00,DUSK,0.12409777,0.12048598,69924582.04140858,4709806.03647956,9.30
2026-10-11T01:00:48+10:00,AVNT,0.20049960,0.19449880,69756914.08725858,56110873.80183155,1.65
2026-10-11T01:00:48+10:00,MASK,0.69335764,0.67271341,68644697.74925058,5341563.39556981,4.75
2026-10-11T01:00:48+10:00,TOSHI,0.00017150,0.00016390,68544636.50707647,3589094.68057293,3.61
2026-10-11T01:00:48+10:00,G,0.00641835,0.00621076,67492149.89660962,6189684.103008,3.66
2026-10-11T01:00:48+10:00,NOT,0.00070808,0.00068418,67480844.22429234,5882107.84285426,6.03
2026-10-11T01:00:48+10:00,POPCAT,0.07198248,0.06883985,67404115.14831142,12458113.22148125,1.98
2026-10-11T01:00:48+10:00,SSV,4.31029969,4.18688796,67226919.63376349,9541243.36744168,3.10
2026-10-11T01:00:48+10:00,XVG,0.00436365,0.00420119,67192416.11564676,2205348.50357248,6.30
2026-10-11T01:00:48+10:00,BARD,0.18224560,0.17685621,65152269.83266183,4833922.94496628,1.25
2026-10-11T01:00:48+10:00,XRB,0.51081763,0.49485315,65077261.59107319,216194.45499961,0.73
2026-10-11T01:00:48+10:00,AGS,3.11090100,2.74437900,64991594.20723356,1.26930592,-0.11
2026-10-11T01:00:48+10:00,SYN,0.28053751,0.27241307,62567016.91646677,11672026.27383603,1.55
2026-10-11T01:00:48+10:00,BAND,0.34903418,0.33908198,62531153.66700189,4921980.78286554,3.03
2026-10-11T01:00:48+10:00,MERL,0.04786382,0.04599307,62044778.62436076,10528729.17750474,2.29
2026-10-11T01:00:48+10:00,REQ,0.08052370,0.07802901,62028498.71547168,883384.12050094,0.60
2026-10-11T01:00:48+10:00,ARK,0.32165317,0.31268981,61772910.27168387,8027379.68179155,0.88
2026-10-11T01:00:48+10:00,MOG,0.00000017,0.00000015,61756368.77189603,14918956.57368657,0.00
2026-10-11T01:00:48+10:00,AURORA,0.09058153,0.08651862,61634942.60200883,1075378.9208182,4.21
2026-10-11T01:00:48+10:00,RPL,2.82053764,2.73388436,61432265.66188118,12762617.08978982,4.91
2026-10-11T01:00:48+10:00,CSPR,0.00365762,0.00347706,61110203.80162746,5590274.71285742,0.06
2026-10-11T01:00:48+10:00,ONG,0.12938260,0.12562098,60980265.73528661,1979564.06645936,0.50
2026-10-11T01:00:48+10:00,MOVE,0.01356537,0.01316023,60691007.20484746,88487213.83737826,3.58
2026-10-11T01:00:48+10:00,MEW,0.00070937,0.00067994,60495713.23223902,5457642.45174179,1.77
2026-10-11T01:00:48+10:00,MOODENG,0.06249045,0.05967838,59781478.82271929,7050961.44626419,2.58
2026-10-11T01:00:48+10:00,AUS,198.91404600,189.24057900,59276456.43079,,0.11
2026-10-11T01:00:48+10:00,LISTA,0.12115358,0.11632634,55881049.0901886,3076989.60091873,2.60
2026-10-11T01:00:48+10:00,COTI,0.01944640,0.01887613,55799849.16857103,8577397.59424536,2.33
2026-10-11T01:00:48+10:00,UMA,0.61239231,0.59525813,55669753.36225927,21313115.86658699,0.10
2026-10-11T01:00:48+10:00,SNT,0.01167962,0.01133572,54861888.28406553,5067302.8892816,0.80
2026-10-11T01:00:48+10:00,RVN,0.00325334,0.00316418,53965782.03646395,6235722.24585612,-0.59
2026-10-11T01:00:48+10:00,WAVES,0.40237003,0.38621017,53557547.07828906,7079819.40937116,3.52
2026-10-11T01:00:48+10:00,MEME,0.00084499,0.00082044,53268028.46836899,9185462.48878537,4.22
2026-10-11T01:00:48+10:00,SAHARA,0.01299862,0.01260799,53266991.00108816,10159667.92802811,2.89
2026-10-11T01:00:48+10:00,RATS,0.00005475,0.00005247,52338108.92738187,4411678.56758326,0.85
2026-10-11T01:00:48+10:00,FLUX,0.12749383,0.12077191,51490373.30658888,10097043.48216888,7.03
2026-10-11T01:00:48+10:00,IOTX,0.00556011,0.00539462,51058696.21838278,2698892.67026761,1.97
2026-10-11T01:00:48+10:00,CATI,0.09500914,0.09105297,50885441.08567289,4707813.53766302,-1.50
2026-10-11T01:00:48+10:00,POWR,0.09038675,0.08778264,50676637.23112062,1563896.49577329,-0.14
2026-10-11T01:00:48+10:00,REZ,0.00576474,0.00559399,50420874.46930279,7834979.01699011,1.86
2026-10-11T01:00:48+10:00,PRO,0.52884188,0.50602407,50226204.05608259,1062979.67945363,0.91
2026-10-11T01:00:48+10:00,ETN,0.00286561,0.00275844,49682258.59127835,287087.36341531,-0.35
2026-10-11T01:00:48+10:00,STEEM,0.09026899,0.08782567,48996407.46980234,3849575.87590686,1.79
2026-10-11T01:00:48+10:00,LUNA2,0.07049251,0.06770845,48497031.63041984,8878332.81385012,3.11
2026-10-11T01:00:48+10:00,CTSI,0.04952134,0.04810833,47672286.40425108,58224161.27928928,-2.77
2026-10-11T01:00:48+10:00,BNT,0.48152290,0.46688319,47110727.52688781,3307994.08873301,1.85
2026-10-11T01:00:48+10:00,HIVE,0.08140696,0.07903306,46812949.45108354,880969.90996346,2.26
2026-10-11T01:00:48+10:00,MANTA,0.09758531,0.09462452,46719082.20962895,3996541.42753109,7.23
2026-10-11T01:00:48+10:00,ZORA,0.01093227,0.01049123,46300987.08299457,14486680.367978,4.90
2026-10-11T01:00:48+10:00,SKL,0.00740465,0.00717178,46164705.01831828,96926511.06406201,-2.84
2026-10-11T01:00:48+10:00,ORBS,0.01081823,0.01032375,45163017.63604134,5676847.99383842,1.83
2026-10-11T01:00:48+10:00,ONE,0.00306050,0.00295763,44759993.70966242,12869822.05829502,-3.16
2026-10-11T01:00:48+10:00,IOST,0.00127484,0.00123784,43928690.26106975,7230664.04460925,4.32
2026-10-11T01:00:48+10:00,UST,0.00848508,0.00747232,43502750.68660975,1468151.53642288,6.11
2026-10-11T01:00:48+10:00,ILV,5.93302655,5.73738289,43331146.84103675,3837528.33062524,5.63
2026-10-11T01:00:48+10:00,FXS,0.46371052,0.44909716,42749352.39802052,998333.97856422,5.03
2026-10-11T01:00:48+10:00,CORE,0.02957738,0.02867853,42630395.02049258,3383388.78370127,4.18
2026-10-11T01:00:48+10:00,MANTRA,0.00672749,0.00649763,42403013.76570072,5458273.8728336,3.95
2026-10-11T01:00:48+10:00,MTL,0.46989333,0.45569520,42292200.41913075,689686.06755478,2.79
2026-10-11T01:00:48+10:00,ARKM,0.19477405,0.18832959,42139441.90181402,42111066.51476658,7.40
2026-10-11T01:00:48+10:00,PUNDIX,0.16973278,0.16495105,41871428.45954299,901146.31975676,3.82
2026-10-11T01:00:48+10:00,KNC,0.20359100,0.19751095,41709840.19037133,4941634.18237377,4.08
2026-10-11T01:00:48+10:00,GMT,0.01295550,0.01250749,41632491.82105694,66812620.78560529,7.43
2026-10-11T01:00:48+10:00,PIXEL,0.00955391,0.00928028,41072057.5764307,85581230.65418686,11.68
2026-10-11T01:00:48+10:00,OSMO,0.05093456,0.04905500,39413842.00756917,4117867.56071973,0.15
2026-10-11T01:00:48+10:00,METIS,4.94624555,4.79075224,39275583.13968613,3634527.11951187,0.46
2026-10-11T01:00:48+10:00,CYBER,0.51969191,0.50345534,39086460.15467839,50906245.93589556,2.47
2026-10-11T01:00:48+10:00,YGG,0.04114511,0.03993249,39004578.36793856,18748499.97152144,9.70
2026-10-11T01:00:48+10:00,OGN,0.05093456,0.04958572,38964406.48588209,148225986.3466651,-7.91
2026-10-11T01:00:48+10:00,WAX,0.00865663,0.00839092,38864997.17879977,1394329.73969898,3.01
2026-10-11T01:00:48+10:00,API3,0.45546678,0.44034758,38666026.03049892,85584970.34215865,-6.02
2026-10-11T01:00:48+10:00,CETUS,0.04010372,0.03823452,38554133.76353165,3629300.5946373,6.90
2026-10-11T01:00:48+10:00,CVC,0.03821564,0.03717853,37739433.57750492,13681805.13628392,3.15
2026-10-11T01:00:48+10:00,AUCT,5.54686108,5.38457603,37690283.4751615,10000141.034288,1.67
2026-10-11T01:00:48+10:00,FLIP,0.44279956,0.41340807,37689737.8784274,57639.11998362,-1.29
2026-10-11T01:00:48+10:00,1000SATS,0.00001775,0.00001723,36633630.14086747,2027579.52201713,3.87
2026-10-11T01:00:48+10:00,BIGTIME,0.01298780,0.01223905,36484066.16847714,19969396.38162619,6.23
2026-10-11T01:00:48+10:00,AEVO,0.03889280,0.03762318,36051552.74051077,12157969.95661367,-0.89
2026-10-11T01:00:48+10:00,WOO,0.01978657,0.01868952,35257017.83139755,1973659.20857022,6.07
2026-10-11T01:00:48+10:00,CELR,0.00460215,0.00444647,35238758.74744517,2658831.4045258,6.90
2026-10-11T01:00:48+10:00,SLP,0.00097462,0.00094092,35042002.90896645,2842225.87759756,6.11
2026-10-11T01:00:48+10:00,DEGEN,0.00147946,0.00141858,35037589.80011645,4941635.15117596,-0.44
2026-10-11T01:00:48+10:00,AUDIO,0.02455458,0.02383901,34860991.5218152,30965760.53525891,-1.97
2026-10-11T01:00:48+10:00,STRAX,0.01604586,0.01556277,34316372.96939467,849738.48412579,2.88
2026-10-11T01:00:48+10:00,XAI,0.01397020,0.01354032,33664177.80661537,35582851.5530854,8.40
2026-10-11T01:00:48+10:00,CHR,0.03431458,0.03336314,33507389.105714,12231305.884972,4.85
2026-10-11T01:00:48+10:00,IQ,0.00125424,0.00120342,33228409.59835289,806131.18626468,2.63
2026-10-11T01:00:48+10:00,DOGS,0.00006575,0.00006358,33120978.04920963,4274590.66654109,2.97
2026-10-11T01:00:48+10:00,MPLX,0.07104340,0.06916469,32991570.99764989,1654459.88376327,-2.80
2026-10-11T01:00:48+10:00,LQTY,0.34597054,0.33420255,32604499.05574388,2855307.32965451,3.06
2026-10-11T01:00:48+10:00,DIA,0.26998257,0.26148327,31988017.51748551,10630336.02994884,5.43
2026-10-11T01:00:48+10:00,MOVR,2.60119521,2.52590260,31903804.77050495,18006906.71551076,-6.77
2026-10-11T01:00:48+10:00,CTK,0.19490563,0.18933511,31602905.79373412,2449955.37802688,9.26
2026-10-11T01:00:48+10:00,XCH,2.24200357,2.17305079,31256895.06335755,1370181.83005042,0.50
2026-10-11T01:00:48+10:00,CGPT,0.03509535,0.03379723,30871998.63091546,8092627.8908685,2.87
2026-10-11T01:00:48+10:00,ACE,0.28148752,0.27295599,30851712.36011182,24325411.86531341,0.02
2026-10-11T01:00:48+10:00,FIDA,0.03145872,0.03058049,30436998.27757676,15529664.95164795,5.79
2026-10-11T01:00:48+10:00,QI,0.00408802,0.00396312,28926548.36706213,2596434.11510705,-0.39
2026-10-11T01:00:48+10:00,BICO,0.02861757,0.02782652,28581200.02903857,14301248.12800612,-0.60
2026-10-11T01:00:48+10:00,TNSR,0.05432038,0.05264090,28230580.66832048,8443796.06023503,1.51
2026-10-11T01:00:48+10:00,ATOR,0.30682510,0.29230813,28220935.62634333,499976.50658492,0.01
2026-10-11T01:00:48+10:00,QKC,0.00399822,0.00384551,27890848.67686447,625336.89784007,1.21
2026-10-11T01:00:48+10:00,DAG,0.01001328,0.00945921,27665191.4773868,929757.58231604,1.40
2026-10-11T01:00:48+10:00,AGLD,0.29618590,0.28730169,27536573.13512879,7464230.5064692,5.30
2026-10-11T01:00:48+10:00,RAD,0.46669217,0.44895021,27481164.76363689,86346477.38085073,-12.31
2026-10-11T01:00:48+10:00,XYM,0.00441630,0.00410656,27363874.60702568,9152.33722758,2.92
2026-10-11T01:00:48+10:00,SPELL,0.00014059,0.00013640,26551934.27318674,4713626.1662757,2.54
2026-10-11T01:00:48+10:00,DODO,0.02754294,0.02675075,26474375.36692302,10132079.20075848,3.68
2026-10-11T01:00:48+10:00,TAIKO,0.12528710,0.12081593,26349351.64548765,5713911.95790632,1.79
2026-10-11T01:00:48+10:00,C98,0.02654191,0.02574670,26286301.89105049,26238422.81848581,15.03
2026-10-11T01:00:48+10:00,ALICE,0.25246462,0.24541847,26055946.49840784,14938485.85113441,2.55
2026-10-11T01:00:48+10:00,JOE,0.05771083,0.05565261,25837982.66437983,6618962.79758658,5.50
2026-10-11T01:00:48+10:00,ANIME,0.00474016,0.00457559,25466246.14137491,4836740.36791803,4.74
2026-10-11T01:00:48+10:00,ARPA,0.01779766,0.01726965,25175191.91304706,9497722.49678417,9.48
2026-10-11T01:00:48+10:00,STG,0.27442505,0.25876417,24974268.10852571,265663.10331853,0.00
2026-10-11T01:00:48+10:00,CHEEL,0.44310117,0.42629088,24511901.94194957,230623.68857062,-0.86
2026-10-11T01:00:48+10:00,AVA,0.34653161,0.33664357,24172740.754898,18055745.7049632,0.80
2026-10-11T01:00:48+10:00,GOAT,0.02476124,0.02380531,23789343.27995329,3840135.00841212,2.81
2026-10-11T01:00:48+10:00,CAT,0.00000306,0.00000294,22992100.19029803,903506.16191227,1.32
2026-10-11T01:00:48+10:00,GTC,0.28727332,0.27844953,22934755.02187184,39336280.15684579,3.88
2026-10-11T01:00:48+10:00,BANANA,5.67640560,5.50649637,22438678.06634859,6210332.13395938,1.25
2026-10-11T01:00:48+10:00,ORN,0.16104740,0.15648834,21873080.47149287,2548558.21578525,38.22
2026-10-11T01:00:48+10:00,ZENT,0.00273664,0.00265212,21301622.2243377,4329090.25487934,-3.83
2026-10-11T01:00:48+10:00,MBL,0.00111733,0.00108437,21058831.30905121,3642413.69356908,1.88
2026-10-11T01:00:48+10:00,PORTAL,0.02473123,0.02395376,21007759.33455676,15280652.11947259,4.78
2026-10-11T01:00:48+10:00,BONE,0.09355176,0.08749577,20473193.3082833,4067251.45467383,1.32
2026-10-11T01:00:48+10:00,POND,0.00247613,0.00237766,20117489.92576146,1847318.38870872,-2.64
2026-10-11T01:00:48+10:00,MAV,0.01715131,0.01663841,19864199.24963946,2189299.17949085,5.27
2026-10-11T01:00:48+10:00,LRC,0.01485378,0.01427173,19758603.82148931,3667683.97528322,1.68
2026-10-11T01:00:48+10:00,RARE,0.02395102,0.02326526,19449812.06870146,15734010.87679597,-1.47
2026-10-11T01:00:48+10:00,OG,4.12039919,4.00902770,19421517.55620206,3103536.61112689,1.57
2026-10-11T01:00:48+10:00,RIO,0.09015933,0.08528688,19007041.14686335,349615.18521409,1.26
2026-10-11T01:00:48+10:00,GLMR,0.01588246,0.01528020,18776406.80611,9901235.52569357,-3.06
2026-10-11T01:00:48+10:00,AI,0.03194707,0.03026469,18553836.49502285,11829724.59846537,9.44
2026-10-11T01:00:48+10:00,STORJ,0.04339140,0.04165573,17726531.85362728,3118020.36127823,0.89
2026-10-11T01:00:48+10:00,DYM,0.02714547,0.02624873,17393315.34320561,5914430.68855227,5.10
2026-10-11T01:00:48+10:00,PONKE,0.03161797,0.03014672,17031646.49088951,3784880.90432712,-1.84
2026-10-11T01:00:48+10:00,BB,0.01407325,0.01364073,16686641.97685065,5390614.30464973,6.79
2026-10-11T01:00:48+10:00,DRIFT,0.02816739,0.02696886,16500278.15975234,2986403.75426478,2.34
2026-10-11T01:00:48+10:00,NAKA,0.17089990,0.15917928,16381420.43831223,685719.37989518,-2.57
2026-10-11T01:00:48+10:00,WAN,0.08469468,0.08097816,16240888.71485722,149468.65387326,-0.40
2026-10-11T01:00:48+10:00,CHILLGUY,0.01623105,0.01561732,15714454.85938277,5552506.59031802,0.04
2026-10-11T01:00:48+10:00,HMSTR,0.00024349,0.00023624,15334041.69175899,4047284.0900144,3.42
2026-10-11T01:00:48+10:00,TLM,0.00216858,0.00208984,15160045.88478773,5066246.30078142,4.99
2026-10-11T01:00:48+10:00,ADX,0.10628540,0.10313026,15106553.78918259,6004460.35433289,1.54
2026-10-11T01:00:48+10:00,OXT,0.01510077,0.01459027,15040011.69056878,4412297.42105557,1.34
2026-10-11T01:00:48+10:00,TKO,0.08464558,0.08161491,14983750.07409142,876982.1441798,2.90
2026-10-11T01:00:48+10:00,LIT,0.18314355,0.17685482,14640212.72503747,8506276.33339358,-2.34
2026-10-11T01:00:48+10:00,EWT,0.50754973,0.48562945,14514498.77211845,414531.74728139,-1.00
2026-10-11T01:00:48+10:00,BEL,0.18769236,0.18245020,14463317.77185198,3029313.30885405,6.46
2026-10-11T01:00:48+10:00,SAGA,0.03256279,0.03158454,14272594.38720668,20284457.61861183,1.04
2026-10-11T01:00:48+10:00,ACT,0.01501539,0.01451569,13711374.70085232,38874195.08265849,2.99
2026-10-11T01:00:48+10:00,COOKIE,0.01762100,0.01705450,13692208.56661048,1854740.45229002,3.13
2026-10-11T01:00:48+10:00,PAAL,0.01406889,0.01345580,13566227.08641072,465838.99252966,-2.71
2026-10-11T01:00:48+10:00,ATM,1.52509238,1.48312509,13556803.44134132,4585501.88193443,0.05
2026-10-11T01:00:48+10:00,GNS,0.59325505,0.56800535,13470765.12798759,665320.32674357,3.19
2026-10-11T01:00:48+10:00,COQ,0.00000020,0.00000018,12930362.42796449,4214984.00289254,0.00
2026-10-11T01:00:48+10:00,WRX,0.03366686,0.03144110,12855392.4644132,18678.28690422,-5.65
2026-10-11T01:00:48+10:00,AVAAI,0.01307666,0.01258260,12577638.60638638,222539.9757551,-2.13
2026-10-11T01:00:48+10:00,TOKEN,0.00321363,0.00306334,12063836.28077196,1727692.24760485,4.54
2026-10-11T01:00:48+10:00,PRIME,0.34299858,0.33133645,11886974.98897684,504165.10583759,2.03
2026-10-11T01:00:48+10:00,DSYNC,0.01266200,0.01213885,11828002.68672565,891309.81260606,-0.37
2026-10-11T01:00:48+10:00,BAR,0.41807552,0.40592301,11619622.77806452,3901167.96741252,0.57
2026-10-11T01:00:48+10:00,ELA,0.53654274,0.50673981,11552518.04779759,113504.69271961,1.71
2026-10-11T01:00:48+10:00,ALPINE,0.53878747,0.52354029,11466193.80430369,4899533.77731791,-0.41
2026-10-11T01:00:48+10:00,PSG,0.67863667,0.65836984,11440465.21881788,2939314.14858437,0.73
2026-10-11T01:00:48+10:00,MAVIA,0.04623479,0.04446140,11290222.10389371,796254.78533022,2.22
2026-10-11T01:00:48+10:00,ASR,1.28661268,1.25075927,11285855.86532187,3930227.62213808,1.37
2026-10-11T01:00:48+10:00,BLAST,0.00009488,0.00009105,11112456.80765403,1540855.80522285,0.03
2026-10-11T01:00:48+10:00,ORAI,0.77600992,0.73577475,10786077.33155427,321579.47431385,1.40
2026-10-11T01:00:48+10:00,VINE,0.01119587,0.01075032,10671978.44283004,5386653.30521412,-0.40
2026-10-11T01:00:48+10:00,GHX,0.01690636,0.01622139,10640537.2684913,366379.91453112,-1.59
2026-10-11T01:00:48+10:00,ZEUS,0.01017321,0.00966248,10505494.75013805,20679523.42458709,-25.42
2026-10-11T01:00:48+10:00,LYXE,0.35853436,0.33639507,10402847.68989155,244936.30113788,-1.24
2026-10-11T01:00:48+10:00,QUICK,0.01601642,0.01521852,10146155.40214718,957698.06266849,1.26
2026-10-11T01:00:48+10:00,WILD,0.02147356,0.02029822,9964171.6493365,174934.72288804,-1.57
2026-10-11T01:00:48+10:00,RBNT,0.00329897,0.00320435,9926498.72879919,225899.94962245,-5.16
2026-10-11T01:00:48+10:00,NOM,0.00334755,0.00324882,9518765.92900866,6750728.61058773,-0.18
2026-10-11T01:00:48+10:00,ALCX,3.75826336,3.64326668,9457507.42678987,232488.77189673,1.22
2026-10-11T01:00:48+10:00,BADGER,0.49609666,0.45755987,9114716.65730386,3330.52729379,0.85
2026-10-11T01:00:48+10:00,HFT,0.00996670,0.00953357,9100950.96263163,2987982.21742018,-0.14
2026-10-11T01:00:48+10:00,SUPRA,0.00021474,0.00020269,8944255.34544144,369336.18958911,2.39
2026-10-11T01:00:48+10:00,DENT,0.00009093,0.00008689,8839713.91430563,44307.75425534,-0.47
2026-10-11T01:00:48+10:00,BRISE,0.00000002,0.00000002,8668580.2568627,780095.95073058,0.88
2026-10-11T01:00:48+10:00,POLS,0.09863027,0.08989621,8337435.57254986,104531.51470782,14.79
2026-10-11T01:00:48+10:00,LAZIO,0.61975279,0.59956120,7871133.43341432,7684712.90912785,-2.69
2026-10-11T01:00:48+10:00,FARM,11.57068154,11.13347873,7828580.50488711,248731.62024921,1.94
2026-10-11T01:00:48+10:00,JUV,0.49462456,0.47907522,7794756.62874263,2837712.67972248,2.30
2026-10-11T01:00:48+10:00,LMWR,0.01516356,0.01431479,7616510.54783482,1392414.26116271,1.24
2026-10-11T01:00:48+10:00,ELIZAOS,0.00057461,0.00054825,7342414.17992039,13170077.90799288,-18.57
2026-10-11T01:00:48+10:00,NKN,0.00948914,0.00908521,7270967.36322485,87776.39921176,3.70
2026-10-11T01:00:48+10:00,CITY,0.52259440,0.50776236,7090624.91874791,2091438.21330108,1.00
2026-10-11T01:00:48+10:00,SCR,0.03783290,0.03673388,7076135.57060733,10313806.67241663,-2.60
2026-10-11T01:00:48+10:00,XEM,0.00084882,0.00080941,6961102.31589134,292318.41789873,4.49
2026-10-11T01:00:48+10:00,BLZ,0.01479455,0.01420016,6843769.58483585,122530.33823975,-0.74
2026-10-11T01:00:48+10:00,MDT,0.01049606,0.01000894,6817350.9666127,173050.10980976,-0.01
2026-10-11T01:00:48+10:00,WEN,0.00000928,0.00000886,6766474.63027963,259450.60404916,-4.03
2026-10-11T01:00:48+10:00,MLN,2.13071304,2.04324149,6584454.61069098,83596.43702881,1.33
2026-10-11T01:00:48+10:00,TRIAS,0.25835301,0.24556191,6565624.49265746,202255.65183276,-3.78
2026-10-11T01:00:48+10:00,AERGO,0.00872271,0.00823094,6524211.44810438,24681.24657202,0.54
2026-10-11T01:00:48+10:00,XRD,0.00066878,0.00063671,6110051.95155563,220370.72646789,-5.01
2026-10-11T01:00:48+10:00,SWELL,0.00117439,0.00112513,5928896.57314062,799844.31206878,0.24
2026-10-11T01:00:48+10:00,ACM,0.42249181,0.41022609,5887300.01869547,1776099.66290355,0.56
2026-10-11T01:00:48+10:00,NIM,0.00041467,0.00039379,5730013.31233795,8502.15944228,0.40
2026-10-11T01:00:48+10:00,BTS,0.00191402,0.00184816,5683832.83288409,107644.91136513,-2.44
2026-10-11T01:00:48+10:00,TX,0.00207566,0.00200953,5060748.17736051,159363.87406921,-2.63
2026-10-11T01:00:48+10:00,GFI,0.05863362,0.05473506,5001644.30842324,186780.54905776,-2.39
2026-10-11T01:00:48+10:00,NEON,0.02147356,0.01989741,4946524.5062663,1951009.82358296,-3.47
2026-10-11T01:00:48+10:00,HTR,0.01007036,0.00971967,4931228.72578689,111079.21800514,3.97
2026-10-11T01:00:48+10:00,KDA,0.01457671,0.01406243,4797587.86270748,10509.48475212,3.58
2026-10-11T01:00:48+10:00,GHST,0.09349288,0.09037883,4726734.09174167,108647.65273612,-0.38
2026-10-11T01:00:48+10:00,HIGH,0.04842658,0.04566384,4610222.49244621,14870693.69274899,-5.61
2026-10-11T01:00:48+10:00,RSS3,0.00451051,0.00425717,4474255.08165727,177422.42307719,-5.61
2026-10-11T01:00:48+10:00,REN,0.00403797,0.00381825,3832077.41096169,18311.01156411,-0.56
2026-10-11T01:00:48+10:00,BCAU,0.03888501,0.03712500,3656615.80218403,3.40852074,0.00
2026-10-11T01:00:48+10:00,PRCL,0.00938913,0.00888941,3552417.83052076,200908.09322861,3.62
2026-10-11T01:00:48+10:00,ERN,0.68334738,0.66439414,3140432.43955153,1267.93520797,-1.27
2026-10-11T01:00:48+10:00,MYRO,0.00318402,0.00305332,2912992.54421904,191567.87934652,-1.79
2026-10-11T01:00:48+10:00,AZERO,0.01070716,0.01020636,2819984.0837647,110538.9563625,-5.13
2026-10-11T01:00:48+10:00,UOS,0.00530323,0.00512179,2475178.74221347,1009773.14081419,-1.05
2026-10-11T01:00:48+10:00,DAR,0.00433914,0.00405105,2129274.87104027,110696.16308536,-1.15
2026-10-11T01:00:48+10:00,SUNDOG,0.00217698,0.00206131,2094070.74218399,978525.18135233,-4.06
2026-10-11T01:00:48+10:00,PERP,0.03303974,0.03140667,1971293.91526766,26076.38190655,8.00
2026-10-11T01:00:48+10:00,SOUL,0.01629029,0.01547417,1907538.46022624,29001.03649877,1.53
2026-10-11T01:00:48+10:00,CHEQ,0.00269975,0.00252940,1713180.52111998,224441.12868769,-3.63
2026-10-11T01:00:48+10:00,YFII,46.34161003,43.92001014,1673982.51903901,49194.9385053,-10.94
2026-10-11T01:00:48+10:00,HOOK,0.00457823,0.00435758,1669245.59070738,71831.13242644,-5.35
2026-10-11T01:00:48+10:00,VOXEL,0.00655379,0.00617777,1537550.85342206,55127.39157744,6.23
2026-10-11T01:00:48+10:00,PYR,0.29470606,0.28457591,1521576.25573228,1136523.39632692,106.57
2026-10-11T01:00:48+10:00,SHR,0.00036135,0.00033524,1241971.95061146,84317.03624572,-1.49
2026-10-11T01:00:48+10:00,RDNT,0.00089724,0.00086434,1208189.84550899,697244.6144266,-1.01
2026-10-11T01:00:48+10:00,IDEX,0.00077330,0.00074113,822348.2869685,168039.16541402,-30.04
2026-10-11T01:00:48+10:00,LTO,0.00272192,0.00259762,788664.48432514,861.60497135,1.99
2026-10-11T01:00:48+10:00,TOMO,0.00601205,0.00555240,725284.35994334,249938.70677776,4.98
2026-10-11T01:00:48+10:00,FIO,0.00073267,0.00066783,633602.17983241,9314.46306838,-4.41
2026-10-11T01:00:48+10:00,XMN,0.00067664,0.00063800,626303.57814847,143890.28175183,0.22
2026-10-11T01:00:48+10:00,ACA,0.00045724,0.00043819,571072.96043172,9915.55590909,-10.64
2026-10-11T01:00:48+10:00,MTV,0.00014195,0.00013718,492328.82557005,62164.49419141,-0.34
2026-10-11T01:00:48+10:00,A2Z,0.00004962,0.00004832,409236.42743318,44822.2279793,34.48
2026-10-11T01:00:48+10:00,POLK,0.00447813,0.00403484,395005.0607826,4.24806412,-0.16
2026-10-11T01:00:48+10:00,GLQ,0.00111880,0.00102886,361147.67649248,84745.62703374,-0.19
2026-10-11T01:00:48+10:00,FIS,0.00202266,0.00190483,291363.82018346,51497.67082568,-17.51
2026-10-11T01:00:48+10:00,RFOX,0.00030547,0.00029417,256287.11562814,11.80165383,0.61
2026-10-11T01:00:48+10:00,NFP,0.00039010,0.00037365,230357.92070764,184721.85360773,-0.77
2026-10-11T01:00:48+10:00,CHO,0.00040578,0.00034355,203893.39313462,57992.49897897,4.87
2026-10-11T01:00:48+10:00,LL,0.00177120,0.00170917,139421.50340173,13432.99159392,-0.31
2026-10-11T01:00:48+10:00,DEGO,0.00499778,0.00477210,105104.91059799,30789.84814595,0.79
2026-10-11T01:00:48+10:00,NYAN,0.00078596,0.00071717,72445.03381824,1859.12280541,0.57
2026-10-11T01:15:27+10:00,BTC,120574.86058834,119386.91653733,2374315013226.398,32697060920.357464,0.05
2026-10-11T01:15:27+10:00,ETH,3691.97951778,3597.11361229,435162068943.40497,11747055553.57039,0.76
2026-10-11T01:15:27+10:00,USDT,1.45332184,1.43878844,263566677316.4198,80070866037.84401,-0.11
2026-10-11T01:15:27+10:00,BNB,1106.94453033,1078.43684631,141923512204.32922,1773100212.1681993,1.64
2026-10-11T01:15:27+10:00,XRP,2.07150873,2.01811484,126613015719.16536,2731026105.9385123,1.83
2026-10-11T01:15:27+10:00,USDC,1.45582428,1.43816474,104374610554.57994,18406797578.46502,-0.11
2026-10-11T01:15:27+10:00,SOL,162.65517727,158.45651870,92378756351.61758,3355366146.4281273,0.78
2026-10-11T01:15:27+10:00,TRX,0.48795081,0.47529782,44966782528.652626,581613314.2380277,-0.55
2026-10-11T01:15:27+10:00,HYPE,127.77506792,123.33186598,30572557063.952747,916543826.9705716,1.04
2026-10-11T01:15:27+10:00,ZEC,1816.85847726,1769.23266633,29331636895.341766,1214674993.7977023,1.63
2026-10-11T01:15:27+10:00,DOGE,0.12692022,0.12365203,19292376483.25338,888177166.32566,2.04
2026-10-11T01:15:27+10:00,WBTC,121973.40503630,118836.92303168,13742028972.903315,182046769.59901753,0.02
2026-10-11T01:15:27+10:00,LINK,19.31631457,18.80819339,13715181155.470184,288274199.33449924,2.74
2026-10-11T01:15:27+10:00,ADA,0.37604900,0.36612135,13177603353.560087,806304182.0708294,8.11
2026-10-11T01:15:27+10:00,STR,0.29168092,0.28391620,9822187169.600128,172876281.07568747,2.90
2026-10-11T01:15:27+10:00,NEAR,7.98625583,7.77720948,9277140963.699411,1376601845.7336624,14.10
2026-10-11T01:15:27+10:00,BCC,412.85880062,401.70054538,8031117093.777832,288263659.92982846,2.60
2026-10-11T01:15:27+10:00,LTC,94.36562244,91.88899975,7061632138.766608,307116072.3231112,1.27
2026-10-11T01:15:27+10:00,CC,0.17840010,0.17199815,6948148642.17298,45078005.98934852,-0.57
2026-10-11T01:15:27+10:00,AVAX,15.48662221,15.07955154,6610322766.7835865,450362683.1063953,3.47
2026-10-11T01:15:27+10:00,UNI,11.24318760,10.94777450,6595473348.087448,698044051.0300586,4.08
2026-10-11T01:15:27+10:00,SUI,1.66409778,1.62043130,6374457339.765519,711501036.615165,7.05
2026-10-11T01:15:27+10:00,TON,2.15353871,2.07892551,6283800301.560964,89300040.91757141,-1.39
2026-10-11T01:15:27+10:00,HBAR,0.13663801,0.13302026,5794478832.2467165,128332957.15940575,2.41
2026-10-11T01:15:27+10:00,SHIB,0.00000804,0.00000779,4625657830.623994,83880450.49881823,1.52
2026-10-11T01:15:27+10:00,TAO,418.45389136,407.43912460,4596108866.908234,215344731.33617693,4.26
2026-10-11T01:15:27+10:00,CRO,0.08989345,0.08747410,4325528290.30611,9812001.16067122,0.22
2026-10-11T01:15:27+10:00,QNT,367.19991543,357.51348538,4297325050.913042,177336087.20304838,-0.71
2026-10-11T01:15:27+10:00,ENA,0.32613490,0.31748689,4178915620.4132633,472491770.7891656,2.77
2026-10-11T01:15:27+10:00,AAVE,252.89810127,246.05593049,3776340512.012768,395973634.28056735,1.50
2026-10-11T01:15:27+10:00,PUMP,0.00838380,0.00815596,3587753880.5062637,284376305.2271219,4.27
2026-10-11T01:15:27+10:00,RLUSD,1.47368724,1.43576309,3503621343.003586,207736295.5524131,-0.10
2026-10-11T01:15:27+10:00,ONDO,0.73626163,0.71038582,3391180725.357363,329401366.02708405,4.88
2026-10-11T01:15:27+10:00,DOT,1.84343516,1.79330600,3091274722.7989006,360590828.6973774,7.44
2026-10-11T01:15:27+10:00,WLD,0.81658877,0.79522361,2828923047.337097,312859790.17531633,13.31
2026-10-11T01:15:27+10:00,ASTER,1.04598749,1.01859781,2771308830.043975,115718713.44409885,1.83
2026-10-11T01:15:27+10:00,WLFI,0.08407361,0.08177475,2638397181.6759267,102515014.4757509,6.82
2026-10-11T01:15:27+10:00,MNT,0.84260535,0.81324358,2600007303.9408145,41594594.96553012,3.86
2026-10-11T01:15:27+10:00,SKY2,0.11433222,0.11095641,2573715491.1512933,23332580.93173198,1.01
2026-10-11T01:15:27+10:00,ICP,4.64539771,4.51626184,2468087289.1682158,100468539.06856123,6.54
2026-10-11T01:15:27+10:00,PEPE,0.00000594,0.00000578,2380034140.9088793,214428431.4938238,3.96
2026-10-11T01:15:27+10:00,ETC,12.32392355,11.97928412,1908213307.1072447,67686643.74852407,1.59
2026-10-11T01:15:27+10:00,MORPHO,3.53815870,3.44458217,1821515623.131023,30652112.23562331,0.35
2026-10-11T01:15:27+10:00,ARB,0.27445393,0.26713086,1784652905.9356818,182071298.46566027,3.91
2026-10-11T01:15:27+10:00,JUP,0.54758270,0.53196629,1763805902.6360676,130946349.96327879,1.61
2026-10-11T01:15:27+10:00,JST,0.20199750,0.19657503,1671107667.9977422,50940767.20225048,-4.36
2026-10-11T01:15:27+10:00,KAS,0.06171056,0.05928232,1645558886.538878,19179129.26140306,0.62
2026-10-11T01:15:27+10:00,VVV,33.38725556,32.21045953,1557462218.0661428,58634568.34858091,2.97
2026-10-11T01:15:27+10:00,ATOM,2.87965259,2.80152396,1517090699.1919475,306561967.1756293,-0.61
2026-10-11T01:15:27+10:00,MATIC,0.14988954,0.14550167,1514360677.4209554,244635446.248516,2.72
2026-10-11T01:15:27+10:00,ALGO,0.17447849,0.16971848,1485130137.221354,153518761.23378223,2.22
2026-10-11T01:15:27+10:00,RNDR,2.85055150,2.76742982,1408047874.4076908,56883153.71527066,3.47
2026-10-11T01:15:27+10:00,FIL,1.66262539,1.61670123,1396468182.8361576,209251494.38144428,5.54
2026-10-11T01:15:27+10:00,PI,0.12095719,0.11762671,1318138846.2490594,5147176.71143624,1.38
2026-10-11T01:15:27+10:00,AERO,1.35847711,1.30892128,1160723000.3239543,70877431.17694305,11.96
2026-10-11T01:15:27+10:00,CAKE,3.23926306,3.15047999,1132072940.909481,57993110.94408534,0.48
2026-10-11T01:15:27+10:00,ZRO,3.00809747,2.92524075,1124701046.4045315,170268668.0351239,1.63
2026-10-11T01:15:27+10:00,NIGHT,0.07071901,0.06870513,1121765715.3307288,29786181.35376209,6.51
2026-10-11T01:15:27+10:00,XDC,0.05282495,0.05064981,1081568461.3914967,30766135.9370351,1.55
2026-10-11T01:15:27+10:00,STABLE,0.04033961,0.03882951,1066008905.5777621,19287288.49672474,4.46
2026-10-11T01:15:27+10:00,APT,1.21693224,1.18142999,1036760146.8278891,192545536.2529527,3.42
2026-10-11T01:15:27+10:00,STX,0.59705508,0.57902264,1015798354.4743809,42024288.31321895,6.09
2026-10-11T01:15:27+10:00,INJ,10.71312637,10.41408663,1000240929.5304253,122638939.30432291,5.78
2026-10-11T01:15:27+10:00,VET,0.01167461,0.01126626,968447640.3749568,22551560.76013353,1.49
2026-10-11T01:15:27+10:00,DASH,75.88709909,73.88420745,942958926.2717357,87262566.19520102,0.83
2026-10-11T01:15:27+10:00,ETHFI,1.00181573,0.97297610,931090621.7706722,71544434.69690853,-0.96
2026-10-11T01:15:27+10:00,PYTH,0.11533249,0.11201706,896957301.2656814,75929976.65648398,-8.22
2026-10-11T01:15:27+10:00,RAY,3.51622005,3.41732392,880586655.6843537,102030106.91213115,0.23
2026-10-11T01:15:27+10:00,FLR,0.01047148,0.01005100,879255299.991359,6003082.97745706,-0.67
2026-10-11T01:15:27+10:00,LIGHTER,5.52899588,5.31615043,872286676.6576633,52934400.0109316,4.51
2026-10-11T01:15:27+10:00,CRV,0.53330050,0.51848063,806829104.7241204,111259635.2049794,2.42
2026-10-11T01:15:27+10:00,STRK,0.12699327,0.12342197,786218413.0826948,581257529.0361725,18.77
2026-10-11T01:15:27+10:00,NEXO,1.23239236,1.19218983,783074266.031674,9365491.153417,-0.94
2026-10-11T01:15:27+10:00,TRUMP,2.79460059,2.71721726,769727855.8020507,399693341.3640771,3.04
2026-10-11T01:15:27+10:00,PENGU,0.01225620,0.01192620,746561275.3833447,219368543.9888673,4.02
2026-10-11T01:15:27+10:00,FET,0.33511649,0.32595129,730232285.4448308,232910060.83718428,5.73
2026-10-11T01:15:27+10:00,SEI,0.10190428,0.09909091,718912255.3686956,70167920.96824577,6.05
2026-10-11T01:15:27+10:00,VIRTUAL,1.09263381,1.05164931,692889117.2606746,123870830.93125714,3.01
2026-10-11T01:15:27+10:00,TIA,0.73840474,0.71746586,627787204.692103,104341219.99878521,6.75
2026-10-11T01:15:27+10:00,IMX,0.30273956,0.29136456,589331690.7322637,32471699.71903107,11.17
2026-10-11T01:15:27+10:00,XPL,0.12756744,0.12412486,562457986.2435298,84504384.70057335,3.61
2026-10-11T01:15:27+10:00,BCHSV,29.00760359,27.84643407,549573334.1743677,13086697.72896005,2.88
2026-10-11T01:15:27+10:00,PENDLE,3.16564345,3.07731310,528029035.10561407,43449363.32727903,2.12
2026-10-11T01:15:27+10:00,FF,0.16025518,0.15593154,518749573.6422616,8658318.58266651,1.94
2026-10-11T01:15:27+10:00,BTT,0.00000054,0.00000051,514772949.7761012,21284595.10678151,0.00
2026-10-11T01:15:27+10:00,LDO,0.63798759,0.62105773,505236184.18772054,91143486.76686677,4.09
2026-10-11T01:15:27+10:00,SPX,0.55905295,0.53112155,496044266.3580894,7681396.76002115,-0.14
2026-10-11T01:15:27+10:00,XTZ,0.43842564,0.42517752,466266101.9093426,11772735.20689796,1.73
2026-10-11T01:15:27+10:00,OP,0.20157051,0.19597248,464677481.4024297,201029289.12408835,11.78
2026-10-11T01:15:27+10:00,SUN,0.02483926,0.02417376,462247293.53655946,24899289.8175017,0.42
2026-10-11T01:15:27+10:00,KITE,0.19376683,0.18793846,444667137.0597977,22192118.99939229,8.90
2026-10-11T01:15:27+10:00,DCR,25.51348637,24.75898800,442082224.42274725,705323.70565312,-1.20
2026-10-11T01:15:27+10:00,GNO,171.15088083,165.47193180,439635062.61255974,1517525.80911249,0.29
2026-10-11T01:15:27+10:00,BONK,0.00000502,0.00000487,430171814.64155734,47880139.1835352,2.86
2026-10-11T01:15:27+10:00,GRT,0.04026993,0.03907972,427137582.50690985,25833566.08354064,2.72
2026-10-11T01:15:27+10:00,MON,0.03659831,0.03527873,419066837.08155686,36895894.61516123,0.74
2026-10-11T01:15:27+10:00,LUNA,0.00007639,0.00007157,408451017.422141,13868407.99055594,1.56
2026-10-11T01:15:27+10:00,SYRUP,0.33923919,0.33011176,393461227.5326407,12012596.13973637,0.02
2026-10-11T01:15:27+10:00,JTO,0.79367112,0.77174597,392955832.4865669,55017506.51927001,5.98
2026-10-11T01:15:27+10:00,AR,6.11631761,5.92364839,392314300.60897154,16502213.07262174,1.90
2026-10-11T01:15:27+10:00,CFX,0.09295213,0.08992353,391003787.48315895,18958329.83928396,29.53
2026-10-11T01:15:27+10:00,ENS,9.37913895,9.09564806,381596726.733467,18788599.59894776,2.97
2026-10-11T01:15:27+10:00,FLOKI,0.00004075,0.00003914,380329548.66871786,52578031.67046559,2.21
2026-10-11T01:15:27+10:00,JASMY,0.00743559,0.00723060,359429266.77150184,17665219.74700106,4.66
2026-10-11T01:15:27+10:00,MIOTA,0.07641717,0.07402767,352591177.98903656,11083846.85276819,2.87
2026-10-11T01:15:27+10:00,COMP,36.61839648,35.56484471,348693287.1505244,26447402.39938581,2.99
2026-10-11T01:15:27+10:00,THETA,0.33879747,0.32767287,335192902.74844396,9199166.19157668,6.32
2026-10-11T01:15:27+10:00,PONS,0.54816003,0.52832197,334747099.3713598,73168398.30864078,7.88
2026-10-11T01:15:27+10:00,KLAY,0.08260121,0.08019664,325780502.6500233,613507.87116988,3.97
2026-10-11T01:15:27+10:00,RUNE,1.02625744,0.99707813,325420841.86944973,15294623.26585283,1.93
2026-10-11T01:15:27+10:00,ZBCN,0.00342612,0.00329320,323756405.9789677,14604157.44973584,-0.06
2026-10-11T01:15:27+10:00,TWT,0.76682191,0.74601529,321350357.67869544,5986444.35188395,2.03
2026-10-11T01:15:27+10:00,AKT,1.08639660,1.04590570,316262514.55282503,11260681.95850002,0.21
2026-10-11T01:15:27+10:00,WIF,0.32138454,0.31257146,314062215.3066758,89060086.17384672,3.41
2026-10-11T01:15:27+10:00,EIGEN,0.34155389,0.33208028,312279539.45017284,45525987.63371961,6.06
2026-10-11T01:15:27+10:00,AXS,1.85668669,1.79617529,306993397.25444263,35285811.91412403,8.41
2026-10-11T01:15:27+10:00,CVX,3.11999929,3.02279660,300344240.0876346,12288826.23021155,2.60
2026-10-11T01:15:27+10:00,TRAC,0.61229223,0.58859936,289742036.7233694,10427183.47260741,-0.82
2026-10-11T01:15:27+10:00,BAT,0.20024536,0.19453783,288385267.8550022,127195346.92281333,17.01
2026-10-11T01:15:27+10:00,SAND,0.09950428,0.09678113,287887842.07943785,151056587.3487449,-0.70
2026-10-11T01:15:27+10:00,KMNO,0.05282944,0.05137463,284645584.63623476,10575902.67506432,3.79
2026-10-11T01:15:27+10:00,MANA,0.14061347,0.13614779,271575362.7704248,24024262.14231967,4.72
2026-10-11T01:15:27+10:00,USELESS,0.27221381,0.26238559,258221617.5578155,24179384.49483596,-3.89
2026-10-11T01:15:27+10:00,TEL,0.00269711,0.00255856,255661588.8591389,1486890.78632113,-1.46
2026-10-11T01:15:27+10:00,EOS,0.15548463,0.14992038,247827826.1946883,14101073.18503828,6.23
2026-10-11T01:15:27+10:00,ANS,3.95337333,3.84341343,247313766.17580947,5325863.88808535,13.44
2026-10-11T01:15:27+10:00,XCN,0.00633250,0.00601599,244767141.21290332,10108399.8953904,1.71
2026-10-11T01:15:27+10:00,CHZ,0.02291043,0.02226568,237756583.1490408,22212712.52189386,3.35
2026-10-11T01:15:27+10:00,FARTCOIN,0.24331762,0.23406570,231809499.93212068,17629334.02019993,1.06
2026-10-11T01:15:27+10:00,GRASS,0.95546618,0.92033975,227216776.44007847,37996791.95249754,2.23
2026-10-11T01:15:27+10:00,DEXE,2.74306686,2.66843933,224084908.6023819,18126770.1069488,1.86
2026-10-11T01:15:27+10:00,APE,0.22409811,0.21663136,220610956.26464123,26399748.63061581,6.47
2026-10-11T01:15:27+10:00,ZK,0.02143804,0.02081669,219191714.93165693,124032763.07304464,9.61
2026-10-11T01:15:27+10:00,SENT,0.02941840,0.02860681,212627606.48315784,41403258.11319656,-8.23
2026-10-11T01:15:27+10:00,AIOZ,0.17257932,0.16479636,208597758.1209622,8748578.55515543,4.08
2026-10-11T01:15:27+10:00,SUPER,0.33482201,0.32480358,203799828.9255035,12575070.62097924,2.64
2026-10-11T01:15:27+10:00,SFP,0.42149517,0.40724662,203455996.69193333,1257195.79882965,3.77
2026-10-11T01:15:27+10:00,1INCH,0.14532512,0.14088211,198931017.0803212,8295972.68847508,2.27
2026-10-11T01:15:27+10:00,EDGE,0.53231212,0.51056806,193510653.56629652,6760537.48752822,0.25
2026-10-11T01:15:27+10:00,GNT,0.19744781,0.19152508,192588689.4739498,4239721.39268994,3.92
2026-10-11T01:15:27+10:00,BEAM,0.00391068,0.00380324,191743772.01094243,18726544.84559374,1.77
2026-10-11T01:15:27+10:00,ATH,0.01015896,0.00957422,188176050.28975853,13781809.58173761,5.23
2026-10-11T01:15:27+10:00,STPT,0.09644170,0.09361057,182295157.83454728,3369270.75095327,4.72
2026-10-11T01:15:27+10:00,FTM,0.06426993,0.06226358,181539168.45517528,55872136.44298008,-2.32
2026-10-11T01:15:27+10:00,EGLD,5.91165509,5.72710206,177961589.70227155,10132386.98101783,-0.26
2026-10-11T01:15:27+10:00,GALA,0.00358234,0.00347902,177237306.04545373,54183375.74529617,10.05
2026-10-11T01:15:27+10:00,PLUME,0.02793129,0.02712913,171559776.34033456,24632717.94779428,5.91
2026-10-11T01:15:27+10:00,DYDX,0.20496178,0.19919079,170961394.63644657,6237881.29251283,3.44
2026-10-11T01:15:27+10:00,IP,0.29366941,0.28331255,170691518.4967213,100200917.89422566,2.73
2026-10-11T01:15:27+10:00,ZEN,9.59736975,9.33554426,168923636.81101012,24954232.21744275,2.82
2026-10-11T01:15:27+10:00,CASHCAT,0.16914314,0.16293507,165552488.27791113,20441245.30222941,3.04
2026-10-11T01:15:27+10:00,GENIUS,0.49943547,0.48447955,164586484.21098474,18644846.27598543,1.90
2026-10-11T01:15:27+10:00,W,0.02700368,0.02621096,159290715.06856564,153791937.57349733,6.11
2026-10-11T01:15:27+10:00,PEAQ,0.06345090,0.06116508,158805559.43910572,15438340.92653321,-0.73
2026-10-11T01:15:27+10:00,ZRX,0.19052757,0.18506917,157962910.2740116,9308862.61354095,11.14
2026-10-11T01:15:27+10:00,MINA,0.12677298,0.12280559,156796332.67829922,71767199.56704591,8.60
2026-10-11T01:15:27+10:00,CHIP,0.07619631,0.07402767,149401338.92710838,26319948.43144359,6.54
2026-10-11T01:15:27+10:00,BNX,0.41109193,0.39926164,148316975.70131558,13287971.16126727,4.38
2026-10-11T01:15:27+10:00,PROM,7.67410867,7.46445692,147265102.45533204,16484621.50307517,-0.43
2026-10-11T01:15:27+10:00,NMR,19.80367643,19.25293328,145591023.76833177,60676322.48243102,-1.00
2026-10-11T01:15:27+10:00,QTUM,1.50165933,1.45455468,144453522.62888804,6805087.0290476,9.59
2026-10-11T01:15:27+10:00,RSR,0.00235436,0.00228538,143078983.69698036,5927507.38004451,4.40
2026-10-11T01:15:27+10:00,DOG,0.00145750,0.00138540,138450339.20599806,1130273.89333264,0.91
2026-10-11T01:15:27+10:00,KSM,7.40613327,7.18757047,138324373.46142372,5945951.43538647,2.96
2026-10-11T01:15:27+10:00,FUN,0.01292459,0.01253096,135166522.22505653,1453330.142639,0.71
2026-10-11T01:15:27+10:00,HNT,0.74055664,0.71158814,133848996.5821616,5069935.38608422,-2.07
2026-10-11T01:15:27+10:00,WEMIX,0.28111531,0.26688134,133019523.80067857,819924.26538029,0.17
2026-10-11T01:15:27+10:00,MELANIA,0.13641054,0.13160801,132585472.01048835,11874390.2945848,2.18
2026-10-11T01:15:27+10:00,ORDI,6.42993717,6.24787812,132358880.83227631,22858980.92398662,5.34
2026-10-11T01:15:27+10:00,RLC,1.38184018,1.34440564,129591178.11617383,343203146.44839394,-8.08
2026-10-11T01:15:27+10:00,LPT,2.70331227,2.63113857,129201430.58994085,25301355.05691926,7.77
2026-10-11T01:15:27+10:00,SAFE,0.17343837,0.16694401,128634262.77570301,1845822.76250557,9.73
2026-10-11T01:15:27+10:00,VELO,0.00763366,0.00732205,128589271.65655366,6843964.81537826,2.89
2026-10-11T01:15:27+10:00,GMX,12.55950631,12.13709504,128262124.18003036,7646998.07610377,1.07
2026-10-11T01:15:27+10:00,GAS,2.07607315,2.01711059,125544459.2719632,1332451.67364785,7.42
2026-10-11T01:15:27+10:00,YFI,3560.24457879,3450.32075585,124126083.53659716,9113077.95086629,4.64
2026-10-11T01:15:27+10:00,HAV,0.35980936,0.34872016,121125331.0821612,13450484.55839868,5.82
2026-10-11T01:15:27+10:00,RIF,0.12559507,0.12208827,119827736.91498958,10191922.42463965,4.04
2026-10-11T01:15:27+10:00,FTT,0.36662569,0.35478766,119403554.53855813,3829156.29557424,-0.15
2026-10-11T01:15:27+10:00,ZETA,0.06976044,0.06700669,111157415.3689953,6749764.29817669,0.98
2026-10-11T01:15:27+10:00,BERA,0.32539870,0.31590878,109470396.87836505,21284188.75399204,4.81
2026-10-11T01:15:27+10:00,KAITO,0.46610328,0.45314972,108636825.59762582,16687215.64945004,3.11
2026-10-11T01:15:27+10:00,BOME,0.00154323,0.00149934,107641267.75124782,24780214.31414169,1.72
2026-10-11T01:15:27+10:00,HOT,0.00062422,0.00060534,105866849.2274743,2916072.48103503,5.38
2026-10-11T01:15:27+10:00,TFUEL,0.01453077,0.01404348,105142277.79284556,520079.30560672,2.06
2026-10-11T01:15:27+10:00,BIO,0.04292024,0.04126038,104025502.11874671,14348565.78162238,3.62
2026-10-11T01:15:27+10:00,KAVA,0.09960734,0.09692460,104014520.2347944,12375784.61095014,-1.27
2026-10-11T01:15:27+10:00,ZIL,0.00522195,0.00507086,103325992.35951827,5436076.14251829,3.30
2026-10-11T01:15:27+10:00,RE,0.65344771,0.63569111,101431883.50014707,8821954.89187598,1.21
2026-10-11T01:15:27+10:00,TURBO,0.00147975,0.00143178,98271633.54986806,15227069.74714998,5.34
2026-10-11T01:15:27+10:00,XPR,0.00340183,0.00325125,97550012.7280081,1980462.13505845,1.15
2026-10-11T01:15:27+10:00,SUSHI,0.34969318,0.34015428,97520169.80778211,17084249.22371799,4.09
2026-10-11T01:15:27+10:00,VTHO,0.00104982,0.00101859,96895859.15099461,3855580.27390054,8.20
2026-10-11T01:15:27+10:00,ENJ,0.04724907,0.04593732,96247517.97269458,20484400.40209503,4.44
2026-10-11T01:15:27+10:00,AXL,0.07995091,0.07732735,95824538.23473199,10238791.81413033,7.41
2026-10-11T01:15:27+10:00,CKB,0.00214207,0.00207568,94616773.847904,8553040.39714507,13.25
2026-10-11T01:15:27+10:00,DGB,0.00540368,0.00523645,93587654.73258027,4344343.93546264,-1.46
2026-10-11T01:15:27+10:00,ROSE,0.01193967,0.01160487,93202637.32578097,11205413.53158761,4.53
2026-10-11T01:15:27+10:00,SNEK,0.00132264,0.00124420,89096725.61811209,1606402.88806918,11.35
2026-10-11T01:15:27+10:00,IO,0.22686834,0.21990456,88241237.8516446,36982291.94245627,5.36
2026-10-11T01:15:27+10:00,ASTR,0.01037300,0.01004537,88151465.40936927,1102347.11790529,5.47
2026-10-11T01:15:27+10:00,ALT,0.01208835,0.01167800,87836345.66325991,16055783.65751159,10.99
2026-10-11T01:15:27+10:00,ONT,0.09394205,0.09117504,86963985.39558792,21977623.37164068,5.20
2026-10-11T01:15:27+10:00,ACH,0.00901105,0.00870829,85286531.66072042,4887652.67336726,10.60
2026-10-11T01:15:27+10:00,CELO,0.14164414,0.13781197,85020373.2149185,6532408.42893576,2.92
2026-10-11T01:15:27+10:00,T,0.00808344,0.00783316,84726273.15917666,3455982.89117718,6.30
2026-10-11T01:15:27+10:00,AMP,0.00095117,0.00091961,84049740.16886744,62372443.42306002,-6.48
2026-10-11T01:15:27+10:00,EDU,0.10586501,0.10200324,83674898.06391698,17224244.3163462,7.69
2026-10-11T01:15:27+10:00,ID,0.05550919,0.05351225,83541904.78390706,6597991.78836053,2.61
2026-10-11T01:15:27+10:00,BLUR,0.02771043,0.02667004,79016535.00517878,12822011.38723543,-0.96
2026-10-11T01:15:27+10:00,SC,0.00146338,0.00141726,77732475.80696118,4213916.28049992,3.77
2026-10-11T01:15:27+10:00,BRETT,0.00793877,0.00764849,77613152.63621621,6220075.47134616,2.82
2026-10-11T01:15:27+10:00,POLY,0.06066257,0.05882043,77481632.86218937,1048896.17482032,5.00
2026-10-11T01:15:27+10:00,TRB,28.41717137,27.55952670,77246516.7844733,19369606.06758345,2.44
2026-10-11T01:15:27+10:00,MAGIC,0.15622083,0.15049424,77206661.87897962,499759656.5836828,24.17
2026-10-11T01:15:27+10:00,FLOW,0.04826502,0.04587994,76215230.68504958,5931643.59596044,5.49
2026-10-11T01:15:27+10:00,PHA,0.08893250,0.08636561,76119487.27125184,32467524.01480729,7.37
2026-10-11T01:15:27+10:00,RONIN,0.09850305,0.09554734,76037506.47933343,3384836.12669531,9.77
2026-10-11T01:15:27+10:00,WIN,0.00007743,0.00007468,74306999.81394392,34367597.75534531,1.07
2026-10-11T01:15:27+10:00,XVS,4.62331182,4.48183037,73839386.23239139,3771863.50028306,2.24
2026-10-11T01:15:27+10:00,LSK,0.35249072,0.34259317,73208262.96984193,13407114.00094063,1.41
2026-10-11T01:15:27+10:00,PNUT,0.07376686,0.07173224,72099462.99209836,9075508.38296397,1.92
2026-10-11T01:15:27+10:00,ALLO,0.36235575,0.35234876,71877219.77481376,8877224.09878316,-0.80
2026-10-11T01:15:27+10:00,XYO,0.00541792,0.00515436,71340945.38764302,4251515.52611375,-0.10
2026-10-11T01:15:27+10:00,ANKR,0.00724330,0.00702891,70191031.45939879,8939235.45890415,7.30
2026-10-11T01:15:27+10:00,DUSK,0.12366607,0.12006531,69924582.04140858,4709806.03647956,9.39
2026-10-11T01:15:27+10:00,AVNT,0.19919070,0.19336683,69756914.08725858,56110873.80183155,1.00
2026-10-11T01:15:27+10:00,MASK,0.69202439,0.67141376,68644697.74925058,5341563.39556981,5.51
2026-10-11T01:15:27+10:00,TOSHI,0.00017715,0.00016393,68544636.50707647,3589094.68057293,3.46
2026-10-11T01:15:27+10:00,G,0.00643436,0.00624070,67492149.89660962,6189684.103008,4.43
2026-10-11T01:15:27+10:00,NOT,0.00069931,0.00067706,67480844.22429234,5882107.84285426,5.92
2026-10-11T01:15:27+10:00,POPCAT,0.07199692,0.06862458,67404115.14831142,12458113.22148125,1.64
2026-10-11T01:15:27+10:00,SSV,4.29886787,4.17574820,67226919.63376349,9541243.36744168,3.58
2026-10-11T01:15:27+10:00,XVG,0.00435975,0.00420207,67192416.11564676,2205348.50357248,7.04
2026-10-11T01:15:27+10:00,BARD,0.18198769,0.17689170,65152269.83266183,4833922.94496628,1.70
2026-10-11T01:15:27+10:00,XRB,0.51092013,0.49495245,65077261.59107319,216194.45499961,1.35
2026-10-11T01:15:27+10:00,AGS,3.11090100,2.74437900,64991594.20723356,1.26930592,-0.09
2026-10-11T01:15:27+10:00,SYN,0.28333246,0.27487794,62567016.91646677,11672026.27383603,2.51
2026-10-11T01:15:27+10:00,BAND,0.34836802,0.33828924,62531153.66700189,4921980.78286554,3.85
2026-10-11T01:15:27+10:00,MERL,0.04786959,0.04585949,62044778.62436076,10528729.17750474,2.10
2026-10-11T01:15:27+10:00,REQ,0.08053986,0.07804467,62028498.71547168,883384.12050094,-0.11
2026-10-11T01:15:27+10:00,ARK,0.32039257,0.31146138,61772910.27168387,8027379.68179155,1.05
2026-10-11T01:15:27+10:00,MOG,0.00000017,0.00000015,61756368.77189603,14918956.57368657,0.00
2026-10-11T01:15:27+10:00,AURORA,0.09106270,0.08702662,61634942.60200883,1075378.9208182,4.76
2026-10-11T01:15:27+10:00,RPL,2.81815887,2.73012906,61432265.66188118,12762617.08978982,4.88
2026-10-11T01:15:27+10:00,CSPR,0.00365687,0.00347776,61110203.80162746,5590274.71285742,-7.97
2026-10-11T01:15:27+10:00,ONG,0.13101347,0.12720995,60980265.73528661,1979564.06645936,1.29
2026-10-11T01:15:27+10:00,MOVE,0.01353129,0.01312843,60691007.20484746,88487213.83737826,4.29
2026-10-11T01:15:27+10:00,MEW,0.00070798,0.00068008,60495713.23223902,5457642.45174179,2.03
2026-10-11T01:15:27+10:00,MOODENG,0.06250299,0.05981922,59781478.82271929,7050961.44626419,3.07
2026-10-11T01:15:27+10:00,AUS,198.91404600,189.24057900,59276456.43079,,0.14
2026-10-11T01:15:27+10:00,LISTA,0.12086886,0.11604879,55881049.0901886,3076989.60091873,2.89
2026-10-11T01:15:27+10:00,COTI,0.01937435,0.01880592,55799849.16857103,8577397.59424536,2.78
2026-10-11T01:15:27+10:00,UMA,0.61251520,0.59394294,55669753.36225927,21313115.86658699,-0.35
2026-10-11T01:15:27+10:00,SNT,0.01164081,0.01130363,54861888.28406553,5067302.8892816,0.00
2026-10-11T01:15:27+10:00,RVN,0.00323780,0.00315047,53965782.03646395,6235722.24585612,-0.42
2026-10-11T01:15:27+10:00,WAVES,0.40152982,0.38657705,53557547.07828906,7079819.40937116,3.87
2026-10-11T01:15:27+10:00,MEME,0.00084369,0.00081918,53268028.46836899,9185462.48878537,4.83
2026-10-11T01:15:27+10:00,SAHARA,0.01298651,0.01259618,53266991.00108816,10159667.92802811,2.92
2026-10-11T01:15:27+10:00,RATS,0.00005468,0.00005228,52338108.92738187,4411678.56758326,0.61
2026-10-11T01:15:27+10:00,FLUX,0.12942329,0.12137095,51490373.30658888,10097043.48216888,9.65
2026-10-11T01:15:27+10:00,IOTX,0.00556860,0.00540000,51058696.21838278,2698892.67026761,2.75
2026-10-11T01:15:27+10:00,CATI,0.09477790,0.09094213,50885441.08567289,4707813.53766302,-1.34
2026-10-11T01:15:27+10:00,POWR,0.09040489,0.08765679,50676637.23112062,1563896.49577329,0.21
2026-10-11T01:15:27+10:00,REZ,0.00573203,0.00556068,50420874.46930279,7834979.01699011,1.83
2026-10-11T01:15:27+10:00,PRO,0.53483001,0.51142713,50226204.05608259,1062979.67945363,2.61
2026-10-11T01:15:27+10:00,ETN,0.00286447,0.00275901,49682258.59127835,287087.36341531,-0.31
2026-10-11T01:15:27+10:00,STEEM,0.09030182,0.08784330,48996407.46980234,3849575.87590686,2.19
2026-10-11T01:15:27+10:00,LUNA2,0.07035289,0.06772257,48497031.63041984,8878332.81385012,3.37
2026-10-11T01:15:27+10:00,CTSI,0.04950183,0.04813233,47672286.40425108,58224161.27928928,-2.58
2026-10-11T01:15:27+10:00,BNT,0.47941094,0.46525531,47110727.52688781,3307994.08873301,2.05
2026-10-11T01:15:27+10:00,HIVE,0.08127606,0.07890546,46812949.45108354,880969.90996346,2.30
2026-10-11T01:15:27+10:00,MANTA,0.09734286,0.09445998,46719082.20962895,3996541.42753109,7.37
2026-10-11T01:15:27+10:00,ZORA,0.01108169,0.01063659,46300987.08299457,14486680.367978,6.45
2026-10-11T01:15:27+10:00,SKL,0.00743559,0.00720191,46164705.01831828,96926511.06406201,-2.62
2026-10-11T01:15:27+10:00,ORBS,0.01079880,0.01032447,45163017.63604134,5676847.99383842,2.43
2026-10-11T01:15:27+10:00,ONE,0.00305081,0.00294820,44759993.70966242,12869822.05829502,-3.46
2026-10-11T01:15:27+10:00,IOST,0.00127200,0.00123364,43928690.26106975,7230664.04460925,4.86
2026-10-11T01:15:27+10:00,UST,0.00866452,0.00747382,43502750.68660975,1468151.53642288,9.38
2026-10-11T01:15:27+10:00,ILV,5.94846489,5.75292566,43331146.84103675,3837528.33062524,6.74
2026-10-11T01:15:27+10:00,FXS,0.46468701,0.45033500,42749352.39802052,998333.97856422,5.91
2026-10-11T01:15:27+10:00,CORE,0.02961509,0.02869518,42630395.02049258,3383388.78370127,4.68
2026-10-11T01:15:27+10:00,MANTRA,0.00671331,0.00648381,42403013.76570072,5458273.8728336,4.23
2026-10-11T01:15:27+10:00,MTL,0.46895695,0.45478240,42292200.41913075,689686.06755478,3.16
2026-10-11T01:15:27+10:00,ARKM,0.19509198,0.18851232,42139441.90181402,42111066.51476658,7.80
2026-10-11T01:15:27+10:00,PUNDIX,0.17006132,0.16527108,41871428.45954299,901146.31975676,4.14
2026-10-11T01:15:27+10:00,KNC,0.20363186,0.19769405,41709840.19037133,4941634.18237377,4.42
2026-10-11T01:15:27+10:00,GMT,0.01297178,0.01253879,41632491.82105694,66812620.78560529,8.00
2026-10-11T01:15:27+10:00,PIXEL,0.00955468,0.00925234,41072057.5764307,85581230.65418686,11.62
2026-10-11T01:15:27+10:00,OSMO,0.05123926,0.04949524,39413842.00756917,4117867.56071973,1.35
2026-10-11T01:15:27+10:00,METIS,4.93251421,4.77736720,39275583.13968613,3634527.11951187,1.10
2026-10-11T01:15:27+10:00,CYBER,0.51680970,0.50069103,39086460.15467839,50906245.93589556,2.81
2026-10-11T01:15:27+10:00,YGG,0.04124171,0.04002659,39004578.36793856,18748499.97152144,10.25
2026-10-11T01:15:27+10:00,OGN,0.05098895,0.04959567,38964406.48588209,148225986.3466651,-5.46
2026-10-11T01:15:27+10:00,WAX,0.00864295,0.00836397,38864997.17879977,1394329.73969898,3.23
2026-10-11T01:15:27+10:00,API3,0.45467475,0.43986209,38666026.03049892,85584970.34215865,-5.44
2026-10-11T01:15:27+10:00,CETUS,0.03991601,0.03812795,38554133.76353165,3629300.5946373,6.61
2026-10-11T01:15:27+10:00,CVC,0.03817914,0.03714295,37739433.57750492,13681805.13628392,3.60
2026-10-11T01:15:27+10:00,AUCT,5.54061223,5.37848337,37690283.4751615,10000141.034288,1.62
2026-10-11T01:15:27+10:00,FLIP,0.44240854,0.41549874,37689737.8784274,57639.11998362,-2.06
2026-10-11T01:15:27+10:00,1000SATS,0.00001766,0.00001713,36633630.14086747,2027579.52201713,4.31
2026-10-11T01:15:27+10:00,BIGTIME,0.01279682,0.01224160,36484066.16847714,19969396.38162619,6.29
2026-10-11T01:15:27+10:00,AEVO,0.03888589,0.03763073,36051552.74051077,12157969.95661367,0.09
2026-10-11T01:15:27+10:00,WOO,0.01964172,0.01850691,35257017.83139755,1973659.20857022,6.69
2026-10-11T01:15:27+10:00,CELR,0.00460271,0.00443449,35238758.74744517,2658831.4045258,7.71
2026-10-11T01:15:27+10:00,SLP,0.00097178,0.00093826,35042002.90896645,2842225.87759756,6.33
2026-10-11T01:15:27+10:00,DEGEN,0.00148112,0.00141888,35037589.80011645,4941635.15117596,-0.40
2026-10-11T01:15:27+10:00,AUDIO,0.02444172,0.02371467,34860991.5218152,30965760.53525891,-1.54
2026-10-11T01:15:27+10:00,STRAX,0.01609325,0.01558024,34316372.96939467,849738.48412579,3.30
2026-10-11T01:15:27+10:00,XAI,0.01389939,0.01347131,33664177.80661537,35582851.5530854,8.38
2026-10-11T01:15:27+10:00,CHR,0.03429202,0.03332679,33507389.105714,12231305.884972,4.74
2026-10-11T01:15:27+10:00,IQ,0.00127952,0.00120223,33228409.59835289,806131.18626468,5.10
2026-10-11T01:15:27+10:00,DOGS,0.00006535,0.00006320,33120978.04920963,4274590.66654109,3.05
2026-10-11T01:15:27+10:00,MPLX,0.07104910,0.06917024,32991570.99764989,1654459.88376327,-2.38
2026-10-11T01:15:27+10:00,LQTY,0.34453980,0.33283759,32604499.05574388,2855307.32965451,2.92
2026-10-11T01:15:27+10:00,DIA,0.26812264,0.25952724,31988017.51748551,10630336.02994884,5.21
2026-10-11T01:15:27+10:00,MOVR,2.55460064,2.48050086,31903804.77050495,18006906.71551076,-7.39
2026-10-11T01:15:27+10:00,CTK,0.19509198,0.18951657,31602905.79373412,2449955.37802688,9.60
2026-10-11T01:15:27+10:00,XCH,2.22893355,2.15888047,31256895.06335755,1370181.83005042,-1.42
2026-10-11T01:15:27+10:00,CGPT,0.03511297,0.03369973,30871998.63091546,8092627.8908685,4.39
2026-10-11T01:15:27+10:00,ACE,0.28122693,0.27272597,30851712.36011182,24325411.86531341,0.42
2026-10-11T01:15:27+10:00,FIDA,0.03139141,0.03051489,30436998.27757676,15529664.95164795,6.01
2026-10-11T01:15:27+10:00,QI,0.00408295,0.00395818,28926548.36706213,2596434.11510705,-0.18
2026-10-11T01:15:27+10:00,BICO,0.02863804,0.02781776,28581200.02903857,14301248.12800612,0.57
2026-10-11T01:15:27+10:00,TNSR,0.05433128,0.05279492,28230580.66832048,8443796.06023503,2.11
2026-10-11T01:15:27+10:00,ATOR,0.30629423,0.29236679,28220935.62634333,499976.50658492,-0.15
2026-10-11T01:15:27+10:00,QKC,0.00398872,0.00385919,27890848.67686447,625336.89784007,1.23
2026-10-11T01:15:27+10:00,DAG,0.01008194,0.00947543,27665191.4773868,929757.58231604,-0.44
2026-10-11T01:15:27+10:00,AGLD,0.29565638,0.28649856,27536573.13512879,7464230.5064692,5.36
2026-10-11T01:15:27+10:00,RAD,0.47705511,0.45908633,27481164.76363689,86346477.38085073,-8.60
2026-10-11T01:15:27+10:00,XYM,0.00441665,0.00410833,27363874.60702568,9152.33722758,3.02
2026-10-11T01:15:27+10:00,SPELL,0.00014033,0.00013629,26551934.27318674,4713626.1662757,2.68
2026-10-11T01:15:27+10:00,DODO,0.02763681,0.02682785,26474375.36692302,10132079.20075848,4.00
2026-10-11T01:15:27+10:00,TAIKO,0.12530219,0.12084112,26349351.64548765,5713911.95790632,2.20
2026-10-11T01:15:27+10:00,C98,0.02640000,0.02563710,26286301.89105049,26238422.81848581,14.99
2026-10-11T01:15:27+10:00,ALICE,0.25163185,0.24460693,26055946.49840784,14938485.85113441,2.65
2026-10-11T01:15:27+10:00,JOE,0.05771778,0.05566421,25837982.66437983,6618962.79758658,5.54
2026-10-11T01:15:27+10:00,ANIME,0.00474111,0.00457651,25466246.14137491,4836740.36791803,5.12
2026-10-11T01:15:27+10:00,ARPA,0.01793374,0.01741658,25175191.91304706,9497722.49678417,11.78
2026-10-11T01:15:27+10:00,STG,0.27442505,0.25876417,24974268.10852571,265663.10331853,0.00
2026-10-11T01:15:27+10:00,CHEEL,0.44313673,0.42632510,24511901.94194957,230623.68857062,-0.81
2026-10-11T01:15:27+10:00,AVA,0.34453980,0.33455916,24172740.754898,18055745.7049632,0.40
2026-10-11T01:15:27+10:00,GOAT,0.02467535,0.02375301,23789343.27995329,3840135.00841212,2.42
2026-10-11T01:15:27+10:00,CAT,0.00000306,0.00000292,22992100.19029803,903506.16191227,1.66
2026-10-11T01:15:27+10:00,GTC,0.28334718,0.27470578,22934755.02187184,39336280.15684579,2.54
2026-10-11T01:15:27+10:00,BANANA,5.67459993,5.50186282,22438678.06634859,6210332.13395938,1.28
2026-10-11T01:15:27+10:00,ORN,0.16490794,0.16024982,21873080.47149287,2548558.21578525,38.54
2026-10-11T01:15:27+10:00,ZENT,0.00273537,0.00265233,21301622.2243377,4329090.25487934,-2.78
2026-10-11T01:15:27+10:00,MBL,0.00116319,0.00112476,21058831.30905121,3642413.69356908,7.18
2026-10-11T01:15:27+10:00,PORTAL,0.02479211,0.02398437,21007759.33455676,15280652.11947259,5.15
2026-10-11T01:15:27+10:00,BONE,0.09079151,0.08750279,20473193.3082833,4067251.45467383,-0.55
2026-10-11T01:15:27+10:00,POND,0.00248679,0.00236957,20117489.92576146,1847318.38870872,-1.79
2026-10-11T01:15:27+10:00,MAV,0.01713865,0.01657014,19864199.24963946,2189299.17949085,5.05
2026-10-11T01:15:27+10:00,LRC,0.01487038,0.01426039,19758603.82148931,3667683.97528322,1.92
2026-10-11T01:15:27+10:00,RARE,0.02395583,0.02326993,19449812.06870146,15734010.87679597,-1.26
2026-10-11T01:15:27+10:00,OG,4.12417083,4.01126687,19421517.55620206,3103536.61112689,1.79
2026-10-11T01:15:27+10:00,RIO,0.08954811,0.08511854,19007041.14686335,349615.18521409,-0.03
2026-10-11T01:15:27+10:00,GLMR,0.01575607,0.01526892,18776406.80611,9901235.52569357,-3.33
2026-10-11T01:15:27+10:00,AI,0.03165644,0.03012754,18553836.49502285,11829724.59846537,7.93
2026-10-11T01:15:27+10:00,STORJ,0.04339662,0.04166441,17726531.85362728,3118020.36127823,1.63
2026-10-11T01:15:27+10:00,DYM,0.02710675,0.02619661,17393315.34320561,5914430.68855227,5.81
2026-10-11T01:15:27+10:00,PONKE,0.03178470,0.03002415,17031646.49088951,3784880.90432712,-1.48
2026-10-11T01:15:27+10:00,BB,0.01407608,0.01362912,16686641.97685065,5390614.30464973,7.30
2026-10-11T01:15:27+10:00,DRIFT,0.02820040,0.02700312,16500278.15975234,2986403.75426478,2.66
2026-10-11T01:15:27+10:00,NAKA,0.17105378,0.15924111,16381420.43831223,685719.37989518,-3.71
2026-10-11T01:15:27+10:00,WAN,0.08455676,0.08135299,16240888.71485722,149468.65387326,-0.24
2026-10-11T01:15:27+10:00,CHILLGUY,0.01612933,0.01552035,15714454.85938277,5552506.59031802,0.18
2026-10-11T01:15:27+10:00,HMSTR,0.00024265,0.00023557,15334041.69175899,4047284.0900144,3.33
2026-10-11T01:15:27+10:00,TLM,0.00216147,0.00208167,15160045.88478773,5066246.30078142,5.05
2026-10-11T01:15:27+10:00,ADX,0.10645397,0.10343789,15106553.78918259,6004460.35433289,2.00
2026-10-11T01:15:27+10:00,OXT,0.01516087,0.01458858,15040011.69056878,4412297.42105557,2.12
2026-10-11T01:15:27+10:00,TKO,0.08480980,0.08177475,14983750.07409142,876982.1441798,3.67
2026-10-11T01:15:27+10:00,LIT,0.18316561,0.17689170,14640212.72503747,8506276.33339358,0.70
2026-10-11T01:15:27+10:00,EWT,0.50759046,0.48566843,14514498.77211845,414531.74728139,-0.84
2026-10-11T01:15:27+10:00,BEL,0.18728831,0.18219989,14463317.77185198,3029313.30885405,6.51
2026-10-11T01:15:27+10:00,SAGA,0.03256540,0.03161576,14272594.38720668,20284457.61861183,1.36
2026-10-11T01:15:27+10:00,ACT,0.01503313,0.01451860,13711374.70085232,38874195.08265849,4.07
2026-10-11T01:15:27+10:00,COOKIE,0.01758037,0.01701488,13692208.56661048,1854740.45229002,3.98
2026-10-11T01:15:27+10:00,PAAL,0.01405577,0.01345860,13566227.08641072,465838.99252966,-1.95
2026-10-11T01:15:27+10:00,ATM,1.52245364,1.47911879,13556803.44134132,4585501.88193443,-0.10
2026-10-11T01:15:27+10:00,GNS,0.59337410,0.56811934,13470765.12798759,665320.32674357,2.69
2026-10-11T01:15:27+10:00,COQ,0.00000020,0.00000018,12930362.42796449,4214984.00289254,0.00
2026-10-11T01:15:27+10:00,WRX,0.03366956,0.03137190,12855392.4644132,18678.28690422,-5.56
2026-10-11T01:15:27+10:00,AVAAI,0.01303380,0.01252796,12577638.60638638,222539.9757551,-2.66
2026-10-11T01:15:27+10:00,TOKEN,0.00320365,0.00305968,12063836.28077196,1727692.24760485,4.84
2026-10-11T01:15:27+10:00,PRIME,0.34302611,0.33136304,11886974.98897684,504165.10583759,2.08
2026-10-11T01:15:27+10:00,DSYNC,0.01266352,0.01214138,11828002.68672565,891309.81260606,-0.11
2026-10-11T01:15:27+10:00,BAR,0.41815942,0.40600447,11619622.77806452,3901167.96741252,0.25
2026-10-11T01:15:27+10:00,ELA,0.53349701,0.50541370,11552518.04779759,113504.69271961,1.01
2026-10-11T01:15:27+10:00,ALPINE,0.53889559,0.52364535,11466193.80430369,4899533.77731791,0.17
2026-10-11T01:15:27+10:00,PSG,0.67877285,0.65993661,11440465.21881788,2939314.14858437,1.21
2026-10-11T01:15:27+10:00,MAVIA,0.04612187,0.04438477,11290222.10389371,796254.78533022,2.57
2026-10-11T01:15:27+10:00,ASR,1.28834327,1.25244491,11285855.86532187,3930227.62213808,1.87
2026-10-11T01:15:27+10:00,BLAST,0.00009472,0.00009106,11112456.80765403,1540855.80522285,0.04
2026-10-11T01:15:27+10:00,ORAI,0.78202782,0.74595054,10786077.33155427,321579.47431385,3.83
2026-10-11T01:15:27+10:00,VINE,0.01119722,0.01075256,10671978.44283004,5386653.30521412,0.17
2026-10-11T01:15:27+10:00,GHX,0.01709205,0.01626057,10640537.2684913,366379.91453112,0.77
2026-10-11T01:15:27+10:00,ZEUS,0.01032212,0.00979210,10505494.75013805,20679523.42458709,-22.65
2026-10-11T01:15:27+10:00,LYXE,0.35798508,0.33646521,10402847.68989155,244936.30113788,-1.25
2026-10-11T01:15:27+10:00,QUICK,0.01589993,0.01507630,10146155.40214718,957698.06266849,0.84
2026-10-11T01:15:27+10:00,WILD,0.02147615,0.02030245,9964171.6493365,174934.72288804,-1.33
2026-10-11T01:15:27+10:00,RBNT,0.00329482,0.00319457,9926498.72879919,225899.94962245,-5.24
2026-10-11T01:15:27+10:00,NOM,0.00334675,0.00324373,9518765.92900866,6750728.61058773,-0.02
2026-10-11T01:15:27+10:00,ALCX,3.76150939,3.64499354,9457507.42678987,232488.77189673,1.24
2026-10-11T01:15:27+10:00,BADGER,0.49613647,0.45759659,9114716.65730386,3330.52729379,1.06
2026-10-11T01:15:27+10:00,HFT,0.01035299,0.00977896,9100950.96263163,2987982.21742018,2.59
2026-10-11T01:15:27+10:00,SUPRA,0.00021491,0.00020302,8944255.34544144,369336.18958911,2.22
2026-10-11T01:15:27+10:00,DENT,0.00009095,0.00008690,8839713.91430563,44307.75425534,-0.59
2026-10-11T01:15:27+10:00,BRISE,0.00000002,0.00000002,8668580.2568627,780095.95073058,0.88
2026-10-11T01:15:27+10:00,POLS,0.09745726,0.09177625,8337435.57254986,104531.51470782,13.80
2026-10-11T01:15:27+10:00,LAZIO,0.61693238,0.59537759,7871133.43341432,7684712.90912785,-3.56
2026-10-11T01:15:27+10:00,FARM,11.50094377,11.13580671,7828580.50488711,248731.62024921,1.40
2026-10-11T01:15:27+10:00,JUV,0.49325143,0.47917136,7794756.62874263,2837712.67972248,2.34
2026-10-11T01:15:27+10:00,LMWR,0.01515179,0.01426039,7616510.54783482,1392414.26116271,1.18
2026-10-11T01:15:27+10:00,ELIZAOS,0.00056283,0.00053691,7342414.17992039,13170077.90799288,-17.76
2026-10-11T01:15:27+10:00,NKN,0.00953849,0.00910029,7270967.36322485,87776.39921176,4.68
2026-10-11T01:15:27+10:00,CITY,0.52269927,0.50786426,7090624.91874791,2091438.21330108,1.32
2026-10-11T01:15:27+10:00,SCR,0.03770797,0.03656909,7076135.57060733,10313806.67241663,-1.65
2026-10-11T01:15:27+10:00,XEM,0.00084196,0.00080431,6961102.31589134,292318.41789873,4.49
2026-10-11T01:15:27+10:00,BLZ,0.01482595,0.01426039,6843769.58483585,122530.33823975,-0.50
2026-10-11T01:15:27+10:00,MDT,0.01044536,0.01000257,6817350.9666127,173050.10980976,-0.55
2026-10-11T01:15:27+10:00,WEN,0.00000928,0.00000886,6766474.63027963,259450.60404916,-3.23
2026-10-11T01:15:27+10:00,MLN,2.12941182,2.04354891,6584454.61069098,83596.43702881,1.32
2026-10-11T01:15:27+10:00,TRIAS,0.25631264,0.24357335,6565624.49265746,202255.65183276,-3.73
2026-10-11T01:15:27+10:00,AERGO,0.00872376,0.00824697,6524211.44810438,24681.24657202,0.92
2026-10-11T01:15:27+10:00,XRD,0.00066884,0.00063647,6110051.95155563,220370.72646789,-1.29
2026-10-11T01:15:27+10:00,SWELL,0.00117601,0.00112536,5928896.57314062,799844.31206878,0.28
2026-10-11T01:15:27+10:00,ACM,0.42404899,0.41030841,5887300.01869547,1776099.66290355,1.30
2026-10-11T01:15:27+10:00,NIM,0.00041472,0.00039387,5730013.31233795,8502.15944228,2.88
2026-10-11T01:15:27+10:00,BTS,0.00192169,0.00184831,5683832.83288409,107644.91136513,-2.35
2026-10-11T01:15:27+10:00,TX,0.00207730,0.00200969,5060748.17736051,159363.87406921,-3.00
2026-10-11T01:15:27+10:00,GFI,0.05863833,0.05466773,5001644.30842324,186780.54905776,2.78
2026-10-11T01:15:27+10:00,NEON,0.02103181,0.01961520,4946524.5062663,1951009.82358296,-4.76
2026-10-11T01:15:27+10:00,HTR,0.01010120,0.00972169,4931228.72578689,111079.21800514,3.87
2026-10-11T01:15:27+10:00,KDA,0.01458819,0.01408651,4797587.86270748,10509.48475212,3.58
2026-10-11T01:15:27+10:00,GHST,0.09350038,0.09038608,4726734.09174167,108647.65273612,-0.32
2026-10-11T01:15:27+10:00,HIGH,0.04872863,0.04567336,4610222.49244621,14870693.69274899,-3.62
2026-10-11T01:15:27+10:00,RSS3,0.00452854,0.00418005,4474255.08165727,177422.42307719,-4.83
2026-10-11T01:15:27+10:00,REN,0.00400443,0.00383290,3832077.41096169,18311.01156411,-0.44
2026-10-11T01:15:27+10:00,BCAU,0.03888501,0.03712500,3656615.80218403,3.40852074,0.00
2026-10-11T01:15:27+10:00,PRCL,0.00939026,0.00889127,3552417.83052076,200908.09322861,3.66
2026-10-11T01:15:27+10:00,ERN,0.68230660,0.66337975,3140432.43955153,1267.93520797,-0.56
2026-10-11T01:15:27+10:00,MYRO,0.00317699,0.00304393,2912992.54421904,191567.87934652,-1.65
2026-10-11T01:15:27+10:00,AZERO,0.01067883,0.01020849,2819984.0837647,110538.9563625,-5.35
2026-10-11T01:15:27+10:00,UOS,0.00530239,0.00512286,2475178.74221347,1009773.14081419,-0.62
2026-10-11T01:15:27+10:00,DAR,0.00433967,0.00405190,2129274.87104027,110696.16308536,-1.11
2026-10-11T01:15:27+10:00,SUNDOG,0.00216243,0.00204742,2094070.74218399,978525.18135233,-5.32
2026-10-11T01:15:27+10:00,PERP,0.03226065,0.03054277,1971293.91526766,26076.38190655,4.55
2026-10-11T01:15:27+10:00,SOUL,0.01635150,0.01557762,1907538.46022624,29001.03649877,2.59
2026-10-11T01:15:27+10:00,CHEQ,0.00270007,0.00252993,1713180.52111998,224441.12868769,-3.08
2026-10-11T01:15:27+10:00,YFII,45.02033544,43.06285168,1673982.51903901,49194.9385053,-9.97
2026-10-11T01:15:27+10:00,HOOK,0.00456534,0.00429481,1669245.59070738,71831.13242644,-3.21
2026-10-11T01:15:27+10:00,VOXEL,0.00640561,0.00609794,1537550.85342206,55127.39157744,4.43
2026-10-11T01:15:27+10:00,PYR,0.32243837,0.30067104,1521576.25573228,1136523.39632692,118.60
2026-10-11T01:15:27+10:00,SHR,0.00036080,0.00033531,1241971.95061146,84317.03624572,-2.89
2026-10-11T01:15:27+10:00,RDNT,0.00089923,0.00086412,1208189.84550899,697244.6144266,-2.53
2026-10-11T01:15:27+10:00,IDEX,0.00077277,0.00073917,822348.2869685,168039.16541402,-19.96
2026-10-11T01:15:27+10:00,LTO,0.00272213,0.00259783,788664.48432514,861.60497135,2.04
2026-10-11T01:15:27+10:00,TOMO,0.00617447,0.00574793,725284.35994334,249938.70677776,7.52
2026-10-11T01:15:27+10:00,FIO,0.00073273,0.00066487,633602.17983241,9314.46306838,-4.36
2026-10-11T01:15:27+10:00,XMN,0.00068946,0.00063069,626303.57814847,143890.28175183,-1.61
2026-10-11T01:15:27+10:00,ACA,0.00045728,0.00043779,571072.96043172,9915.55590909,-10.76
2026-10-11T01:15:27+10:00,MTV,0.00014196,0.00013719,492328.82557005,62164.49419141,-0.18
2026-10-11T01:15:27+10:00,A2Z,0.00005918,0.00005474,409236.42743318,44822.2279793,48.26
2026-10-11T01:15:27+10:00,POLK,0.00447849,0.00403516,395005.0607826,4.24806412,-0.10
2026-10-11T01:15:27+10:00,GLQ,0.00111992,0.00102894,361147.67649248,84745.62703374,-0.13
2026-10-11T01:15:27+10:00,FIS,0.00204197,0.00192505,291363.82018346,51497.67082568,-13.19
2026-10-11T01:15:27+10:00,RFOX,0.00030549,0.00029420,256287.11562814,11.80165383,0.67
2026-10-11T01:15:27+10:00,NFP,0.00039279,0.00037368,230357.92070764,184721.85360773,-0.04
2026-10-11T01:15:27+10:00,CHO,0.00040287,0.00034362,203893.39313462,57992.49897897,0.26
2026-10-11T01:15:27+10:00,LL,0.00177438,0.00171096,139421.50340173,13432.99159392,-0.27
2026-10-11T01:15:27+10:00,DEGO,0.00499818,0.00477249,105104.91059799,30789.84814595,0.85
2026-10-11T01:15:27+10:00,NYAN,0.00078602,0.00071723,72445.03381824,1859.12280541,0.62
2026-10-11T01:30:39+10:00,BTC,120634.98450541,119440.14526643,2374315013226.398,32697060920.357464,-0.12
2026-10-11T01:30:39+10:00,ETH,3694.16700738,3599.16832985,435162068943.40497,11747055553.57039,0.56
2026-10-11T01:30:39+10:00,USDT,1.45325723,1.43862360,263566677316.4198,80070866037.84401,-0.08
2026-10-11T01:30:39+10:00,BNB,1105.79333977,1077.20345081,141923512204.32922,1773100212.1681993,1.40
2026-10-11T01:30:39+10:00,XRP,2.07154092,2.01813408,126613015719.16536,2731026105.9385123,1.59
2026-10-11T01:30:39+10:00,USDC,1.45586291,1.43910034,104374610554.57994,18406797578.46502,-0.10
2026-10-11T01:30:39+10:00,SOL,162.74395204,158.54514184,92378756351.61758,3355366146.4281273,0.65
2026-10-11T01:30:39+10:00,TRX,0.48767250,0.47499005,44966782528.652626,581613314.2380277,-0.48
2026-10-11T01:30:39+10:00,HYPE,127.70867182,123.24043877,30572557063.952747,916543826.9705716,0.70
2026-10-11T01:30:39+10:00,ZEC,1816.78245220,1768.79299174,29331636895.341766,1214674993.7977023,1.07
2026-10-11T01:30:39+10:00,DOGE,0.12688612,0.12360927,19292376483.25338,888177166.32566,1.78
2026-10-11T01:30:39+10:00,WBTC,122005.10462269,118838.38231197,13742028972.903315,182046769.59901753,-0.16
2026-10-11T01:30:39+10:00,LINK,19.35822824,18.84614842,13715181155.470184,288274199.33449924,2.46
2026-10-11T01:30:39+10:00,ADA,0.37580076,0.36570792,13177603353.560087,806304182.0708294,7.40
2026-10-11T01:30:39+10:00,STR,0.29174975,0.28396144,9822187169.600128,172876281.07568747,2.71
2026-10-11T01:30:39+10:00,NEAR,7.96203000,7.75444217,9277140963.699411,1376601845.7336624,13.06
2026-10-11T01:30:39+10:00,BCC,413.48386511,402.13530323,8031117093.777832,288263659.92982846,2.05
2026-10-11T01:30:39+10:00,LTC,94.36970663,91.87156749,7061632138.766608,307116072.3231112,1.03
2026-10-11T01:30:39+10:00,CC,0.17804121,0.17172399,6948148642.17298,45078005.98934852,-1.01
2026-10-11T01:30:39+10:00,AVAX,15.50306895,15.09298120,6610322766.7835865,450362683.1063953,3.22
2026-10-11T01:30:39+10:00,UNI,11.24163859,10.94398894,6595473348.087448,698044051.0300586,3.29
2026-10-11T01:30:39+10:00,SUI,1.66497544,1.62144855,6374457339.765519,711501036.615165,6.44
2026-10-11T01:30:39+10:00,TON,2.15592150,2.07963792,6283800301.560964,89300040.91757141,-1.23
2026-10-11T01:30:39+10:00,HBAR,0.13639522,0.13274480,5794478832.2467165,128332957.15940575,1.70
2026-10-11T01:30:39+10:00,SHIB,0.00000804,0.00000781,4625657830.623994,83880450.49881823,1.39
2026-10-11T01:30:39+10:00,TAO,418.93025279,407.72848326,4596108866.908234,215344731.33617693,3.51
2026-10-11T01:30:39+10:00,CRO,0.08999251,0.08753580,4325528290.30611,9812001.16067122,-0.12
2026-10-11T01:30:39+10:00,QNT,365.70285314,356.04176312,4297325050.913042,177336087.20304838,-1.43
2026-10-11T01:30:39+10:00,ENA,0.32810806,0.31924150,4178915620.4132633,472491770.7891656,2.82
2026-10-11T01:30:39+10:00,AAVE,252.52102905,245.82743340,3776340512.012768,395973634.28056735,1.12
2026-10-11T01:30:39+10:00,PUMP,0.00838008,0.00815456,3587753880.5062637,284376305.2271219,3.47
2026-10-11T01:30:39+10:00,RLUSD,1.47346867,1.43543946,3503621343.003586,207736295.5524131,-0.08
2026-10-11T01:30:39+10:00,ONDO,0.73693971,0.71094857,3391180725.357363,329401366.02708405,3.73
2026-10-11T01:30:39+10:00,DOT,1.84735583,1.79698835,3091274722.7989006,360590828.6973774,6.89
2026-10-11T01:30:39+10:00,WLD,0.82328774,0.80125889,2828923047.337097,312859790.17531633,13.78
2026-10-11T01:30:39+10:00,ASTER,1.04762004,1.01953633,2771308830.043975,115718713.44409885,1.33
2026-10-11T01:30:39+10:00,WLFI,0.08405101,0.08174647,2638397181.6759267,102515014.4757509,5.86
2026-10-11T01:30:39+10:00,MNT,0.84134244,0.81210361,2600007303.9408145,41594594.96553012,3.61
2026-10-11T01:30:39+10:00,SKY2,0.11430055,0.11094574,2573715491.1512933,23332580.93173198,0.80
2026-10-11T01:30:39+10:00,ICP,4.63678952,4.50752945,2468087289.1682158,100468539.06856123,4.92
2026-10-11T01:30:39+10:00,PEPE,0.00000594,0.00000578,2380034140.9088793,214428431.4938238,3.71
2026-10-11T01:30:39+10:00,ETC,12.32061215,11.97514187,1908213307.1072447,67686643.74852407,1.11
2026-10-11T01:30:39+10:00,MORPHO,3.54456799,3.44912768,1821515623.131023,30652112.23562331,0.13
2026-10-11T01:30:39+10:00,ARB,0.27511618,0.26775556,1784652905.9356818,182071298.46566027,3.45
2026-10-11T01:30:39+10:00,JUP,0.54655237,0.53092185,1763805902.6360676,130946349.96327879,0.01
2026-10-11T01:30:39+10:00,JST,0.20133971,0.19581866,1671107667.9977422,50940767.20225048,-4.39
2026-10-11T01:30:39+10:00,KAS,0.06151531,0.05927553,1645558886.538878,19179129.26140306,0.38
2026-10-11T01:30:39+10:00,VVV,33.31609447,32.15638351,1557462218.0661428,58634568.34858091,2.51
2026-10-11T01:30:39+10:00,ATOM,2.88069749,2.80089246,1517090699.1919475,306561967.1756293,-0.95
2026-10-11T01:30:39+10:00,MATIC,0.15032031,0.14598199,1514360677.4209554,244635446.248516,2.66
2026-10-11T01:30:39+10:00,ALGO,0.17384281,0.16894272,1485130137.221354,153518761.23378223,1.63
2026-10-11T01:30:39+10:00,RNDR,2.84978556,2.76503874,1408047874.4076908,56883153.71527066,3.37
2026-10-11T01:30:39+10:00,FIL,1.66247305,1.61614220,1396468182.8361576,209251494.38144428,5.60
2026-10-11T01:30:39+10:00,PI,0.12101070,0.11761323,1318138846.2490594,5147176.71143624,0.87
2026-10-11T01:30:39+10:00,AERO,1.35974087,1.31104496,1160723000.3239543,70877431.17694305,11.91
2026-10-11T01:30:39+10:00,CAKE,3.23692069,3.14795645,1132072940.909481,57993110.94408534,0.24
2026-10-11T01:30:39+10:00,ZRO,3.00140122,2.91849266,1124701046.4045315,170268668.0351239,-0.09
2026-10-11T01:30:39+10:00,NIGHT,0.07096496,0.06895387,1121765715.3307288,29786181.35376209,6.48
2026-10-11T01:30:39+10:00,XDC,0.05268933,0.05035772,1081568461.3914967,30766135.9370351,1.23
2026-10-11T01:30:39+10:00,STABLE,0.04016441,0.03874166,1066008905.5777621,19287288.49672474,-0.43
2026-10-11T01:30:39+10:00,APT,1.21351406,1.17858342,1036760146.8278891,192545536.2529527,3.41
2026-10-11T01:30:39+10:00,STX,0.59571706,0.57810535,1015798354.4743809,42024288.31321895,5.10
2026-10-11T01:30:39+10:00,INJ,10.76618366,10.46785156,1000240929.5304253,122638939.30432291,5.34
2026-10-11T01:30:39+10:00,VET,0.01170238,0.01118922,968447640.3749568,22551560.76013353,1.84
2026-10-11T01:30:39+10:00,DASH,75.82254857,73.75826906,942958926.2717357,87262566.19520102,0.14
2026-10-11T01:30:39+10:00,ETHFI,1.00728733,0.97837626,931090621.7706722,71544434.69690853,-1.06
2026-10-11T01:30:39+10:00,PYTH,0.11558118,0.11222213,896957301.2656814,75929976.65648398,-9.19
2026-10-11T01:30:39+10:00,RAY,3.53470561,3.43335205,880586655.6843537,102030106.91213115,0.23
2026-10-11T01:30:39+10:00,FLR,0.01046866,0.01004752,879255299.991359,6003082.97745706,1.07
2026-10-11T01:30:39+10:00,LIGHTER,5.54675955,5.33434999,872286676.6576633,52934400.0109316,4.97
2026-10-11T01:30:39+10:00,CRV,0.53197960,0.51715403,806829104.7241204,111259635.2049794,-0.62
2026-10-11T01:30:39+10:00,STRK,0.12893219,0.12524420,786218413.0826948,581257529.0361725,19.45
2026-10-11T01:30:39+10:00,NEXO,1.23500521,1.19321174,783074266.031674,9365491.153417,-0.45
2026-10-11T01:30:39+10:00,TRUMP,2.79384969,2.71771183,769727855.8020507,399693341.3640771,2.52
2026-10-11T01:30:39+10:00,PENGU,0.01224848,0.01191777,746561275.3833447,219368543.9888673,3.30
2026-10-11T01:30:39+10:00,FET,0.33532085,0.32612542,730232285.4448308,232910060.83718428,5.17
2026-10-11T01:30:39+10:00,SEI,0.10209769,0.09921440,718912255.3686956,70167920.96824577,5.40
2026-10-11T01:30:39+10:00,VIRTUAL,1.09006776,1.04966797,692889117.2606746,123870830.93125714,3.16
2026-10-11T01:30:39+10:00,TIA,0.73747034,0.71707436,627787204.692103,104341219.99878521,6.29
2026-10-11T01:30:39+10:00,IMX,0.29954871,0.28825814,589331690.7322637,32471699.71903107,8.33
2026-10-11T01:30:39+10:00,XPL,0.12807844,0.12459884,562457986.2435298,84504384.70057335,3.38
2026-10-11T01:30:39+10:00,BCHSV,28.83248851,27.67936532,549573334.1743677,13086697.72896005,2.30
2026-10-11T01:30:39+10:00,PENDLE,3.17215283,3.08341976,528029035.10561407,43449363.32727903,1.70
2026-10-11T01:30:39+10:00,FF,0.16009436,0.15571986,518749573.6422616,8658318.58266651,1.78
2026-10-11T01:30:39+10:00,BTT,0.00000054,0.00000051,514772949.7761012,21284595.10678151,0.00
2026-10-11T01:30:39+10:00,LDO,0.63899376,0.62199030,505236184.18772054,91143486.76686677,3.70
2026-10-11T01:30:39+10:00,SPX,0.55902810,0.53220585,496044266.3580894,7681396.76002115,-1.33
2026-10-11T01:30:39+10:00,XTZ,0.43688862,0.42393436,466266101.9093426,11772735.20689796,0.58
2026-10-11T01:30:39+10:00,OP,0.20387154,0.19805593,464677481.4024297,201029289.12408835,12.60
2026-10-11T01:30:39+10:00,SUN,0.02483259,0.02416540,462247293.53655946,24899289.8175017,0.40
2026-10-11T01:30:39+10:00,KITE,0.19327317,0.18744323,444667137.0597977,22192118.99939229,8.52
2026-10-11T01:30:39+10:00,DCR,25.50970233,24.75340703,442082224.42274725,705323.70565312,-1.06
2026-10-11T01:30:39+10:00,GNO,171.10489313,165.47208019,439635062.61255974,1517525.80911249,0.81
2026-10-11T01:30:39+10:00,BONK,0.00000503,0.00000489,430171814.64155734,47880139.1835352,2.44
2026-10-11T01:30:39+10:00,GRT,0.04009719,0.03892279,427137582.50690985,25833566.08354064,2.40
2026-10-11T01:30:39+10:00,MON,0.03652925,0.03520928,419066837.08155686,36895894.61516123,0.29
2026-10-11T01:30:39+10:00,LUNA,0.00007634,0.00007157,408451017.422141,13868407.99055594,0.93
2026-10-11T01:30:39+10:00,SYRUP,0.34194483,0.33272250,393461227.5326407,12012596.13973637,0.58
2026-10-11T01:30:39+10:00,JTO,0.80032460,0.77816909,392955832.4865669,55017506.51927001,5.18
2026-10-11T01:30:39+10:00,AR,6.10731420,5.91586350,392314300.60897154,16502213.07262174,0.90
2026-10-11T01:30:39+10:00,CFX,0.08633261,0.08351048,391003787.48315895,18958329.83928396,18.70
2026-10-11T01:30:39+10:00,ENS,9.34717887,9.07816144,381596726.733467,18788599.59894776,2.18
2026-10-11T01:30:39+10:00,FLOKI,0.00004071,0.00003910,380329548.66871786,52578031.67046559,1.50
2026-10-11T01:30:39+10:00,JASMY,0.00744831,0.00722810,359429266.77150184,17665219.74700106,4.47
2026-10-11T01:30:39+10:00,MIOTA,0.07610223,0.07371524,352591177.98903656,11083846.85276819,2.28
2026-10-11T01:30:39+10:00,COMP,36.72631697,35.65293736,348693287.1505244,26447402.39938581,3.39
2026-10-11T01:30:39+10:00,THETA,0.33723444,0.32598200,335192902.74844396,9199166.19157668,5.43
2026-10-11T01:30:39+10:00,PONS,0.54964153,0.52971369,334747099.3713598,73168398.30864078,7.69
2026-10-11T01:30:39+10:00,KLAY,0.08302062,0.08059915,325780502.6500233,613507.87116988,8.60
2026-10-11T01:30:39+10:00,RUNE,1.02303769,0.99386506,325420841.86944973,15294623.26585283,1.36
2026-10-11T01:30:39+10:00,ZBCN,0.00341350,0.00326315,323756405.9789677,14604157.44973584,-0.95
2026-10-11T01:30:39+10:00,TWT,0.76661587,0.74575733,321350357.67869544,5986444.35188395,1.84
2026-10-11T01:30:39+10:00,AKT,1.09099105,1.05055350,316262514.55282503,11260681.95850002,0.98
2026-10-11T01:30:39+10:00,WIF,0.32104248,0.31221417,314062215.3066758,89060086.17384672,2.88
2026-10-11T01:30:39+10:00,EIGEN,0.34444723,0.33458689,312279539.45017284,45525987.63371961,6.45
2026-10-11T01:30:39+10:00,AXS,1.84735583,1.78694931,306993397.25444263,35285811.91412403,7.35
2026-10-11T01:30:39+10:00,CVX,3.11327297,3.01888307,300344240.0876346,12288826.23021155,0.83
2026-10-11T01:30:39+10:00,TRAC,0.61212771,0.58725081,289742036.7233694,10427183.47260741,-0.89
2026-10-11T01:30:39+10:00,BAT,0.19606996,0.19045495,288385267.8550022,127195346.92281333,11.72
2026-10-11T01:30:39+10:00,SAND,0.09922730,0.09654689,287887842.07943785,151056587.3487449,-0.97
2026-10-11T01:30:39+10:00,KMNO,0.05255029,0.05109871,284645584.63623476,10575902.67506432,2.57
2026-10-11T01:30:39+10:00,MANA,0.14013409,0.13567046,271575362.7704248,24024262.14231967,3.74
2026-10-11T01:30:39+10:00,USELESS,0.27381388,0.26416983,258221617.5578155,24179384.49483596,-3.60
2026-10-11T01:30:39+10:00,TEL,0.00269046,0.00255052,255661588.8591389,1486890.78632113,-1.96
2026-10-11T01:30:39+10:00,EOS,0.15455966,0.14872122,247827826.1946883,14101073.18503828,5.65
2026-10-11T01:30:39+10:00,ANS,3.82866335,3.71874765,247313766.17580947,5325863.88808535,9.12
2026-10-11T01:30:39+10:00,XCN,0.00634265,0.00603252,244767141.21290332,10108399.8953904,1.65
2026-10-11T01:30:39+10:00,CHZ,0.02284539,0.02218628,237756583.1490408,22212712.52189386,2.82
2026-10-11T01:30:39+10:00,FARTCOIN,0.24345489,0.23403888,231809499.93212068,17629334.02019993,0.48
2026-10-11T01:30:39+10:00,GRASS,0.96290917,0.92603285,227216776.44007847,37996791.95249754,2.61
2026-10-11T01:30:39+10:00,DEXE,2.74527380,2.67038493,224084908.6023819,18126770.1069488,2.00
2026-10-11T01:30:39+10:00,APE,0.22389070,0.21641304,220610956.26464123,26399748.63061581,6.12
2026-10-11T01:30:39+10:00,ZK,0.02149116,0.02089554,219191714.93165693,124032763.07304464,8.19
2026-10-11T01:30:39+10:00,SENT,0.02957242,0.02874034,212627606.48315784,41403258.11319656,-10.49
2026-10-11T01:30:39+10:00,AIOZ,0.17380637,0.16542639,208597758.1209622,8748578.55515543,5.01
2026-10-11T01:30:39+10:00,SUPER,0.33443765,0.32483468,203799828.9255035,12575070.62097924,2.16
2026-10-11T01:30:39+10:00,SFP,0.42040225,0.40557726,203455996.69193333,1257195.79882965,3.23
2026-10-11T01:30:39+10:00,1INCH,0.14513888,0.14083340,198931017.0803212,8295972.68847508,1.89
2026-10-11T01:30:39+10:00,EDGE,0.53557473,0.51067777,193510653.56629652,6760537.48752822,0.15
2026-10-11T01:30:39+10:00,GNT,0.19680596,0.19102861,192588689.4739498,4239721.39268994,3.01
2026-10-11T01:30:39+10:00,BEAM,0.00387724,0.00377037,191743772.01094243,18726544.84559374,0.96
2026-10-11T01:30:39+10:00,ATH,0.01014587,0.00955517,188176050.28975853,13781809.58173761,5.36
2026-10-11T01:30:39+10:00,STPT,0.09672491,0.09400844,182295157.83454728,3369270.75095327,5.01
2026-10-11T01:30:39+10:00,FTM,0.06456178,0.06257190,181539168.45517528,55872136.44298008,-1.71
2026-10-11T01:30:39+10:00,EGLD,5.90565065,5.72512172,177961589.70227155,10132386.98101783,-0.19
2026-10-11T01:30:39+10:00,GALA,0.00357991,0.00347494,177237306.04545373,54183375.74529617,9.32
2026-10-11T01:30:39+10:00,PLUME,0.02805626,0.02724882,171559776.34033456,24632717.94779428,6.32
2026-10-11T01:30:39+10:00,DYDX,0.20482834,0.19900247,170961394.63644657,6237881.29251283,2.56
2026-10-11T01:30:39+10:00,IP,0.29513722,0.28471152,170691518.4967213,100200917.89422566,2.40
2026-10-11T01:30:39+10:00,ZEN,9.59889030,9.33343991,168923636.81101012,24954232.21744275,2.05
2026-10-11T01:30:39+10:00,CASHCAT,0.16894962,0.16287873,165552488.27791113,20441245.30222941,2.25
2026-10-11T01:30:39+10:00,GENIUS,0.49665168,0.48201738,164586484.21098474,18644846.27598543,-0.19
2026-10-11T01:30:39+10:00,W,0.02714362,0.02634531,159290715.06856564,153791937.57349733,6.23
2026-10-11T01:30:39+10:00,PEAQ,0.06327097,0.06098649,158805559.43910572,15438340.92653321,-6.78
2026-10-11T01:30:39+10:00,ZRX,0.18915158,0.18357103,157962910.2740116,9308862.61354095,9.76
2026-10-11T01:30:39+10:00,MINA,0.12659172,0.12290654,156796332.67829922,71767199.56704591,8.35
2026-10-11T01:30:39+10:00,CHIP,0.07605807,0.07390168,149401338.92710838,26319948.43144359,5.50
2026-10-11T01:30:39+10:00,BNX,0.41068708,0.39883676,148316975.70131558,13287971.16126727,3.93
2026-10-11T01:30:39+10:00,PROM,7.70443059,7.49629539,147265102.45533204,16484621.50307517,0.04
2026-10-11T01:30:39+10:00,NMR,19.62171564,19.07417807,145591023.76833177,60676322.48243102,-1.41
2026-10-11T01:30:39+10:00,QTUM,1.47788466,1.43271457,144453522.62888804,6805087.0290476,7.65
2026-10-11T01:30:39+10:00,RSR,0.00234343,0.00227599,143078983.69698036,5927507.38004451,3.15
2026-10-11T01:30:39+10:00,DOG,0.00146495,0.00139271,138450339.20599806,1130273.89333264,1.26
2026-10-11T01:30:39+10:00,KSM,7.41886323,7.19942661,138324373.46142372,5945951.43538647,3.39
2026-10-11T01:30:39+10:00,FUN,0.01291900,0.01252796,135166522.22505653,1453330.142639,0.28
2026-10-11T01:30:39+10:00,HNT,0.73739623,0.70847954,133848996.5821616,5069935.38608422,-3.19
2026-10-11T01:30:39+10:00,WEMIX,0.28103977,0.26478528,133019523.80067857,819924.26538029,-0.04
2026-10-11T01:30:39+10:00,MELANIA,0.13637389,0.13154819,132585472.01048835,11874390.2945848,1.92
2026-10-11T01:30:39+10:00,ORDI,6.44734543,6.25145430,132358880.83227631,22858980.92398662,4.76
2026-10-11T01:30:39+10:00,RLC,1.36748491,1.33017294,129591178.11617383,343203146.44839394,-2.82
2026-10-11T01:30:39+10:00,LPT,2.66872997,2.59437504,129201430.58994085,25301355.05691926,6.14
2026-10-11T01:30:39+10:00,SAFE,0.17309562,0.16645691,128634262.77570301,1845822.76250557,9.26
2026-10-11T01:30:39+10:00,VELO,0.00761680,0.00731093,128589271.65655366,6843964.81537826,3.09
2026-10-11T01:30:39+10:00,GMX,12.54141165,12.13289823,128262124.18003036,7646998.07610377,0.26
2026-10-11T01:30:39+10:00,GAS,2.06079535,2.00350577,125544459.2719632,1332451.67364785,5.91
2026-10-11T01:30:39+10:00,YFI,3554.87196233,3441.95694633,124126083.53659716,9113077.95086629,4.27
2026-10-11T01:30:39+10:00,HAV,0.35946159,0.34835472,121125331.0821612,13450484.55839868,5.21
2026-10-11T01:30:39+10:00,RIF,0.12556132,0.12204605,119827736.91498958,10191922.42463965,4.07
2026-10-11T01:30:39+10:00,FTT,0.36579118,0.35380449,119403554.53855813,3829156.29557424,-1.23
2026-10-11T01:30:39+10:00,ZETA,0.06929748,0.06669726,111157415.3689953,6749764.29817669,0.33
2026-10-11T01:30:39+10:00,BERA,0.32531127,0.31565613,109470396.87836505,21284188.75399204,4.44
2026-10-11T01:30:39+10:00,KAITO,0.46544535,0.45290416,108636825.59762582,16687215.64945004,2.43
2026-10-11T01:30:39+10:00,BOME,0.00154575,0.00150184,107641267.75124782,24780214.31414169,1.83
2026-10-11T01:30:39+10:00,HOT,0.00062266,0.00060378,105866849.2274743,2916072.48103503,5.12
2026-10-11T01:30:39+10:00,TFUEL,0.01464637,0.01418373,105142277.79284556,520079.30560672,2.69
2026-10-11T01:30:39+10:00,BIO,0.04289399,0.04121743,104025502.11874671,14348565.78162238,3.10
2026-10-11T01:30:39+10:00,KAVA,0.09958058,0.09691977,104014520.2347944,12375784.61095014,-1.14
2026-10-11T01:30:39+10:00,ZIL,0.00520204,0.00504964,103325992.35951827,5436076.14251829,2.61
2026-10-11T01:30:39+10:00,RE,0.65386093,0.63618837,101431883.50014707,8821954.89187598,0.99
2026-10-11T01:30:39+10:00,TURBO,0.00147495,0.00142840,98271633.54986806,15227069.74714998,4.17
2026-10-11T01:30:39+10:00,XPR,0.00340550,0.00325013,97550012.7280081,1980462.13505845,1.25
2026-10-11T01:30:39+10:00,SUSHI,0.34901042,0.33946300,97520169.80778211,17084249.22371799,3.42
2026-10-11T01:30:39+10:00,VTHO,0.00104365,0.00101250,96895859.15099461,3855580.27390054,7.16
2026-10-11T01:30:39+10:00,ENJ,0.04683894,0.04556290,96247517.97269458,20484400.40209503,3.07
2026-10-11T01:30:39+10:00,AXL,0.07963502,0.07701378,95824538.23473199,10238791.81413033,6.19
2026-10-11T01:30:39+10:00,CKB,0.00210349,0.00203792,94616773.847904,8553040.39714507,11.95
2026-10-11T01:30:39+10:00,DGB,0.00541695,0.00524898,93587654.73258027,4344343.93546264,-1.15
2026-10-11T01:30:39+10:00,ROSE,0.01189374,0.01154489,93202637.32578097,11205413.53158761,3.23
2026-10-11T01:30:39+10:00,SNEK,0.00132080,0.00124377,89096725.61811209,1606402.88806918,13.33
2026-10-11T01:30:39+10:00,IO,0.22609869,0.21928134,88241237.8516446,36982291.94245627,4.46
2026-10-11T01:30:39+10:00,ASTR,0.01034961,0.01001896,88151465.40936927,1102347.11790529,4.89
2026-10-11T01:30:39+10:00,ALT,0.01195262,0.01154489,87836345.66325991,16055783.65751159,9.65
2026-10-11T01:30:39+10:00,ONT,0.09370731,0.09095371,86963985.39558792,21977623.37164068,4.63
2026-10-11T01:30:39+10:00,ACH,0.00881727,0.00847581,85286531.66072042,4887652.67336726,8.63
2026-10-11T01:30:39+10:00,CELO,0.14153248,0.13763525,85020373.2149185,6532408.42893576,2.49
2026-10-11T01:30:39+10:00,T,0.00805183,0.00780176,84726273.15917666,3455982.89117718,5.30
2026-10-11T01:30:39+10:00,AMP,0.00095534,0.00092215,84049740.16886744,62372443.42306002,-4.09
2026-10-11T01:30:39+10:00,EDU,0.10480617,0.10110748,83674898.06391698,17224244.3163462,4.78
2026-10-11T01:30:39+10:00,ID,0.05564148,0.05363716,83541904.78390706,6597991.78836053,2.90
2026-10-11T01:30:39+10:00,BLUR,0.02758522,0.02657477,79016535.00517878,12822011.38723543,-3.69
2026-10-11T01:30:39+10:00,SC,0.00150144,0.00144705,77732475.80696118,4213916.28049992,6.82
2026-10-11T01:30:39+10:00,BRETT,0.00792479,0.00763154,77613152.63621621,6220075.47134616,2.35
2026-10-11T01:30:39+10:00,POLY,0.06064627,0.05880009,77481632.86218937,1048896.17482032,5.31
2026-10-11T01:30:39+10:00,TRB,28.30649600,27.49263110,77246516.7844733,19369606.06758345,1.70
2026-10-11T01:30:39+10:00,MAGIC,0.15352926,0.14757390,77206661.87897962,499759656.5836828,19.11
2026-10-11T01:30:39+10:00,FLOW,0.04832566,0.04599314,76215230.68504958,5931643.59596044,6.84
2026-10-11T01:30:39+10:00,PHA,0.08949740,0.08705282,76119487.27125184,32467524.01480729,8.49
2026-10-11T01:30:39+10:00,RONIN,0.09744618,0.09465381,76037506.47933343,3384836.12669531,8.05
2026-10-11T01:30:39+10:00,WIN,0.00007725,0.00007426,74306999.81394392,34367597.75534531,0.69
2026-10-11T01:30:39+10:00,XVS,4.61765356,4.47597817,73839386.23239139,3771863.50028306,1.72
2026-10-11T01:30:39+10:00,LSK,0.35298481,0.34319179,73208262.96984193,13407114.00094063,0.32
2026-10-11T01:30:39+10:00,PNUT,0.07374704,0.07170743,72099462.99209836,9075508.38296397,1.34
2026-10-11T01:30:39+10:00,ALLO,0.36122799,0.35136643,71877219.77481376,8877224.09878316,-1.00
2026-10-11T01:30:39+10:00,XYO,0.00541646,0.00515257,71340945.38764302,4251515.52611375,-0.16
2026-10-11T01:30:39+10:00,ANKR,0.00721279,0.00699864,70191031.45939879,8939235.45890415,6.42
2026-10-11T01:30:39+10:00,DUSK,0.12394212,0.12003824,69924582.04140858,4709806.03647956,9.49
2026-10-11T01:30:39+10:00,AVNT,0.19974995,0.19361007,69756914.08725858,56110873.80183155,0.07
2026-10-11T01:30:39+10:00,MASK,0.69772643,0.67691819,68644697.74925058,5341563.39556981,4.39
2026-10-11T01:30:39+10:00,TOSHI,0.00019072,0.00016359,68544636.50707647,3589094.68057293,6.72
2026-10-11T01:30:39+10:00,G,0.00644735,0.00625288,67492149.89660962,6189684.103008,3.94
2026-10-11T01:30:39+10:00,NOT,0.00069773,0.00067691,67480844.22429234,5882107.84285426,5.47
2026-10-11T01:30:39+10:00,POPCAT,0.07196277,0.06842910,67404115.14831142,12458113.22148125,2.04
2026-10-11T01:30:39+10:00,SSV,4.28939831,4.16620205,67226919.63376349,9541243.36744168,2.84
2026-10-11T01:30:39+10:00,XVG,0.00432473,0.00416763,67192416.11564676,2205348.50357248,6.06
2026-10-11T01:30:39+10:00,BARD,0.18164439,0.17654370,65152269.83266183,4833922.94496628,1.16
2026-10-11T01:30:39+10:00,XRB,0.51372684,0.49334716,65077261.59107319,216194.45499961,1.97
2026-10-11T01:30:39+10:00,AGS,3.11090100,2.74437900,64991594.20723356,1.26930592,-0.21
2026-10-11T01:30:39+10:00,SYN,0.28281473,0.27492631,62567016.91646677,11672026.27383603,-0.28
2026-10-11T01:30:39+10:00,BAND,0.34827442,0.33817226,62531153.66700189,4921980.78286554,3.61
2026-10-11T01:30:39+10:00,MERL,0.04766423,0.04571482,62044778.62436076,10528729.17750474,0.86
2026-10-11T01:30:39+10:00,REQ,0.08213742,0.07816110,62028498.71547168,883384.12050094,1.21
2026-10-11T01:30:39+10:00,ARK,0.31971768,0.31078002,61772910.27168387,8027379.68179155,0.67
2026-10-11T01:30:39+10:00,MOG,0.00000017,0.00000015,61756368.77189603,14918956.57368657,0.00
2026-10-11T01:30:39+10:00,AURORA,0.09255432,0.08811886,61634942.60200883,1075378.9208182,6.29
2026-10-11T01:30:39+10:00,RPL,2.80709766,2.72058013,61432265.66188118,12762617.08978982,3.38
2026-10-11T01:30:39+10:00,CSPR,0.00365589,0.00347655,61110203.80162746,5590274.71285742,-7.39
2026-10-11T01:30:39+10:00,ONG,0.13206755,0.12808382,60980265.73528661,1979564.06645936,2.66
2026-10-11T01:30:39+10:00,MOVE,0.01345405,0.01305649,60691007.20484746,88487213.83737826,3.21
2026-10-11T01:30:39+10:00,MEW,0.00070779,0.00067985,60495713.23223902,5457642.45174179,2.06
2026-10-11T01:30:39+10:00,MOODENG,0.06248619,0.05969834,59781478.82271929,7050961.44626419,2.85
2026-10-11T01:30:39+10:00,AUS,198.91404600,189.24057900,59276456.43079,,0.03
2026-10-11T01:30:39+10:00,LISTA,0.12026213,0.11559238,55881049.0901886,3076989.60091873,1.15
2026-10-11T01:30:39+10:00,COTI,0.01940092,0.01881603,55799849.16857103,8577397.59424536,2.39
2026-10-11T01:30:39+10:00,UMA,0.61087862,0.59373757,55669753.36225927,21313115.86658699,-1.03
2026-10-11T01:30:39+10:00,SNT,0.01162557,0.01130234,54861888.28406553,5067302.8892816,0.11
2026-10-11T01:30:39+10:00,RVN,0.00322810,0.00313792,53965782.03646395,6235722.24585612,-1.22
2026-10-11T01:30:39+10:00,WAVES,0.40157000,0.38644338,53557547.07828906,7079819.40937116,3.28
2026-10-11T01:30:39+10:00,MEME,0.00084051,0.00081746,53268028.46836899,9185462.48878537,4.12
2026-10-11T01:30:39+10:00,SAHARA,0.01301246,0.01263485,53266991.00108816,10159667.92802811,2.69
2026-10-11T01:30:39+10:00,RATS,0.00005466,0.00005234,52338108.92738187,4411678.56758326,1.56
2026-10-11T01:30:39+10:00,FLUX,0.12673892,0.12018166,51490373.30658888,10097043.48216888,6.61
2026-10-11T01:30:39+10:00,IOTX,0.00555532,0.00538523,51058696.21838278,2698892.67026761,2.49
2026-10-11T01:30:39+10:00,CATI,0.09484075,0.09103976,50885441.08567289,4707813.53766302,-1.56
2026-10-11T01:30:39+10:00,POWR,0.09023340,0.08762648,50676637.23112062,1563896.49577329,0.09
2026-10-11T01:30:39+10:00,REZ,0.00570840,0.00553581,50420874.46930279,7834979.01699011,0.87
2026-10-11T01:30:39+10:00,PRO,0.54031302,0.51726162,50226204.05608259,1062979.67945363,4.73
2026-10-11T01:30:39+10:00,ETN,0.00286370,0.00273230,49682258.59127835,287087.36341531,0.01
2026-10-11T01:30:39+10:00,STEEM,0.09013036,0.08765517,48996407.46980234,3849575.87590686,1.99
2026-10-11T01:30:39+10:00,LUNA2,0.07018591,0.06755602,48497031.63041984,8878332.81385012,2.74
2026-10-11T01:30:39+10:00,CTSI,0.04970933,0.04833081,47672286.40425108,58224161.27928928,-1.84
2026-10-11T01:30:39+10:00,BNT,0.47839892,0.46452077,47110727.52688781,3307994.08873301,1.44
2026-10-11T01:30:39+10:00,HIVE,0.08110702,0.07873476,46812949.45108354,880969.90996346,2.15
2026-10-11T01:30:39+10:00,MANTA,0.09750506,0.09449605,46719082.20962895,3996541.42753109,7.31
2026-10-11T01:30:39+10:00,ZORA,0.01096618,0.01052843,46300987.08299457,14486680.367978,5.33
2026-10-11T01:30:39+10:00,SKL,0.00738943,0.00717074,46164705.01831828,96926511.06406201,-5.17
2026-10-11T01:30:39+10:00,ORBS,0.01089659,0.01034809,45163017.63604134,5676847.99383842,3.38
2026-10-11T01:30:39+10:00,ONE,0.00304851,0.00294718,44759993.70966242,12869822.05829502,-3.67
2026-10-11T01:30:39+10:00,IOST,0.00128506,0.00124627,43928690.26106975,7230664.04460925,5.60
2026-10-11T01:30:39+10:00,UST,0.00866219,0.00747123,43502750.68660975,1468151.53642288,8.61
2026-10-11T01:30:39+10:00,ILV,5.91742663,5.72225342,43331146.84103675,3837528.33062524,5.16
2026-10-11T01:30:39+10:00,FXS,0.46544535,0.45190026,42749352.39802052,998333.97856422,5.69
2026-10-11T01:30:39+10:00,CORE,0.02951219,0.02862591,42630395.02049258,3383388.78370127,4.18
2026-10-11T01:30:39+10:00,MANTRA,0.00668287,0.00645366,42403013.76570072,5458273.8728336,3.32
2026-10-11T01:30:39+10:00,MTL,0.46750615,0.45405148,42292200.41913075,689686.06755478,2.39
2026-10-11T01:30:39+10:00,ARKM,0.19356757,0.18715640,42139441.90181402,42111066.51476658,6.38
2026-10-11T01:30:39+10:00,PUNDIX,0.16986842,0.16492710,41871428.45954299,901146.31975676,3.98
2026-10-11T01:30:39+10:00,KNC,0.20313555,0.19705203,41709840.19037133,4941634.18237377,3.90
2026-10-11T01:30:39+10:00,GMT,0.01293886,0.01249143,41632491.82105694,66812620.78560529,6.84
2026-10-11T01:30:39+10:00,PIXEL,0.00950910,0.00922157,41072057.5764307,85581230.65418686,10.14
2026-10-11T01:30:39+10:00,OSMO,0.05137269,0.04947813,39413842.00756917,4117867.56071973,1.67
2026-10-11T01:30:39+10:00,METIS,4.91646889,4.76137377,39275583.13968613,3634527.11951187,0.21
2026-10-11T01:30:39+10:00,CYBER,0.51519884,0.49908375,39086460.15467839,50906245.93589556,0.50
2026-10-11T01:30:39+10:00,YGG,0.04098039,0.03976894,39004578.36793856,18748499.97152144,8.23
2026-10-11T01:30:39+10:00,OGN,0.05059253,0.04920564,38964406.48588209,148225986.3466651,-4.75
2026-10-11T01:30:39+10:00,WAX,0.00862591,0.00834674,38864997.17879977,1394329.73969898,2.71
2026-10-11T01:30:39+10:00,API3,0.45219738,0.43784560,38666026.03049892,85584970.34215865,-7.51
2026-10-11T01:30:39+10:00,CETUS,0.04003855,0.03817201,38554133.76353165,3629300.5946373,5.96
2026-10-11T01:30:39+10:00,CVC,0.03815416,0.03708708,37739433.57750492,13681805.13628392,3.19
2026-10-11T01:30:39+10:00,AUCT,5.52734751,5.36371624,37690283.4751615,10000141.034288,1.11
2026-10-11T01:30:39+10:00,FLIP,0.44613953,0.41907638,37689737.8784274,57639.11998362,-1.01
2026-10-11T01:30:39+10:00,1000SATS,0.00001762,0.00001711,36633630.14086747,2027579.52201713,3.65
2026-10-11T01:30:39+10:00,BIGTIME,0.01276377,0.01220874,36484066.16847714,19969396.38162619,6.06
2026-10-11T01:30:39+10:00,AEVO,0.03861048,0.03735957,36051552.74051077,12157969.95661367,-1.22
2026-10-11T01:30:39+10:00,WOO,0.01954812,0.01844315,35257017.83139755,1973659.20857022,6.39
2026-10-11T01:30:39+10:00,CELR,0.00459558,0.00443582,35238758.74744517,2658831.4045258,6.76
2026-10-11T01:30:39+10:00,SLP,0.00096857,0.00093505,35042002.90896645,2842225.87759756,5.69
2026-10-11T01:30:39+10:00,DEGEN,0.00148072,0.00141982,35037589.80011645,4941635.15117596,-0.98
2026-10-11T01:30:39+10:00,AUDIO,0.02468539,0.02392160,34860991.5218152,30965760.53525891,0.52
2026-10-11T01:30:39+10:00,STRAX,0.01635389,0.01583300,34316372.96939467,849738.48412579,4.63
2026-10-11T01:30:39+10:00,XAI,0.01379261,0.01336626,33664177.80661537,35582851.5530854,6.65
2026-10-11T01:30:39+10:00,CHR,0.03443001,0.03347303,33507389.105714,12231305.884972,3.97
2026-10-11T01:30:39+10:00,IQ,0.00129241,0.00119752,33228409.59835289,806131.18626468,4.85
2026-10-11T01:30:39+10:00,DOGS,0.00006531,0.00006322,33120978.04920963,4274590.66654109,2.91
2026-10-11T01:30:39+10:00,MPLX,0.07104594,0.06913363,32991570.99764989,1654459.88376327,-2.16
2026-10-11T01:30:39+10:00,LQTY,0.34312243,0.33143177,32604499.05574388,2855307.32965451,2.29
2026-10-11T01:30:39+10:00,DIA,0.26716740,0.25857701,31988017.51748551,10630336.02994884,2.33
2026-10-11T01:30:39+10:00,MOVR,2.55685822,2.48251144,31903804.77050495,18006906.71551076,-7.88
2026-10-11T01:30:39+10:00,CTK,0.19400917,0.18844714,31602905.79373412,2449955.37802688,8.94
2026-10-11T01:30:39+10:00,XCH,2.23325091,2.16437036,31256895.06335755,1370181.83005042,-0.40
2026-10-11T01:30:39+10:00,CGPT,0.03551125,0.03399647,30871998.63091546,8092627.8908685,5.14
2026-10-11T01:30:39+10:00,ACE,0.28100417,0.27248825,30851712.36011182,24325411.86531341,0.45
2026-10-11T01:30:39+10:00,FIDA,0.03130937,0.03041829,30436998.27757676,15529664.95164795,4.94
2026-10-11T01:30:39+10:00,QI,0.00408921,0.00396255,28926548.36706213,2596434.11510705,0.10
2026-10-11T01:30:39+10:00,BICO,0.02855674,0.02775077,28581200.02903857,14301248.12800612,-0.15
2026-10-11T01:30:39+10:00,TNSR,0.05402228,0.05248984,28230580.66832048,8443796.06023503,1.01
2026-10-11T01:30:39+10:00,ATOR,0.30576772,0.29226570,28220935.62634333,499976.50658492,-0.94
2026-10-11T01:30:39+10:00,QKC,0.00407008,0.00390948,27890848.67686447,625336.89784007,3.47
2026-10-11T01:30:39+10:00,DAG,0.01006295,0.00951795,27665191.4773868,929757.58231604,0.56
2026-10-11T01:30:39+10:00,AGLD,0.29542974,0.28682974,27536573.13512879,7464230.5064692,4.98
2026-10-11T01:30:39+10:00,RAD,0.45631897,0.44028365,27481164.76363689,86346477.38085073,-13.93
2026-10-11T01:30:39+10:00,XYM,0.00433843,0.00415232,27363874.60702568,9152.33722758,-0.11
2026-10-11T01:30:39+10:00,SPELL,0.00013911,0.00013495,26551934.27318674,4713626.1662757,0.99
2026-10-11T01:30:39+10:00,DODO,0.02761466,0.02681858,26474375.36692302,10132079.20075848,3.60
2026-10-11T01:30:39+10:00,TAIKO,0.12512045,0.12065621,26349351.64548765,5713911.95790632,1.47
2026-10-11T01:30:39+10:00,C98,0.02631931,0.02555653,26286301.89105049,26238422.81848581,13.65
2026-10-11T01:30:39+10:00,ALICE,0.25097544,0.24380528,26055946.49840784,14938485.85113441,1.47
2026-10-11T01:30:39+10:00,JOE,0.05726068,0.05521472,25837982.66437983,6618962.79758658,4.21
2026-10-11T01:30:39+10:00,ANIME,0.00473983,0.00457493,25466246.14137491,4836740.36791803,4.45
2026-10-11T01:30:39+10:00,ARPA,0.01757565,0.01706636,25175191.91304706,9497722.49678417,9.39
2026-10-11T01:30:39+10:00,STG,0.27442505,0.25876417,24974268.10852571,265663.10331853,0.00
2026-10-11T01:30:39+10:00,CHEEL,0.44311703,0.42627625,24511901.94194957,230623.68857062,-0.77
2026-10-11T01:30:39+10:00,AVA,0.34444723,0.33430006,24172740.754898,18055745.7049632,-0.12
2026-10-11T01:30:39+10:00,GOAT,0.02466872,0.02370186,23789343.27995329,3840135.00841212,1.92
2026-10-11T01:30:39+10:00,CAT,0.00000305,0.00000292,22992100.19029803,903506.16191227,1.66
2026-10-11T01:30:39+10:00,GTC,0.28098945,0.27245957,22934755.02187184,39336280.15684579,3.95
2026-10-11T01:30:39+10:00,BANANA,5.65982721,5.48705303,22438678.06634859,6210332.13395938,0.74
2026-10-11T01:30:39+10:00,ORN,0.16633563,0.16177197,21873080.47149287,2548558.21578525,39.97
2026-10-11T01:30:39+10:00,ZENT,0.00273674,0.00265203,21301622.2243377,4329090.25487934,-2.28
2026-10-11T01:30:39+10:00,MBL,0.00189888,0.00181993,21058831.30905121,3642413.69356908,72.78
2026-10-11T01:30:39+10:00,PORTAL,0.02467067,0.02387857,21007759.33455676,15280652.11947259,4.52
2026-10-11T01:30:39+10:00,BONE,0.09259821,0.08749277,20473193.3082833,4067251.45467383,-0.47
2026-10-11T01:30:39+10:00,POND,0.00248168,0.00236589,20117489.92576146,1847318.38870872,-2.19
2026-10-11T01:30:39+10:00,MAV,0.01717821,0.01660744,19864199.24963946,2189299.17949085,5.51
2026-10-11T01:30:39+10:00,LRC,0.01486639,0.01425546,19758603.82148931,3667683.97528322,1.53
2026-10-11T01:30:39+10:00,RARE,0.02394939,0.02323320,19449812.06870146,15734010.87679597,-1.61
2026-10-11T01:30:39+10:00,OG,4.11570270,4.00270909,19421517.55620206,3103536.61112689,1.63
2026-10-11T01:30:39+10:00,RIO,0.09070862,0.08621981,19007041.14686335,349615.18521409,4.71
2026-10-11T01:30:39+10:00,GLMR,0.01571651,0.01523639,18776406.80611,9901235.52569357,-3.86
2026-10-11T01:30:39+10:00,AI,0.03297273,0.03112102,18553836.49502285,11829724.59846537,7.24
2026-10-11T01:30:39+10:00,STORJ,0.04353304,0.04179313,17726531.85362728,3118020.36127823,0.94
2026-10-11T01:30:39+10:00,DYM,0.02707002,0.02613018,17393315.34320561,5914430.68855227,4.95
2026-10-11T01:30:39+10:00,PONKE,0.03150963,0.03021414,17031646.49088951,3784880.90432712,-2.07
2026-10-11T01:30:39+10:00,BB,0.01399869,0.01353836,16686641.97685065,5390614.30464973,6.39
2026-10-11T01:30:39+10:00,DRIFT,0.02819282,0.02699378,16500278.15975234,2986403.75426478,1.83
2026-10-11T01:30:39+10:00,NAKA,0.17096339,0.15921467,16381420.43831223,685719.37989518,-4.36
2026-10-11T01:30:39+10:00,WAN,0.08481538,0.08162543,16240888.71485722,149468.65387326,0.05
2026-10-11T01:30:39+10:00,CHILLGUY,0.01619903,0.01552929,15714454.85938277,5552506.59031802,-0.64
2026-10-11T01:30:39+10:00,HMSTR,0.00024244,0.00023505,15334041.69175899,4047284.0900144,2.90
2026-10-11T01:30:39+10:00,TLM,0.00215501,0.00207521,15160045.88478773,5066246.30078142,4.25
2026-10-11T01:30:39+10:00,ADX,0.10642536,0.10340212,15106553.78918259,6004460.35433289,0.20
2026-10-11T01:30:39+10:00,OXT,0.01510721,0.01459121,15040011.69056878,4412297.42105557,1.57
2026-10-11T01:30:39+10:00,TKO,0.08463981,0.08174647,14983750.07409142,876982.1441798,3.32
2026-10-11T01:30:39+10:00,LIT,0.18296919,0.17683053,14640212.72503747,8506276.33339358,0.82
2026-10-11T01:30:39+10:00,EWT,0.50756789,0.48561279,14514498.77211845,414531.74728139,-0.99
2026-10-11T01:30:39+10:00,BEL,0.18547159,0.18027249,14463317.77185198,3029313.30885405,5.27
2026-10-11T01:30:39+10:00,SAGA,0.03244281,0.03150824,14272594.38720668,20284457.61861183,0.82
2026-10-11T01:30:39+10:00,ACT,0.01497021,0.01444187,13711374.70085232,38874195.08265849,3.78
2026-10-11T01:30:39+10:00,COOKIE,0.01756093,0.01699466,13692208.56661048,1854740.45229002,3.46
2026-10-11T01:30:39+10:00,PAAL,0.01403719,0.01346826,13566227.08641072,465838.99252966,-1.85
2026-10-11T01:30:39+10:00,ATM,1.52793255,1.48434393,13556803.44134132,4585501.88193443,0.31
2026-10-11T01:30:39+10:00,GNS,0.59321466,0.56792289,13470765.12798759,665320.32674357,2.45
2026-10-11T01:30:39+10:00,COQ,0.00000020,0.00000018,12930362.42796449,4214984.00289254,0.00
2026-10-11T01:30:39+10:00,WRX,0.03366807,0.03136831,12855392.4644132,18678.28690422,-3.41
2026-10-11T01:30:39+10:00,AVAAI,0.01304511,0.01250931,12577638.60638638,222539.9757551,-2.51
2026-10-11T01:30:39+10:00,TOKEN,0.00320872,0.00305290,12063836.28077196,1727692.24760485,5.17
2026-10-11T01:30:39+10:00,PRIME,0.34301086,0.33132508,11886974.98897684,504165.10583759,2.12
2026-10-11T01:30:39+10:00,DSYNC,0.01266012,0.01213718,11828002.68672565,891309.81260606,0.16
2026-10-11T01:30:39+10:00,BAR,0.41951906,0.40586408,11619622.77806452,3901167.96741252,0.99
2026-10-11T01:30:39+10:00,ELA,0.53409402,0.50523894,11552518.04779759,113504.69271961,0.20
2026-10-11T01:30:39+10:00,ALPINE,0.53875079,0.52346428,11466193.80430369,4899533.77731791,-0.08
2026-10-11T01:30:39+10:00,PSG,0.67859047,0.65970841,11440465.21881788,2939314.14858437,1.24
2026-10-11T01:30:39+10:00,MAVIA,0.04602064,0.04428354,11290222.10389371,796254.78533022,1.97
2026-10-11T01:30:39+10:00,ASR,1.28652510,1.25057769,11285855.86532187,3930227.62213808,1.20
2026-10-11T01:30:39+10:00,BLAST,0.00009364,0.00008942,11112456.80765403,1540855.80522285,4.01
2026-10-11T01:30:39+10:00,ORAI,0.77737554,0.73567370,10786077.33155427,321579.47431385,4.09
2026-10-11T01:30:39+10:00,VINE,0.01119421,0.01076316,10671978.44283004,5386653.30521412,0.04
2026-10-11T01:30:39+10:00,GHX,0.01706377,0.01625495,10640537.2684913,366379.91453112,1.01
2026-10-11T01:30:39+10:00,ZEUS,0.01020319,0.00970509,10505494.75013805,20679523.42458709,-22.85
2026-10-11T01:30:39+10:00,LYXE,0.35759275,0.33563323,10402847.68989155,244936.30113788,-1.06
2026-10-11T01:30:39+10:00,QUICK,0.01592701,0.01513026,10146155.40214718,957698.06266849,0.56
2026-10-11T01:30:39+10:00,WILD,0.02147038,0.02032405,9964171.6493365,174934.72288804,-0.83
2026-10-11T01:30:39+10:00,RBNT,0.00329467,0.00319420,9926498.72879919,225899.94962245,-5.20
2026-10-11T01:30:39+10:00,NOM,0.00333702,0.00323687,9518765.92900866,6750728.61058773,-0.60
2026-10-11T01:30:39+10:00,ALCX,3.76134217,3.64314163,9457507.42678987,232488.77189673,1.03
2026-10-11T01:30:39+10:00,BADGER,0.49052024,0.45754416,9114716.65730386,3330.52729379,1.45
2026-10-11T01:30:39+10:00,HFT,0.01033540,0.00977558,9100950.96263163,2987982.21742018,3.75
2026-10-11T01:30:39+10:00,SUPRA,0.00021708,0.00020467,8944255.34544144,369336.18958911,3.38
2026-10-11T01:30:39+10:00,DENT,0.00009092,0.00008687,8839713.91430563,44307.75425534,0.23
2026-10-11T01:30:39+10:00,BRISE,0.00000002,0.00000002,8668580.2568627,780095.95073058,0.44
2026-10-11T01:30:39+10:00,POLS,0.09550614,0.08945448,8337435.57254986,104531.51470782,10.57
2026-10-11T01:30:39+10:00,LAZIO,0.61823861,0.59660587,7871133.43341432,7684712.90912785,-1.48
2026-10-11T01:30:39+10:00,FARM,11.64764743,11.21198351,7828580.50488711,248731.62024921,2.12
2026-10-11T01:30:39+10:00,JUV,0.49311889,0.47900567,7794756.62874263,2837712.67972248,2.06
2026-10-11T01:30:39+10:00,LMWR,0.01513292,0.01425546,7616510.54783482,1392414.26116271,1.11
2026-10-11T01:30:39+10:00,ELIZAOS,0.00056416,0.00054102,7342414.17992039,13170077.90799288,-12.70
2026-10-11T01:30:39+10:00,NKN,0.00953070,0.00906626,7270967.36322485,87776.39921176,4.27
2026-10-11T01:30:39+10:00,CITY,0.52255882,0.50768864,7090624.91874791,2091438.21330108,1.35
2026-10-11T01:30:39+10:00,SCR,0.03755064,0.03641303,7076135.57060733,10313806.67241663,-2.98
2026-10-11T01:30:39+10:00,XEM,0.00085856,0.00080995,6961102.31589134,292318.41789873,6.54
2026-10-11T01:30:39+10:00,BLZ,0.01474793,0.01416959,6843769.58483585,122530.33823975,-0.89
2026-10-11T01:30:39+10:00,MDT,0.01038896,0.00999712,6817350.9666127,173050.10980976,-1.00
2026-10-11T01:30:39+10:00,WEN,0.00000928,0.00000886,6766474.63027963,259450.60404916,-6.18
2026-10-11T01:30:39+10:00,MLN,2.12858107,2.04345822,6584454.61069098,83596.43702881,1.31
2026-10-11T01:30:39+10:00,TRIAS,0.25630125,0.24354545,6565624.49265746,202255.65183276,-4.47
2026-10-11T01:30:39+10:00,AERGO,0.00872142,0.00822981,6524211.44810438,24681.24657202,1.81
2026-10-11T01:30:39+10:00,XRD,0.00066881,0.00063640,6110051.95155563,220370.72646789,-4.15
2026-10-11T01:30:39+10:00,SWELL,0.00117421,0.00112497,5928896.57314062,799844.31206878,-0.47
2026-10-11T01:30:39+10:00,ACM,0.42687904,0.41303483,5887300.01869547,1776099.66290355,2.40
2026-10-11T01:30:39+10:00,NIM,0.00041461,0.00039402,5730013.31233795,8502.15944228,1.80
2026-10-11T01:30:39+10:00,BTS,0.00192160,0.00184795,5683832.83288409,107644.91136513,-2.34
2026-10-11T01:30:39+10:00,TX,0.00208309,0.00201089,5060748.17736051,159363.87406921,-2.49
2026-10-11T01:30:39+10:00,GFI,0.05834129,0.05448935,5001644.30842324,186780.54905776,3.37
2026-10-11T01:30:39+10:00,NEON,0.02117423,0.01989467,4946524.5062663,1951009.82358296,-2.81
2026-10-11T01:30:39+10:00,HTR,0.01006887,0.00971833,4931228.72578689,111079.21800514,4.18
2026-10-11T01:30:39+10:00,KDA,0.01446240,0.01395007,4797587.86270748,10509.48475212,3.10
2026-10-11T01:30:39+10:00,GHST,0.09349622,0.09037573,4726734.09174167,108647.65273612,-0.30
2026-10-11T01:30:39+10:00,HIGH,0.04886361,0.04665946,4610222.49244621,14870693.69274899,-3.88
2026-10-11T01:30:39+10:00,RSS3,0.00454158,0.00417957,4474255.08165727,177422.42307719,-3.70
2026-10-11T01:30:39+10:00,REN,0.00401456,0.00382530,3832077.41096169,18311.01156411,0.81
2026-10-11T01:30:39+10:00,BCAU,0.03888501,0.03712500,3656615.80218403,3.40852074,0.00
2026-10-11T01:30:39+10:00,PRCL,0.00938774,0.00888819,3552417.83052076,200908.09322861,3.67
2026-10-11T01:30:39+10:00,ERN,0.68094567,0.66228988,3140432.43955153,1267.93520797,-0.83
2026-10-11T01:30:39+10:00,MYRO,0.00314949,0.00302713,2912992.54421904,191567.87934652,-2.61
2026-10-11T01:30:39+10:00,AZERO,0.01070558,0.01020496,2819984.0837647,110538.9563625,-5.08
2026-10-11T01:30:39+10:00,UOS,0.00532910,0.00513683,2475178.74221347,1009773.14081419,-0.12
2026-10-11T01:30:39+10:00,DAR,0.00438292,0.00405049,2129274.87104027,110696.16308536,-1.11
2026-10-11T01:30:39+10:00,SUNDOG,0.00216185,0.00206103,2094070.74218399,978525.18135233,-5.28
2026-10-11T01:30:39+10:00,PERP,0.03193240,0.03039728,1971293.91526766,26076.38190655,3.18
2026-10-11T01:30:39+10:00,SOUL,0.01633229,0.01558654,1907538.46022624,29001.03649877,2.70
2026-10-11T01:30:39+10:00,CHEQ,0.00271268,0.00254480,1713180.52111998,224441.12868769,-2.68
2026-10-11T01:30:39+10:00,YFII,45.01833398,43.05791803,1673982.51903901,49194.9385053,-21.41
2026-10-11T01:30:39+10:00,HOOK,0.00450331,0.00428284,1669245.59070738,71831.13242644,-4.06
2026-10-11T01:30:39+10:00,VOXEL,0.00636411,0.00608432,1537550.85342206,55127.39157744,3.76
2026-10-11T01:30:39+10:00,PYR,0.30295436,0.27322978,1521576.25573228,1136523.39632692,114.14
2026-10-11T01:30:39+10:00,SHR,0.00035701,0.00033506,1241971.95061146,84317.03624572,-1.65
2026-10-11T01:30:39+10:00,RDNT,0.00089963,0.00087077,1208189.84550899,697244.6144266,-2.01
2026-10-11T01:30:39+10:00,IDEX,0.00077273,0.00073178,822348.2869685,168039.16541402,-25.27
2026-10-11T01:30:39+10:00,LTO,0.00272201,0.00259753,788664.48432514,861.60497135,2.08
2026-10-11T01:30:39+10:00,TOMO,0.00603140,0.00575157,725284.35994334,249938.70677776,5.32
2026-10-11T01:30:39+10:00,FIO,0.00073269,0.00066681,633602.17983241,9314.46306838,-4.32
2026-10-11T01:30:39+10:00,XMN,0.00068173,0.00063806,626303.57814847,143890.28175183,-0.59
2026-10-11T01:30:39+10:00,ACA,0.00045726,0.00043732,571072.96043172,9915.55590909,-11.40
2026-10-11T01:30:39+10:00,MTV,0.00014193,0.00013714,492328.82557005,62164.49419141,-0.11
2026-10-11T01:30:39+10:00,A2Z,0.00007190,0.00007003,409236.42743318,44822.2279793,79.76
2026-10-11T01:30:39+10:00,POLK,0.00447829,0.00403470,395005.0607826,4.24806412,-0.08
2026-10-11T01:30:39+10:00,GLQ,0.00111987,0.00102883,361147.67649248,84745.62703374,-0.09
2026-10-11T01:30:39+10:00,FIS,0.00202420,0.00190046,291363.82018346,51497.67082568,-14.71
2026-10-11T01:30:39+10:00,RFOX,0.00030548,0.00029416,256287.11562814,11.80165383,0.70
2026-10-11T01:30:39+10:00,NFP,0.00039012,0.00037363,230357.92070764,184721.85360773,-3.99
2026-10-11T01:30:39+10:00,CHO,0.00040276,0.00034350,203893.39313462,57992.49897897,0.29
2026-10-11T01:30:39+10:00,LL,0.00177390,0.00171036,139421.50340173,13432.99159392,-0.24
2026-10-11T01:30:39+10:00,DEGO,0.00499796,0.00477194,105104.91059799,30789.84814595,0.91
2026-10-11T01:30:39+10:00,NYAN,0.00076464,0.00071686,72445.03381824,1859.12280541,-2.07
