time_aest,coin,buy,sell,mcap,volume24h,change24h
2026-10-10T03:12:37+10:00,BTC,120230.31086868,119045.76138175,2387133528045.552,52051391583.93176,1.77
2026-10-10T03:12:37+10:00,ETH,3666.14809048,3571.78730816,435422437484.96484,21492272438.092308,2.32
2026-10-10T03:12:37+10:00,USDT,1.45499339,1.44044327,263762278315.12988,116870755087.1011,-0.39
2026-10-10T03:12:37+10:00,BNB,1091.20217548,1062.87620890,140986568649.41632,2520333897.3684044,1.88
2026-10-10T03:12:37+10:00,XRP,2.04133404,1.98873772,124851202908.54486,4866979673.203478,2.88
2026-10-10T03:12:37+10:00,USDC,1.45646146,1.44020975,104755911193.3444,27764006890.650536,-0.43
2026-10-10T03:12:37+10:00,SOL,161.54113323,157.36156460,92393594347.41985,5929204197.665389,1.50
2026-10-10T03:12:37+10:00,TRX,0.49032694,0.47758423,45220659928.579254,629537475.134624,-0.52
2026-10-10T03:12:37+10:00,HYPE,125.87005810,121.40411669,31089910295.599735,1418750261.8208814,0.66
2026-10-10T03:12:37+10:00,ZEC,1795.34525215,1747.94968707,29456436712.479553,1915162218.7044992,6.70
2026-10-10T03:12:37+10:00,DOGE,0.12487347,0.12165044,20812677251.529144,1556113736.4095054,2.70
2026-10-10T03:12:37+10:00,WBTC,121638.73399646,118492.58304899,13824790515.234503,349826677.4285835,1.81
2026-10-10T03:12:37+10:00,LINK,18.88355570,18.38541357,13709848762.992865,571663527.3123459,3.33
2026-10-10T03:12:37+10:00,ADA,0.35105463,0.34174698,12481447415.78127,1113279323.1224205,3.73
2026-10-10T03:12:37+10:00,STR,0.28446431,0.27688431,9652003842.962473,259738847.86002153,2.10
2026-10-10T03:12:37+10:00,NEAR,6.97453410,6.79285677,8933536852.752235,2200769308.0109205,1.54
2026-10-10T03:12:37+10:00,BCC,405.43714763,394.44494749,7892326400.559434,474382564.341746,-1.81
2026-10-10T03:12:37+10:00,LTC,93.71773253,91.22347111,7041793164.875049,417716230.566322,2.26
2026-10-10T03:12:37+10:00,CC,0.18140080,0.17488407,6899351721.687807,47683727.02506957,5.07
2026-10-10T03:12:37+10:00,UNI,10.81165728,10.52523285,6592420020.360732,1151121185.3534687,2.72
2026-10-10T03:12:37+10:00,AVAX,15.07235809,14.67645361,6456820872.999971,687345616.6343277,2.18
2026-10-10T03:12:37+10:00,TON,2.16613451,2.08679897,6283800301.560964,89300040.91757141,6.93
2026-10-10T03:12:37+10:00,SUI,1.56632236,1.52544872,6231792156.989351,1186145092.9529142,3.93
2026-10-10T03:12:37+10:00,HBAR,0.13384879,0.13025155,5728036837.203027,182254758.58808067,0.55
2026-10-10T03:12:37+10:00,TAO,404.99501334,394.15776515,4549263865.504148,399106995.5799726,5.22
2026-10-10T03:12:37+10:00,SHIB,0.00000799,0.00000776,4535451277.440112,102114281.07977328,4.44
2026-10-10T03:12:37+10:00,QNT,358.34984532,348.84039150,4347625543.940835,249964077.04578915,7.11
2026-10-10T03:12:37+10:00,CRO,0.09020319,0.08767524,4320009359.974119,13870509.26015584,3.48
2026-10-10T03:12:37+10:00,ENA,0.31583127,0.30728510,4141597779.7293873,882717295.8194886,5.78
2026-10-10T03:12:37+10:00,AAVE,249.66532763,242.99183228,3738618782.470461,572139093.844154,3.77
2026-10-10T03:12:37+10:00,PUMP,0.00804017,0.00781969,3641615335.716995,446368551.43518305,-0.47
2026-10-10T03:12:37+10:00,RLUSD,1.47510739,1.43706044,3494384061.128832,317524669.6703749,-0.29
2026-10-10T03:12:37+10:00,ONDO,0.71088057,0.69318703,3335199296.5277514,591951382.8264267,6.55
2026-10-10T03:12:37+10:00,DOT,1.78622255,1.73601726,2856506508.918711,375056252.18579704,17.65
2026-10-10T03:12:37+10:00,ASTER,1.02908278,1.00155144,2708961544.264946,159569245.65665072,2.00
2026-10-10T03:12:37+10:00,WLD,0.72840549,0.70915701,2665866463.3713,395353510.07163423,4.88
2026-10-10T03:12:37+10:00,MNT,0.81545105,0.78699266,2586945431.8324866,53803378.62045623,0.26
2026-10-10T03:12:37+10:00,SKY2,0.11389380,0.11052212,2566393994.8937,30197463.30857112,2.49
2026-10-10T03:12:37+10:00,WLFI,0.08032107,0.07811359,2443265752.6576924,87738844.93423672,-0.47
2026-10-10T03:12:37+10:00,ICP,4.48766309,4.36086387,2390258243.624056,130971718.1230479,3.46
2026-10-10T03:12:37+10:00,PEPE,0.00000576,0.00000560,2301102643.552858,372565893.5605912,4.18
2026-10-10T03:12:37+10:00,ETC,12.18922168,11.86236722,1872981529.934019,73220321.55896719,4.66
2026-10-10T03:12:37+10:00,MORPHO,3.51674522,3.42371470,1826857885.0805218,41645690.33972651,2.72
2026-10-10T03:12:37+10:00,ARB,0.26704912,0.25975642,1746149578.4524407,244797904.25739983,8.51
2026-10-10T03:12:37+10:00,JUP,0.55885775,0.54263103,1743999358.2022054,168264125.70359948,10.87
2026-10-10T03:12:37+10:00,JST,0.20966009,0.20404305,1673411208.4279356,66913030.01805548,1.97
2026-10-10T03:12:37+10:00,KAS,0.06164810,0.05909252,1628504623.1491375,23831838.39985634,7.97
2026-10-10T03:12:37+10:00,VVV,32.47719119,31.35788101,1523070668.3927445,99955798.26478952,-2.05
2026-10-10T03:12:37+10:00,MATIC,0.14896979,0.14459630,1506944992.286076,207007304.60000685,4.36
2026-10-10T03:12:37+10:00,ATOM,2.97851137,2.89766983,1506725476.6359322,212635225.3644697,19.61
2026-10-10T03:12:37+10:00,ALGO,0.16964685,0.16486679,1504990226.7562318,181019275.42649573,-2.80
2026-10-10T03:12:37+10:00,RNDR,2.77660337,2.69377037,1386559264.5655568,82539098.5861478,2.71
2026-10-10T03:12:37+10:00,PI,0.12028566,0.11695777,1307380199.1377401,8958024.45611778,2.12
2026-10-10T03:12:37+10:00,FIL,1.60008402,1.55552315,1273892708.5896215,316088243.048446,8.08
2026-10-10T03:12:37+10:00,AERO,1.19915783,1.15576558,1175449946.2158687,133925351.34361307,1.78
2026-10-10T03:12:37+10:00,ZRO,2.96966868,2.88761845,1161504255.965589,231285692.99457884,1.17
2026-10-10T03:12:37+10:00,XDC,0.05214439,0.04999144,1073490129.6746776,35566854.66855292,12.07
2026-10-10T03:12:37+10:00,NIGHT,0.06671807,0.06483141,1068881973.7140096,40779331.1625776,6.88
2026-10-10T03:12:37+10:00,STABLE,0.03812160,0.03673683,1051933257.2178249,19043587.8833151,-1.38
2026-10-10T03:12:37+10:00,CAKE,3.23965046,3.15228765,996775449.2186828,80555344.61271936,3.10
2026-10-10T03:12:37+10:00,STX,0.56563715,0.54966700,995031104.3335763,53776165.51340017,4.91
2026-10-10T03:12:37+10:00,APT,1.19125717,1.15677047,990734501.6438409,223018011.1712031,13.15
2026-10-10T03:12:37+10:00,INJ,10.23983025,9.95086816,989279154.5943348,197020300.32962605,4.13
2026-10-10T03:12:37+10:00,PYTH,0.12054055,0.11708424,966107408.2027379,126274121.28972612,8.21
2026-10-10T03:12:37+10:00,ETHFI,1.00909784,0.98101488,949835983.831251,114775083.11879963,6.02
2026-10-10T03:12:37+10:00,VET,0.01152008,0.01101792,944500499.0854224,30768777.59457593,6.13
2026-10-10T03:12:37+10:00,DASH,75.88498267,73.83458027,942757873.5911012,108532077.13461807,3.15
2026-10-10T03:12:37+10:00,RAY,3.44614501,3.34616412,918439476.6858104,141662676.6891451,1.24
2026-10-10T03:12:37+10:00,LIGHTER,5.28708806,5.12670324,872286676.6576633,52934400.0109316,-0.63
2026-10-10T03:12:37+10:00,FLR,0.01037847,0.00997535,869377997.1180325,6303696.26976337,3.45
2026-10-10T03:12:37+10:00,CRV,0.52879262,0.51419998,809935445.7430936,138357599.73149297,6.82
2026-10-10T03:12:37+10:00,STRK,0.10911875,0.10614259,781161676.7602482,594242807.543086,25.30
2026-10-10T03:12:37+10:00,NEXO,1.23944981,1.19467854,775083766.9403945,11896955.64592022,1.03
2026-10-10T03:12:37+10:00,TRUMP,2.73091616,2.65643666,744764641.5389769,432733340.34947574,3.92
2026-10-10T03:12:37+10:00,FET,0.31998550,0.31120762,727972520.1374636,298348810.7416907,1.07
2026-10-10T03:12:37+10:00,PENGU,0.01187279,0.01154759,721679246.963475,257483897.42548645,2.93
2026-10-10T03:12:37+10:00,SEI,0.09728429,0.09462658,710631259.7919506,85810554.26441501,0.95
2026-10-10T03:12:37+10:00,VIRTUAL,1.05890025,1.01903438,669729082.6001483,164352206.80663455,2.24
2026-10-10T03:12:37+10:00,TIA,0.70187514,0.68215792,617963782.3552473,221196747.32036555,1.07
2026-10-10T03:12:37+10:00,BCHSV,28.34507834,27.22154733,544112123.8470582,17641851.31251594,3.81
2026-10-10T03:12:37+10:00,XPL,0.12394499,0.12061658,543119404.9364091,105279872.1035377,3.28
2026-10-10T03:12:37+10:00,PENDLE,3.12146812,3.03408144,524529008.6098382,69370284.96253999,3.22
2026-10-10T03:12:37+10:00,IMX,0.27295371,0.26213978,522249057.1188102,35366085.22161144,8.69
2026-10-10T03:12:37+10:00,BTT,0.00000054,0.00000051,515173220.2499367,22132997.57043321,1.89
2026-10-10T03:12:37+10:00,FF,0.15978640,0.15537403,510710122.12712294,9225591.01400487,0.56
2026-10-10T03:12:37+10:00,SPX,0.55421019,0.52886594,500787249.9837304,13683177.93488845,5.04
2026-10-10T03:12:37+10:00,LDO,0.61727280,0.60072980,495544179.6797264,119680711.87837943,3.64
2026-10-10T03:12:37+10:00,SUN,0.02483536,0.02418429,461642051.45040965,31002078.83362593,-0.33
2026-10-10T03:12:37+10:00,XTZ,0.43329161,0.42014776,461061404.5769194,15272729.99706901,2.76
2026-10-10T03:12:37+10:00,KITE,0.17907986,0.17377075,442977660.6631183,22933565.00851739,-4.68
2026-10-10T03:12:37+10:00,DCR,25.90906964,25.09973673,441050089.4048682,1182812.53579409,1.04
2026-10-10T03:12:37+10:00,GNO,170.50171262,165.15402312,435323752.7457824,1742139.23449127,0.20
2026-10-10T03:12:37+10:00,MON,0.03644325,0.03535805,418555781.3489974,51743438.57381085,1.56
2026-10-10T03:12:37+10:00,BONK,0.00000492,0.00000478,418082271.947946,65820123.42776127,4.66
2026-10-10T03:12:37+10:00,GRT,0.03953023,0.03834445,414903182.3325574,34565182.43124213,3.22
2026-10-10T03:12:37+10:00,OP,0.18495952,0.17977614,403697786.3329485,150468434.3351026,9.10
2026-10-10T03:12:37+10:00,LUNA,0.00007547,0.00007167,398605670.19109595,15198311.15587396,3.37
2026-10-10T03:12:37+10:00,SYRUP,0.33840935,0.32930276,391677416.36288667,18696644.3257582,3.63
2026-10-10T03:12:37+10:00,JTO,0.75074404,0.72973033,389131983.40748787,66770968.48614869,0.06
2026-10-10T03:12:37+10:00,AR,6.09555814,5.90303305,383504105.95805067,26085165.94723985,5.78
2026-10-10T03:12:37+10:00,ENS,9.18165551,8.90265261,373991583.1493574,31896809.45909768,1.84
2026-10-10T03:12:37+10:00,CFX,0.07360063,0.07117814,371539065.3329659,19688714.97338032,2.60
2026-10-10T03:12:37+10:00,FLOKI,0.00004005,0.00003849,367279194.1172501,56066390.18693601,6.01
2026-10-10T03:12:37+10:00,COMP,35.40327747,34.33767558,344231854.9962599,28810518.06278563,4.55
2026-10-10T03:12:37+10:00,JASMY,0.00728111,0.00708008,342294362.593762,13895780.84328846,6.95
2026-10-10T03:12:37+10:00,PONS,0.50913798,0.49160168,336988759.2564717,109878529.56238697,-0.47
2026-10-10T03:12:37+10:00,MIOTA,0.07457977,0.07223693,336066515.799638,15464882.47942717,2.14
2026-10-10T03:12:37+10:00,ZBCN,0.00340014,0.00326033,330552938.8716956,15586792.78699105,3.77
2026-10-10T03:12:37+10:00,RUNE,1.01101376,0.98216361,321431874.6284994,17565525.93677343,1.95
2026-10-10T03:12:37+10:00,TWT,0.75891539,0.73716139,313294402.8154759,8691160.20414969,2.97
2026-10-10T03:12:37+10:00,AKT,1.07506101,1.03551666,310537950.6716262,15808447.94267562,4.91
2026-10-10T03:12:37+10:00,THETA,0.32585298,0.31489543,309646015.19711196,8670948.85710931,7.82
2026-10-10T03:12:37+10:00,EIGEN,0.32526347,0.31618775,305118859.11665905,62816080.14640949,0.67
2026-10-10T03:12:37+10:00,WIF,0.31126255,0.30269018,302123533.0024075,94113300.5546145,1.83
2026-10-10T03:12:37+10:00,TRAC,0.61766711,0.59264517,296783934.90420836,10392517.04212679,9.08
2026-10-10T03:12:37+10:00,CVX,3.05688583,2.96128344,296609867.1315934,16439911.0842085,3.19
2026-10-10T03:12:37+10:00,AXS,1.73464022,1.67714488,290748118.4674458,36039473.43642581,2.06
2026-10-10T03:12:37+10:00,SAND,0.09924442,0.09655070,285926912.728161,214837914.21987757,-0.77
2026-10-10T03:12:37+10:00,KMNO,0.05107093,0.04968981,283945332.3511985,12424522.47578793,-5.10
2026-10-10T03:12:37+10:00,KLAY,0.07825778,0.07581613,282518143.24200433,418162.07219108,43.21
2026-10-10T03:12:37+10:00,USELESS,0.27881013,0.26881869,273034437.9184748,31880747.58099902,0.96
2026-10-10T03:12:37+10:00,MANA,0.13648391,0.13197960,258899868.14244837,27022414.6771623,0.92
2026-10-10T03:12:37+10:00,BAT,0.19205026,0.18669585,255060639.69006237,39931758.89928985,35.83
2026-10-10T03:12:37+10:00,TEL,0.00276068,0.00263429,254242946.31244823,2097358.20936132,1.18
2026-10-10T03:12:37+10:00,XCN,0.00623732,0.00595540,240750118.7795864,13321098.11537621,-0.18
2026-10-10T03:12:37+10:00,ANS,3.52528411,3.42752125,239282617.13729367,6835987.37139876,4.20
2026-10-10T03:12:37+10:00,EOS,0.14901213,0.14361219,235435836.09350944,12284823.75267197,6.35
2026-10-10T03:12:37+10:00,FARTCOIN,0.24107699,0.23204172,232624128.48708373,33719539.86866732,10.64
2026-10-10T03:12:37+10:00,SENT,0.03160060,0.03068992,230211844.4456961,34289622.01413712,-12.48
2026-10-10T03:12:37+10:00,CHZ,0.02246043,0.02181149,227195556.19176903,30344462.63400444,3.10
2026-10-10T03:12:37+10:00,GRASS,0.96415967,0.92745028,219672817.8161075,46519978.35797572,12.03
2026-10-10T03:12:37+10:00,DEXE,2.70756956,2.63528376,218762612.5540086,22195879.82107033,4.98
2026-10-10T03:12:37+10:00,ZK,0.02107507,0.02046174,210198308.7500154,56155645.60405391,29.85
2026-10-10T03:12:37+10:00,SUPER,0.32673725,0.31661853,205582407.42749995,20231577.19980221,-0.77
2026-10-10T03:12:37+10:00,AIOZ,0.16913938,0.16116795,203750329.9193766,9427134.35676399,9.65
2026-10-10T03:12:37+10:00,APE,0.21281398,0.20562255,203373315.87750307,23337000.18455636,4.56
2026-10-10T03:12:37+10:00,SFP,0.41206917,0.39659881,196354091.88670567,1559897.31313745,3.54
2026-10-10T03:12:37+10:00,1INCH,0.14339889,0.13899625,196165109.1878439,9795260.35422079,3.00
2026-10-10T03:12:37+10:00,BEAM,0.00401051,0.00390338,190713130.2019815,21765799.51438115,8.06
2026-10-10T03:12:37+10:00,GNT,0.19426112,0.18885003,184721856.58333576,5761372.9618587,4.70
2026-10-10T03:12:37+10:00,ATH,0.00958971,0.00908961,183316858.23515987,18308174.8522664,2.37
2026-10-10T03:12:37+10:00,FTM,0.06461056,0.06256267,183028941.7254679,52026372.99897323,15.57
2026-10-10T03:12:37+10:00,EDGE,0.53938381,0.51711337,180070261.1270583,8419171.24250134,-2.10
2026-10-10T03:12:37+10:00,EGLD,5.88775502,5.70774905,177111094.35798544,11851552.18997371,2.36
2026-10-10T03:12:37+10:00,STPT,0.09309205,0.09034643,173233747.78273022,3303493.44713247,2.20
2026-10-10T03:12:37+10:00,IP,0.28763183,0.27747546,170691518.4967213,100200917.89422566,0.14
2026-10-10T03:12:37+10:00,PLUME,0.02655754,0.02577461,169013947.4338978,35436301.56859914,4.77
2026-10-10T03:12:37+10:00,PEAQ,0.06590328,0.06334925,168723862.2445456,10594286.23525541,16.90
2026-10-10T03:12:37+10:00,ZEN,9.42777693,9.16255263,167980271.264751,34578188.04745609,5.90
2026-10-10T03:12:37+10:00,W,0.02582065,0.02502794,163823806.18848348,173863366.0556582,15.83
2026-10-10T03:12:37+10:00,DYDX,0.20288069,0.19707888,163685259.277336,8368516.02549956,7.81
2026-10-10T03:12:37+10:00,GENIUS,0.49154842,0.47751054,161625256.17907456,20250677.53292975,8.49
2026-10-10T03:12:37+10:00,GALA,0.00327946,0.00318244,160079863.12703955,56503037.89210968,3.92
2026-10-10T03:12:37+10:00,CASHCAT,0.16397980,0.15808648,159155330.81815088,25393768.82957083,0.71
2026-10-10T03:12:37+10:00,NMR,19.79287857,19.24121695,146694452.47271645,67060855.43778526,-3.43
2026-10-10T03:12:37+10:00,BNX,0.39792087,0.38683461,146190814.9882878,23516634.8710825,3.58
2026-10-10T03:12:37+10:00,MINA,0.11613395,0.11271906,145464194.66019768,96985664.82490574,-0.80
2026-10-10T03:12:37+10:00,ZRX,0.17539509,0.17032406,141359587.84601316,6656680.80667493,4.99
2026-10-10T03:12:37+10:00,QTUM,1.38240656,1.34257745,140592021.6952297,9823414.09047829,3.24
2026-10-10T03:12:37+10:00,CHIP,0.07320271,0.07112070,139444121.83705658,25128487.44696542,4.58
2026-10-10T03:12:37+10:00,DOG,0.00142763,0.00136431,139143348.7008724,1356196.08116186,4.88
2026-10-10T03:12:37+10:00,RSR,0.00230795,0.00224146,137431449.39581192,7702512.8910621,3.42
2026-10-10T03:12:37+10:00,PROM,7.73359688,7.51953447,136471605.144143,15670467.50310707,2.68
2026-10-10T03:12:37+10:00,HNT,0.75911080,0.73095293,136338739.2170955,6987980.290639,4.94
2026-10-10T03:12:37+10:00,FUN,0.01297011,0.01258028,134964716.0160502,1735306.43557202,0.11
2026-10-10T03:12:37+10:00,WEMIX,0.27858773,0.26371635,134778137.17383945,691098.48107749,-1.84
2026-10-10T03:12:37+10:00,KSM,7.38428061,7.16624848,131586284.78005403,5351800.90239351,11.27
2026-10-10T03:12:37+10:00,MELANIA,0.13441599,0.12960798,128881300.33623835,13160924.64790015,0.42
2026-10-10T03:12:37+10:00,GMX,12.67561142,12.22139771,126573901.3294245,7348882.67960228,9.36
2026-10-10T03:12:37+10:00,VELO,0.00748436,0.00718197,125681816.85174972,8371260.96208191,2.82
2026-10-10T03:12:37+10:00,ORDI,6.23610604,6.05469009,125004810.41760522,29195254.71865635,4.58
2026-10-10T03:12:37+10:00,GAS,1.95440242,1.89855320,122359523.55269842,1866628.73531617,2.00
2026-10-10T03:12:37+10:00,LPT,2.69872611,2.62523090,121000378.66684446,28170837.99065864,5.58
2026-10-10T03:12:37+10:00,SAFE,0.16131105,0.15522000,119414199.051973,2551767.5682393,5.23
2026-10-10T03:12:37+10:00,YFI,3445.69993148,3335.62290876,118812836.68041524,11537401.75268141,3.35
2026-10-10T03:12:37+10:00,RLC,1.26004421,1.22228338,118105853.95087051,355494184.10416716,-4.23
2026-10-10T03:12:37+10:00,FTT,0.36626622,0.35457850,117969565.02408074,6977271.66553684,-0.58
2026-10-10T03:12:37+10:00,RIF,0.12086049,0.11747477,116916901.4003044,10545904.21555369,1.34
2026-10-10T03:12:37+10:00,HAV,0.34589640,0.33471102,113775576.57035188,14383300.99720447,2.34
2026-10-10T03:12:37+10:00,ZETA,0.06953574,0.06693235,110015582.47353864,8179331.24968494,4.76
2026-10-10T03:12:37+10:00,KAITO,0.45628260,0.44326594,106334358.14530233,23026740.22514548,2.66
2026-10-10T03:12:37+10:00,KAVA,0.09934142,0.09667972,105900472.98486675,13976958.66194827,-1.35
2026-10-10T03:12:37+10:00,BERA,0.31494700,0.30599278,105383725.70563073,24700179.79295447,4.19
2026-10-10T03:12:37+10:00,TFUEL,0.01441483,0.01390166,103752371.7838076,648397.39203208,3.97
2026-10-10T03:12:37+10:00,HOT,0.00060130,0.00058297,101838060.7329545,3548214.36799864,1.21
2026-10-10T03:12:37+10:00,ZIL,0.00516458,0.00501062,101186551.92033923,5006729.79626199,8.65
2026-10-10T03:12:37+10:00,BOME,0.00152875,0.00148430,101147508.89511801,37853937.45393349,3.62
2026-10-10T03:12:37+10:00,RE,0.64822488,0.63017030,100245301.47136255,10017865.00193601,2.20
2026-10-10T03:12:37+10:00,BIO,0.04169327,0.04019116,99925992.41571294,17019728.70427343,3.40
2026-10-10T03:12:37+10:00,DGB,0.00542399,0.00522748,98603828.7793336,3990100.28509599,0.16
2026-10-10T03:12:37+10:00,VTHO,0.00096385,0.00093478,97837394.8678089,5331519.4099424,0.34
2026-10-10T03:12:37+10:00,XPR,0.00336826,0.00323711,97799612.17042781,1997761.6986497,1.63
2026-10-10T03:12:37+10:00,TURBO,0.00143253,0.00138566,94300833.73830742,17152604.33699243,5.00
2026-10-10T03:12:37+10:00,SUSHI,0.34047282,0.33116971,93952497.85692386,18992165.81734529,4.73
2026-10-10T03:12:37+10:00,CKB,0.00188055,0.00182360,90418615.2810195,9067029.86798135,5.58
2026-10-10T03:12:37+10:00,AXL,0.07619448,0.07366227,90203886.51486756,10072943.49205204,6.06
2026-10-10T03:12:37+10:00,ROSE,0.01218817,0.01181755,89539080.50798897,4721420.76591732,13.15
2026-10-10T03:12:37+10:00,ENJ,0.04595647,0.04463466,88379168.4840516,18407263.53911916,6.70
2026-10-10T03:12:37+10:00,ONT,0.08997433,0.08744702,86604298.78933887,30785590.26389229,3.18
2026-10-10T03:12:37+10:00,AMP,0.00097278,0.00093634,86350222.64033784,138483643.04574898,-1.91
2026-10-10T03:12:37+10:00,IO,0.21929861,0.21222775,85771861.47645943,44626739.69101569,3.10
2026-10-10T03:12:37+10:00,SNEK,0.00120836,0.00113512,84083929.48999135,1594655.59867976,14.35
2026-10-10T03:12:37+10:00,ASTR,0.01000931,0.00971105,83928491.0178434,1624349.05886483,3.19
2026-10-10T03:12:37+10:00,T,0.00769314,0.00745238,82374853.93516618,5541110.51668724,5.15
2026-10-10T03:12:37+10:00,CELO,0.14193737,0.13782462,81239703.0571414,6450684.10929959,6.98
2026-10-10T03:12:37+10:00,EDU,0.09830120,0.09491376,80879757.06734824,25768616.06430691,6.40
2026-10-10T03:12:37+10:00,ID,0.05482939,0.05284928,80751894.12298027,9189169.69732338,3.61
2026-10-10T03:12:37+10:00,ACH,0.00831213,0.00802674,80399453.21079654,5096019.64930526,4.92
2026-10-10T03:12:37+10:00,BLUR,0.02831134,0.02713873,78065592.52937089,13991142.26345031,3.66
2026-10-10T03:12:37+10:00,ALT,0.01120074,0.01076933,77557203.97320941,7364306.31617365,7.96
2026-10-10T03:12:37+10:00,SC,0.00139125,0.00133970,76350869.69411412,4891305.74464984,3.45
2026-10-10T03:12:37+10:00,TRB,27.86919834,27.05257666,76256423.35566205,25089784.8755841,5.70
2026-10-10T03:12:37+10:00,BRETT,0.00780758,0.00749585,74443533.55983098,7630220.65875083,4.00
2026-10-10T03:12:37+10:00,POLY,0.05821938,0.05643959,73786175.10831618,984316.97152506,4.09
2026-10-10T03:12:37+10:00,FLOW,0.04597121,0.04427563,73734768.16846001,7506057.74365197,6.48
2026-10-10T03:12:37+10:00,LSK,0.34737018,0.33758284,73673549.4516381,16693854.49121857,-0.66
2026-10-10T03:12:37+10:00,WIN,0.00007809,0.00007464,73276358.30755076,44107545.54829531,-3.79
2026-10-10T03:12:37+10:00,XVS,4.57019482,4.43122354,72177433.99109209,4188040.28154148,1.06
2026-10-10T03:12:37+10:00,XYO,0.00542794,0.00517113,71486628.4925266,5073279.97801024,1.32
2026-10-10T03:12:37+10:00,ALLO,0.36552926,0.35572740,71080085.14331004,9724512.03359348,2.05
2026-10-10T03:12:37+10:00,PNUT,0.07310586,0.07094442,70428884.62701386,11926773.73226989,4.68
2026-10-10T03:12:37+10:00,PHA,0.08224409,0.07984837,68544046.12967132,29853633.72946155,-9.77
2026-10-10T03:12:37+10:00,AVNT,0.19883024,0.19301478,68498092.33830225,59060708.03041318,3.07
2026-10-10T03:12:37+10:00,RONIN,0.09284821,0.08988807,67716178.33533286,2068538.11777507,6.11
2026-10-10T03:12:37+10:00,TOSHI,0.00016725,0.00015966,66944952.1915101,3667347.22813777,3.28
2026-10-10T03:12:37+10:00,G,0.00620462,0.00601647,66878978.1338473,11381351.98923857,2.63
2026-10-10T03:12:37+10:00,DUSK,0.11598657,0.11228829,66870562.99134541,4650415.2591476,5.05
2026-10-10T03:12:37+10:00,POPCAT,0.07063289,0.06747698,65712662.40757338,14039809.21429758,5.23
2026-10-10T03:12:37+10:00,ANKR,0.00689730,0.00669134,65591531.75343736,7165640.65442363,3.71
2026-10-10T03:12:37+10:00,SSV,4.20063867,4.08289467,64986740.31626378,10460359.35516742,2.82
2026-10-10T03:12:37+10:00,SYN,0.27707083,0.26874523,64972711.92039943,17152750.63108327,4.46
2026-10-10T03:12:37+10:00,AGS,3.10979000,2.74338900,64969301.44271988,1.26930592,2.57
2026-10-10T03:12:37+10:00,XRB,0.50849837,0.49115370,64894730.76170277,301388.7710502,3.83
2026-10-10T03:12:37+10:00,XVG,0.00408862,0.00394216,64884247.54376128,2508557.82369181,1.18
2026-10-10T03:12:37+10:00,CSPR,0.00365916,0.00349854,64455346.01432739,6792747.39281371,7.13
2026-10-10T03:12:37+10:00,MASK,0.66915438,0.65056323,63869619.6783034,5010858.30814176,3.96
2026-10-10T03:12:37+10:00,NOT,0.00067057,0.00064902,63552336.60493062,6593146.6286345,6.00
2026-10-10T03:12:37+10:00,MERL,0.04680690,0.04498943,63392872.04245432,11206196.60046041,12.20
2026-10-10T03:12:37+10:00,BARD,0.18070116,0.17563771,63210853.94649851,6348935.11873149,1.78
2026-10-10T03:12:37+10:00,AURORA,0.08746084,0.08395926,62310107.21260034,2201042.98346077,4.63
2026-10-10T03:12:37+10:00,REQ,0.08018062,0.07769419,62100448.89748804,737496.3680887,4.82
2026-10-10T03:12:37+10:00,ARK,0.31659551,0.30776093,62066855.90419499,16495073.04533031,-3.22
2026-10-10T03:12:37+10:00,MOG,0.00000017,0.00000015,60816334.6285876,15668925.60991906,-5.56
2026-10-10T03:12:37+10:00,ONG,0.12908848,0.12538381,60504673.61899259,2830439.47760809,4.36
2026-10-10T03:12:37+10:00,BAND,0.33929370,0.32930276,59736709.98609767,5660558.94139782,5.87
2026-10-10T03:12:37+10:00,MEW,0.00069388,0.00066645,59283175.51721718,7027278.58727486,2.00
2026-10-10T03:12:37+10:00,AUS,198.86819201,189.19692000,59262799.58184,,1.04
2026-10-10T03:12:37+10:00,MOVE,0.01310192,0.01271356,58724522.20208069,85754979.00011083,1.23
2026-10-10T03:12:37+10:00,RPL,2.77536934,2.63097539,58607927.22196779,12505193.73438631,8.90
2026-10-10T03:12:37+10:00,MOODENG,0.06138123,0.05864822,57881435.96140951,9425396.98693374,4.36
2026-10-10T03:12:37+10:00,COTI,0.01912968,0.01856633,55513572.75093126,13825248.80140744,4.05
2026-10-10T03:12:37+10:00,UMA,0.60282850,0.58593775,55461166.33415734,17634436.58343032,7.21
2026-10-10T03:12:37+10:00,SNT,0.01162914,0.01129078,54484070.71475057,5865536.21564792,2.64
2026-10-10T03:12:37+10:00,LISTA,0.12011315,0.11530371,53820844.36261596,3411085.77300296,7.50
2026-10-10T03:12:37+10:00,RVN,0.00329538,0.00319921,52599049.2745564,7269211.85595974,0.03
2026-10-10T03:12:37+10:00,SAHARA,0.01268926,0.01230576,51953023.61771273,11741021.34570409,1.84
2026-10-10T03:12:37+10:00,RATS,0.00005411,0.00005194,51943448.12317051,6089072.80394703,3.94
2026-10-10T03:12:37+10:00,WAVES,0.39037866,0.37579580,51934444.0870898,8559979.293298,3.22
2026-10-10T03:12:37+10:00,CATI,0.09617895,0.09251579,51669088.58110573,5117225.04934027,-0.60
2026-10-10T03:12:37+10:00,MEME,0.00081803,0.00079417,50731066.30681886,9772366.95700297,5.09
2026-10-10T03:12:37+10:00,PRO,0.51669944,0.49432483,49864479.68254065,1170764.3565813,4.66
2026-10-10T03:12:37+10:00,POWR,0.09123493,0.08846511,49802617.3998329,1617798.50985819,2.09
2026-10-10T03:12:37+10:00,REZ,0.00566522,0.00549523,49740839.59701037,8903775.55527509,5.34
2026-10-10T03:12:37+10:00,IOTX,0.00548100,0.00531717,49544240.60234561,4218615.09678636,4.35
2026-10-10T03:12:37+10:00,ETN,0.00287632,0.00275612,49405710.48745045,271525.61864072,9.79
2026-10-10T03:12:37+10:00,STEEM,0.08952520,0.08710079,48160400.91749027,5453291.80742584,4.34
2026-10-10T03:12:37+10:00,FLUX,0.12233439,0.11589504,47775036.91551751,10938167.26270305,7.90
2026-10-10T03:12:37+10:00,CTSI,0.05028976,0.04882814,46812887.12590738,88116017.82086448,3.97
2026-10-10T03:12:37+10:00,LUNA2,0.06998053,0.06721900,46787883.45903018,5489168.76901394,6.34
2026-10-10T03:12:37+10:00,SKL,0.00761945,0.00736622,46635774.59343484,147617908.61822057,8.07
2026-10-10T03:12:37+10:00,BNT,0.47337846,0.46006611,46252522.0369453,3129898.60449797,2.76
2026-10-10T03:12:37+10:00,ONE,0.00313327,0.00302690,45900097.68685428,20392171.32472195,1.93
2026-10-10T03:12:37+10:00,HIVE,0.08003323,0.07783780,45398249.53552363,1292600.7590108,2.44
2026-10-10T03:12:37+10:00,ZORA,0.01048226,0.01006421,44673106.70467386,14066369.32155722,3.57
2026-10-10T03:12:37+10:00,ORBS,0.01054749,0.01009145,44653839.74344069,3138874.001127,2.21
2026-10-10T03:12:37+10:00,MANTA,0.09242081,0.08947165,42338162.21615694,4685944.3667589,3.33
2026-10-10T03:12:37+10:00,IOST,0.00122471,0.00118894,42333441.77875187,7744710.33611502,3.07
2026-10-10T03:12:37+10:00,UST,0.00851035,0.00745285,42180048.58715841,1466613.3101807,8.28
2026-10-10T03:12:37+10:00,MAGIC,0.15358125,0.14849500,41560925.98372394,126169370.2083433,67.74
2026-10-10T03:12:37+10:00,MTL,0.46291461,0.44900959,41466864.38349568,1002166.58375366,7.09
2026-10-10T03:12:37+10:00,CORE,0.02848623,0.02766257,41074584.50145379,4708594.88984061,4.82
2026-10-10T03:12:37+10:00,MANTRA,0.00645517,0.00624621,41032647.3939585,6778113.72177592,3.74
2026-10-10T03:12:37+10:00,API3,0.48152585,0.46573434,40953894.57426193,78106446.53433965,16.45
2026-10-10T03:12:37+10:00,PUNDIX,0.16463556,0.15998398,40909360.45289945,1016637.75884016,3.50
2026-10-10T03:12:37+10:00,FXS,0.44316595,0.42919401,39867001.63760495,779144.55173433,1.85
2026-10-10T03:12:37+10:00,ILV,5.82193781,5.60087556,39864168.46374267,3720835.69000721,8.76
2026-10-10T03:12:37+10:00,KNC,0.19897763,0.19301478,39667238.07878646,5262049.23973356,4.04
2026-10-10T03:12:37+10:00,ARKM,0.18482811,0.17894079,39520488.91326768,51315495.00371885,4.98
2026-10-10T03:12:37+10:00,OGN,0.05266275,0.05126955,38711930.62447674,297578968.31746954,-12.64
2026-10-10T03:12:37+10:00,OSMO,0.05129201,0.04968981,38703674.76407224,3997545.77114628,5.34
2026-10-10T03:12:37+10:00,METIS,5.01128824,4.85409215,38618466.01287872,4220051.66291212,6.27
2026-10-10T03:12:37+10:00,CYBER,0.51586791,0.49977043,38610978.53754683,42613049.36604724,13.67
2026-10-10T03:12:37+10:00,FLIP,0.43841614,0.41879303,38568938.45844481,77529.15371723,-2.91
2026-10-10T03:12:37+10:00,WAX,0.00848972,0.00822897,37425755.681788,1481567.79498635,3.12
2026-10-10T03:12:37+10:00,AUCT,5.60527329,5.44721051,36766848.44047186,9953549.03423414,8.80
2026-10-10T03:12:37+10:00,GMT,0.01239557,0.01197725,36380631.18137402,11696870.68155237,8.90
2026-10-10T03:12:37+10:00,CVC,0.03709828,0.03606102,35846365.74703832,13350893.98280116,-1.05
2026-10-10T03:12:37+10:00,AEVO,0.03977735,0.03842499,35198778.29296713,18078758.09620753,9.70
2026-10-10T03:12:37+10:00,DEGEN,0.00148857,0.00142894,35081203.91155849,4496636.90492349,0.22
2026-10-10T03:12:37+10:00,AUDIO,0.02448162,0.02376781,34894668.99552758,50597815.23671157,4.40
2026-10-10T03:12:37+10:00,CETUS,0.03933440,0.03736459,34723739.65770877,2944915.35365973,7.17
2026-10-10T03:12:37+10:00,1000SATS,0.00001704,0.00001656,34541240.66226888,2589013.36380107,3.27
2026-10-10T03:12:37+10:00,YGG,0.03892256,0.03779319,34207793.26695878,12574018.39624453,6.35
2026-10-10T03:12:37+10:00,STRAX,0.01572661,0.01523725,33768615.97227927,944501.43433388,1.14
2026-10-10T03:12:37+10:00,MOVR,2.79895187,2.71857883,33539156.4923654,22143142.26656664,4.74
2026-10-10T03:12:37+10:00,BIGTIME,0.01215764,0.01165224,33375128.8645633,17682864.12819638,3.01
2026-10-10T03:12:37+10:00,MPLX,0.07301742,0.07090134,33037547.30531319,1975638.45816457,1.86
2026-10-10T03:12:37+10:00,WOO,0.01854177,0.01759249,32888720.31703669,2100476.18731329,2.06
2026-10-10T03:12:37+10:00,IQ,0.00123798,0.00117744,32508638.73356525,852057.19721485,3.14
2026-10-10T03:12:37+10:00,CELR,0.00452786,0.00436150,32495291.99851214,2476267.90462949,8.06
2026-10-10T03:12:37+10:00,SLP,0.00093004,0.00089758,32135578.84436189,1991919.61614825,3.66
2026-10-10T03:12:37+10:00,DOGS,0.00006440,0.00006230,31711497.79014077,4719223.85487156,5.97
2026-10-10T03:12:37+10:00,XCH,2.26981879,2.20157493,31323731.35545544,1148254.38208743,6.91
2026-10-10T03:12:37+10:00,LQTY,0.33914631,0.32772302,31236002.36285874,3264188.6134574,5.86
2026-10-10T03:12:37+10:00,CHR,0.03366407,0.03275794,31235264.37158436,5433333.10182146,12.25
2026-10-10T03:12:37+10:00,ACE,0.28299040,0.27429929,30752349.82566269,30016601.56544115,8.10
2026-10-10T03:12:37+10:00,RAD,0.49224285,0.47241495,30316033.30189519,61486932.85414418,16.85
2026-10-10T03:12:37+10:00,CGPT,0.03381898,0.03247724,30235972.84856225,9200482.87521444,8.91
2026-10-10T03:12:37+10:00,DIA,0.25968021,0.25157173,29990893.66890174,10209708.47156494,6.41
2026-10-10T03:12:37+10:00,ATOR,0.30987140,0.29367109,29668654.70223604,849330.73693824,12.04
2026-10-10T03:12:37+10:00,PIXEL,0.00890164,0.00858675,28906843.29286397,9888310.37856319,11.55
2026-10-10T03:12:37+10:00,QI,0.00418737,0.00406135,28546449.95403299,2852438.5456025,6.42
2026-10-10T03:12:37+10:00,FIDA,0.03040411,0.02950798,28526068.45468188,17835159.72682935,4.63
2026-10-10T03:12:37+10:00,CTK,0.18379637,0.17836634,28439655.97436454,2296777.07185778,6.80
2026-10-10T03:12:37+10:00,QKC,0.00394861,0.00380285,27864006.34697121,861438.82701556,2.37
2026-10-10T03:12:37+10:00,BICO,0.02859383,0.02778895,27760094.78207597,15333803.71387171,2.18
2026-10-10T03:12:37+10:00,DAG,0.00982248,0.00919854,27486966.0058259,827398.80944942,-9.37
2026-10-10T03:12:37+10:00,TNSR,0.05423515,0.05255436,27182756.28991318,13640812.55012611,3.64
2026-10-10T03:12:37+10:00,XYM,0.00427287,0.00413747,27132426.25655731,14766.55199649,0.72
2026-10-10T03:12:37+10:00,XAI,0.01316201,0.01275276,26368072.57018853,6643639.07393097,5.87
2026-10-10T03:12:37+10:00,TAIKO,0.12394856,0.11953230,26360334.15621383,6720023.14882231,1.94
2026-10-10T03:12:37+10:00,SPELL,0.00013855,0.00013370,25897295.42323198,21464842.23560912,1.32
2026-10-10T03:12:37+10:00,DODO,0.02658701,0.02578897,25844777.51713377,21532187.15563539,-4.93
2026-10-10T03:12:37+10:00,STG,0.27442505,0.25876417,25832722.33082098,324741.0088138,0.00
2026-10-10T03:12:37+10:00,AGLD,0.28679778,0.27813609,25304278.42430157,6171125.60371916,4.05
2026-10-10T03:12:37+10:00,CHEEL,0.44674161,0.41345950,24655691.91633541,259492.33016514,-1.32
2026-10-10T03:12:37+10:00,ANIME,0.00461294,0.00445132,24245099.5713808,5037612.34083664,5.08
2026-10-10T03:12:37+10:00,JOE,0.05586113,0.05385457,24209535.02141705,6959934.84595823,3.81
2026-10-10T03:12:37+10:00,ALICE,0.25159615,0.24471517,23858542.67165865,13457416.55313365,6.92
2026-10-10T03:12:37+10:00,ARPA,0.01644882,0.01595531,23795963.23428267,11379493.06772234,2.47
2026-10-10T03:12:37+10:00,AVA,0.34666324,0.33648337,23312483.36452905,18999215.95831093,2.90
2026-10-10T03:12:37+10:00,GOAT,0.02416701,0.02303218,23114365.41651723,4440358.09748675,2.64
2026-10-10T03:12:37+10:00,GTC,0.27108122,0.26291084,23009713.09392684,68713023.17871241,0.10
2026-10-10T03:12:37+10:00,CAT,0.00000302,0.00000288,22460341.88255979,1123707.40926004,1.34
2026-10-10T03:12:37+10:00,C98,0.02334470,0.02268740,22433318.50033563,21913463.80224095,1.96
2026-10-10T03:12:37+10:00,BANANA,5.65931897,5.49379821,21807182.41244133,6723404.75728532,2.21
2026-10-10T03:12:37+10:00,ORN,0.12012353,0.11661310,21125365.9347866,2890903.13971468,4.89
2026-10-10T03:12:37+10:00,ZENT,0.00277538,0.00268410,21021132.2461396,5453940.27533865,1.34
2026-10-10T03:12:37+10:00,MBL,0.00110101,0.00106847,20639029.03419925,5502827.29027968,2.77
2026-10-10T03:12:37+10:00,BONE,0.09110228,0.08701462,20523595.23129429,4686174.95415771,4.88
2026-10-10T03:12:37+10:00,POND,0.00252049,0.00242074,20098014.90661745,1956846.92178921,1.53
2026-10-10T03:12:37+10:00,PORTAL,0.02396368,0.02314689,19928936.06409402,17470867.82706216,2.22
2026-10-10T03:12:37+10:00,RARE,0.02473005,0.02402280,19456280.80947837,17040330.25771979,5.37
2026-10-10T03:12:37+10:00,GLMR,0.01578125,0.01524938,19220690.29892937,12369023.90958554,-3.26
2026-10-10T03:12:37+10:00,LRC,0.01452986,0.01393110,19160308.09713893,2159852.8344889,-0.80
2026-10-10T03:12:37+10:00,OG,4.05472175,3.94359084,19081051.86075905,4381346.18053121,1.64
2026-10-10T03:12:37+10:00,RIO,0.08815768,0.08405958,19025348.04389922,412277.31020535,4.51
2026-10-10T03:12:37+10:00,MAV,0.01659621,0.01604148,18452942.22411296,2436768.06637642,5.22
2026-10-10T03:12:37+10:00,AI,0.03021252,0.02871823,18043615.66898576,7634811.82558385,6.46
2026-10-10T03:12:37+10:00,STORJ,0.04269999,0.04084737,17564566.46264808,3379739.74956838,2.09
2026-10-10T03:12:37+10:00,PONKE,0.03226221,0.03078601,17235833.69627891,4383502.79369095,-0.06
2026-10-10T03:12:37+10:00,DYM,0.02617662,0.02530446,16533380.65944641,6027609.06829241,4.77
2026-10-10T03:12:37+10:00,DRIFT,0.02760673,0.02654362,16284459.91601651,3834046.90730515,-0.91
2026-10-10T03:12:37+10:00,WAN,0.08508861,0.08159441,16210687.02030785,164975.70924706,2.69
2026-10-10T03:12:37+10:00,NAKA,0.17478823,0.16204223,16004998.82930732,733947.19459156,14.54
2026-10-10T03:12:37+10:00,BB,0.01333772,0.01290884,15881206.67654588,6671620.83695002,4.56
2026-10-10T03:12:37+10:00,CHILLGUY,0.01626455,0.01563665,15662580.1438695,6073473.99311587,2.43
2026-10-10T03:12:37+10:00,ADX,0.10744792,0.10383161,15157469.00534576,6490914.38110025,6.65
2026-10-10T03:12:37+10:00,EWT,0.51250357,0.49052675,14766716.15303905,321285.03871461,-1.23
2026-10-10T03:12:37+10:00,HMSTR,0.00023742,0.00023017,14670748.63720966,4151035.08400642,3.16
2026-10-10T03:12:37+10:00,OXT,0.01499997,0.01444594,14526011.16630297,5050046.50403647,0.37
2026-10-10T03:12:37+10:00,TKO,0.08297387,0.08026746,14307793.56960506,1130166.66939185,4.74
2026-10-10T03:12:37+10:00,LIT,0.18053818,0.17403249,14233627.32761547,9170073.19568402,3.00
2026-10-10T03:12:37+10:00,SAGA,0.03195158,0.03101569,14131452.44558801,29661149.93717511,1.78
2026-10-10T03:12:37+10:00,TLM,0.00207951,0.00200166,13999732.04303731,4632095.20735798,2.85
2026-10-10T03:12:37+10:00,PAAL,0.01424816,0.01370178,13793947.21886238,607564.82227701,4.29
2026-10-10T03:12:37+10:00,BEL,0.17790074,0.17305269,13652068.92258966,3706417.84043897,4.54
2026-10-10T03:12:37+10:00,ATM,1.51665165,1.47346111,13390797.75639439,5475884.28031328,-0.49
2026-10-10T03:12:37+10:00,ACT,0.01447253,0.01398578,13179216.78148304,38336676.27366525,2.63
2026-10-10T03:12:37+10:00,COOKIE,0.01705165,0.01649862,13177905.69733137,2454910.13941212,3.28
2026-10-10T03:12:37+10:00,GNS,0.57187643,0.54429021,12958821.60644559,627676.57839943,-6.33
2026-10-10T03:12:37+10:00,COQ,0.00000020,0.00000018,12927180.87980593,5075823.38185891,0.00
2026-10-10T03:12:37+10:00,AVAAI,0.01337340,0.01281317,12824075.65619284,212567.02112288,-2.75
2026-10-10T03:12:37+10:00,WRX,0.03556541,0.03338983,12629426.71948035,17254.76492978,3.30
2026-10-10T03:12:37+10:00,DSYNC,0.01263208,0.01203922,11855536.3548589,1122014.30016477,8.55
2026-10-10T03:12:37+10:00,ELA,0.53968033,0.51224035,11739454.11498028,220488.53596685,1.86
2026-10-10T03:12:37+10:00,ZEUS,0.01254312,0.01175257,11721646.3627853,27820373.23519315,-28.15
2026-10-10T03:12:37+10:00,PRIME,0.33605110,0.32456355,11604744.44585877,468918.1632362,-0.07
2026-10-10T03:12:37+10:00,BAR,0.41711606,0.40498638,11536694.39223235,4420595.58850057,1.40
2026-10-10T03:12:37+10:00,TOKEN,0.00307648,0.00293384,11530506.52302056,1532651.49662879,-0.58
2026-10-10T03:12:37+10:00,BLAST,0.00009538,0.00009166,11353793.13649431,1902589.94879817,-11.83
2026-10-10T03:12:37+10:00,PSG,0.67505001,0.65487160,11274314.3577087,3750852.39771492,0.26
2026-10-10T03:12:37+10:00,ASR,1.27787850,1.24224547,11138815.35089988,4222789.4886256,0.65
2026-10-10T03:12:37+10:00,ALPINE,0.54387217,0.52705675,11128984.13883546,5535802.34284526,5.62
2026-10-10T03:12:37+10:00,MAVIA,0.04563561,0.04384284,10842729.29858265,808630.49723875,5.66
2026-10-10T03:12:37+10:00,GHX,0.01680126,0.01600213,10724047.18630722,504820.63483214,3.59
2026-10-10T03:12:37+10:00,VINE,0.01123840,0.01074930,10690477.98109017,6446658.02877863,5.13
2026-10-10T03:12:37+10:00,LYXE,0.35435055,0.32964544,10467587.41653901,213916.77192693,-4.01
2026-10-10T03:12:37+10:00,RBNT,0.00347696,0.00337344,10109929.96176752,230594.88145026,-1.71
2026-10-10T03:12:37+10:00,WILD,0.02059385,0.01969273,10064524.64697764,211928.15768376,3.71
2026-10-10T03:12:37+10:00,QUICK,0.01603474,0.01517758,9967616.11817988,1037905.39734465,5.63
2026-10-10T03:12:37+10:00,ORAI,0.74576705,0.70802108,9898689.19159688,468561.28013124,-9.05
2026-10-10T03:12:37+10:00,ALCX,3.69656203,3.59892158,9470711.69038398,314323.90796654,-3.09
2026-10-10T03:12:37+10:00,NOM,0.00337526,0.00327149,9432241.93662513,9917630.74093961,4.45
2026-10-10T03:12:37+10:00,SUPRA,0.00020950,0.00019807,9117081.5816093,573770.53019568,6.13
2026-10-10T03:12:37+10:00,BADGER,0.52471136,0.45955902,9055039.82029567,5957.46096429,6.67
2026-10-10T03:12:37+10:00,HFT,0.01003747,0.00957405,9033060.26616917,3793434.1767885,1.57
2026-10-10T03:12:37+10:00,DENT,0.00009193,0.00008742,8797847.52610845,93137.8043146,-3.35
2026-10-10T03:12:37+10:00,BRISE,0.00000002,0.00000002,8439973.39235085,788984.55938674,3.18
2026-10-10T03:12:37+10:00,POLS,0.08792045,0.08183806,8221654.73237127,225239.79678847,6.66
2026-10-10T03:12:37+10:00,LAZIO,0.62493713,0.60317121,8020501.67265549,15512137.68878781,-3.35
2026-10-10T03:12:37+10:00,JUV,0.48344193,0.46961187,7699320.06908829,4444350.56752533,-1.89
2026-10-10T03:12:37+10:00,LMWR,0.01498948,0.01424641,7560743.17301309,1263397.68254276,-0.98
2026-10-10T03:12:37+10:00,FARM,11.25328991,10.78527577,7431428.66563996,81822.57837498,-0.16
2026-10-10T03:12:37+10:00,NKN,0.00925468,0.00880629,7170317.76506128,52972.28525569,1.96
2026-10-10T03:12:37+10:00,SCR,0.03864254,0.03744857,7106498.26203432,29608159.35709029,5.12
2026-10-10T03:12:37+10:00,CITY,0.51586791,0.50120655,7001324.50089401,2731653.48292493,1.34
2026-10-10T03:12:37+10:00,BLZ,0.01497465,0.01433241,6963743.0446719,128766.91690592,2.14
2026-10-10T03:12:37+10:00,XEM,0.00082982,0.00078900,6831660.1543075,482247.44149961,2.09
2026-10-10T03:12:37+10:00,ELIZAOS,0.00061085,0.00058046,6814524.50146188,15710167.55543144,-40.32
2026-10-10T03:12:37+10:00,TRIAS,0.27267304,0.26094335,6791201.73627473,185569.6934068,11.97
2026-10-10T03:12:37+10:00,MDT,0.01050012,0.01011604,6780700.662188,634149.07837481,-2.70
2026-10-10T03:12:37+10:00,WEN,0.00000972,0.00000930,6726503.89862181,240746.08494881,1.77
2026-10-10T03:12:37+10:00,MLN,2.08410635,1.97567295,6580476.60835728,57765.42569547,0.99
2026-10-10T03:12:37+10:00,AERGO,0.00880688,0.00825546,6424008.06302963,25780.22106693,3.63
2026-10-10T03:12:37+10:00,XRD,0.00065221,0.00060603,6125206.00588754,240797.51419932,-24.57
2026-10-10T03:12:37+10:00,SWELL,0.00117129,0.00111936,6067117.53590029,1485705.72385304,-2.12
2026-10-10T03:12:37+10:00,ACM,0.41858996,0.40642250,5803807.98016478,1965047.08072611,1.39
2026-10-10T03:12:37+10:00,BTS,0.00194114,0.00187400,5765978.75211959,96205.14446885,-2.47
2026-10-10T03:12:37+10:00,NIM,0.00041055,0.00038697,5648405.06382324,51968.28702722,-5.13
2026-10-10T03:12:37+10:00,TX,0.00214453,0.00207520,5153480.94593945,219178.27566211,-0.65
2026-10-10T03:12:37+10:00,NEON,0.02135000,0.01992205,4975707.70679565,2158395.30156958,-1.07
2026-10-10T03:12:37+10:00,HTR,0.00971129,0.00933039,4817674.25007334,137630.85712881,-10.17
2026-10-10T03:12:37+10:00,GHST,0.09381427,0.09049004,4787271.46587366,696086.03968394,1.20
2026-10-10T03:12:37+10:00,GFI,0.05689287,0.05414179,4724011.89897076,210120.07863326,0.03
2026-10-10T03:12:37+10:00,HIGH,0.04966839,0.04701030,4614921.04176101,15590798.0366718,-0.08
2026-10-10T03:12:37+10:00,KDA,0.01406256,0.01356273,4567300.31294598,10364.39899199,9.69
2026-10-10T03:12:37+10:00,RSS3,0.00478284,0.00441320,4254276.69013073,209185.59951908,4.61
2026-10-10T03:12:37+10:00,REN,0.00401051,0.00381433,3806000.48955323,34800.95839261,-4.82
2026-10-10T03:12:37+10:00,BCAU,0.03888501,0.03712500,3656615.80218403,3.40852074,0.00
2026-10-10T03:12:37+10:00,PRCL,0.00911823,0.00862811,3546946.32388679,219563.26719949,-1.02
2026-10-10T03:12:37+10:00,ERN,0.68433563,0.66506807,3140063.59206377,1465.85893218,6.07
2026-10-10T03:12:37+10:00,MYRO,0.00318175,0.00304993,2937114.29803011,217736.93496762,3.28
2026-10-10T03:12:37+10:00,AZERO,0.01137184,0.01082096,2884728.68052671,121202.04016056,6.12
2026-10-10T03:12:37+10:00,UOS,0.00530340,0.00510233,2447851.74734811,415188.75371059,0.69
2026-10-10T03:12:37+10:00,YFII,49.49384086,46.78885281,2148174.12051027,71791.37804801,19.15
2026-10-10T03:12:37+10:00,SUNDOG,0.00225362,0.00210686,2142054.76093745,1111103.95440124,-4.19
2026-10-10T03:12:37+10:00,DAR,0.00438861,0.00404173,2125705.55220253,118945.88008668,4.94
2026-10-10T03:12:37+10:00,PERP,0.03099187,0.02944911,1965887.27181763,101251.04023517,0.62
2026-10-10T03:12:37+10:00,PYR,0.14470550,0.12096554,1960990.53727711,1312628.9565457,-0.90
2026-10-10T03:12:37+10:00,SOUL,0.01581976,0.01512069,1896534.26055452,16063.79192617,-1.13
2026-10-10T03:12:37+10:00,HOOK,0.00475484,0.00452665,1760639.58143359,80077.47907044,-1.88
2026-10-10T03:12:37+10:00,CHEQ,0.00279181,0.00262856,1705625.02381574,188409.25079317,-1.48
2026-10-10T03:12:37+10:00,VOXEL,0.00614473,0.00593979,1511943.10051911,59589.5610606,0.75
2026-10-10T03:12:37+10:00,RDNT,0.00090308,0.00086354,1270283.12810642,1912532.5897958,-21.42
2026-10-10T03:12:37+10:00,SHR,0.00036459,0.00034168,1264268.64909604,90582.62839169,3.65
2026-10-10T03:12:37+10:00,IDEX,0.00095761,0.00088796,878855.63527751,132196.33705,-21.42
2026-10-10T03:12:37+10:00,LTO,0.00266778,0.00254337,751147.83089116,1787.32066003,0.79
2026-10-10T03:12:37+10:00,TOMO,0.00595313,0.00553337,710620.55358132,250038.66484001,-0.97
2026-10-10T03:12:37+10:00,FIO,0.00076615,0.00070557,643482.58469941,5779.21854013,14.35
2026-10-10T03:12:37+10:00,XMN,0.00071152,0.00065757,634804.24049873,176391.20558055,2.61
2026-10-10T03:12:37+10:00,ACA,0.00051455,0.00048842,583527.0634047,17244.79373364,2.57
2026-10-10T03:12:37+10:00,MTV,0.00014214,0.00013736,492866.36152894,72879.34612903,0.39
2026-10-10T03:12:37+10:00,POLK,0.00448364,0.00397231,371864.96433108,107.68954148,-4.17
2026-10-10T03:12:37+10:00,GLQ,0.00112135,0.00103299,366475.14226274,82283.43613564,5.46
2026-10-10T03:12:37+10:00,A2Z,0.00003687,0.00003552,342042.72427813,38507.30811434,-3.73
2026-10-10T03:12:37+10:00,FIS,0.00240837,0.00224609,324772.89960698,64726.3411491,3.80
2026-10-10T03:12:37+10:00,RFOX,0.00030349,0.00029454,256460.19987531,11.80165383,-0.19
2026-10-10T03:12:37+10:00,NFP,0.00039472,0.00037324,224585.61565827,177288.03302681,0.82
2026-10-10T03:12:37+10:00,CHO,0.00040625,0.00034541,198935.23328797,52198.55186857,1.08
2026-10-10T03:12:37+10:00,LL,0.00177769,0.00171272,140105.88810658,13193.53932385,-0.55
2026-10-10T03:12:37+10:00,DEGO,0.00507320,0.00474781,98915.43802613,30258.61055895,-10.23
2026-10-10T03:12:37+10:00,NYAN,0.00078118,0.00071216,73976.87833469,2254.58577386,10.73
2026-10-10T05:14:00+10:00,BTC,119926.03230326,118744.48065045,2387133528045.552,52051391583.93176,0.86
2026-10-10T05:14:00+10:00,ETH,3659.46433868,3565.63284997,435422437484.96484,21492272438.092308,1.02
2026-10-10T05:14:00+10:00,USDT,1.45319091,1.43865881,263762278315.12988,116870755087.1011,-0.40
2026-10-10T05:14:00+10:00,BNB,1089.32624914,1061.35632312,140986568649.41632,2520333897.3684044,1.33
2026-10-10T05:14:00+10:00,XRP,2.04280874,1.99015068,124851202908.54486,4866979673.203478,1.46
2026-10-10T05:14:00+10:00,USDC,1.45605976,1.43891181,104755911193.3444,27764006890.650536,-0.35
2026-10-10T05:14:00+10:00,SOL,161.16358026,157.01750999,92393594347.41985,5929204197.665389,0.42
2026-10-10T05:14:00+10:00,TRX,0.48902578,0.47634525,45220659928.579254,629537475.134624,-0.69
2026-10-10T05:14:00+10:00,HYPE,124.88784006,120.62101023,31089910295.599735,1418750261.8208814,0.28
2026-10-10T05:14:00+10:00,ZEC,1784.10497561,1736.75967659,29456436712.479553,1915162218.7044992,5.56
2026-10-10T05:14:00+10:00,DOGE,0.12472955,0.12151752,20812677251.529144,1556113736.4095054,1.33
2026-10-10T05:14:00+10:00,WBTC,121293.75964053,118179.69433890,13824790515.234503,349826677.4285835,0.82
2026-10-10T05:14:00+10:00,LINK,18.90006583,18.40261855,13709848762.992865,571663527.3123459,3.06
2026-10-10T05:14:00+10:00,ADA,0.34961957,0.34022612,12481447415.78127,1113279323.1224205,2.95
2026-10-10T05:14:00+10:00,STR,0.28396470,0.27639786,9652003842.962473,259738847.86002153,1.07
2026-10-10T05:14:00+10:00,NEAR,6.93498015,6.75432040,8933536852.752235,2200769308.0109205,3.90
2026-10-10T05:14:00+10:00,BCC,404.23382480,393.44023924,7892326400.559434,474382564.341746,-2.45
2026-10-10T05:14:00+10:00,LTC,93.49195271,91.03773964,7041793164.875049,417716230.566322,1.57
2026-10-10T05:14:00+10:00,CC,0.18395998,0.17722974,6899351721.687807,47683727.02506957,6.33
2026-10-10T05:14:00+10:00,UNI,10.75208979,10.47070268,6592420020.360732,1151121185.3534687,0.87
2026-10-10T05:14:00+10:00,AVAX,15.01818457,14.62455953,6456820872.999971,687345616.6343277,1.26
2026-10-10T05:14:00+10:00,TON,2.17825907,2.09995991,6283800301.560964,89300040.91757141,5.03
2026-10-10T05:14:00+10:00,SUI,1.56703171,1.52614077,6231792156.989351,1186145092.9529142,2.80
2026-10-10T05:14:00+10:00,HBAR,0.13270823,0.12914822,5728036837.203027,182254758.58808067,-2.44
2026-10-10T05:14:00+10:00,TAO,402.90895065,392.29276498,4549263865.504148,399106995.5799726,1.65
2026-10-10T05:14:00+10:00,SHIB,0.00000797,0.00000773,4535451277.440112,102114281.07977328,2.97
2026-10-10T05:14:00+10:00,QNT,357.71602122,348.28712684,4347625543.940835,249964077.04578915,4.13
2026-10-10T05:14:00+10:00,CRO,0.08985591,0.08742319,4320009359.974119,13870509.26015584,1.75
2026-10-10T05:14:00+10:00,ENA,0.31267031,0.30422411,4141597779.7293873,882717295.8194886,3.71
2026-10-10T05:14:00+10:00,AAVE,247.44232925,240.78313147,3738618782.470461,572139093.844154,1.50
2026-10-10T05:14:00+10:00,PUMP,0.00780351,0.00759053,3641615335.716995,446368551.43518305,-4.19
2026-10-10T05:14:00+10:00,RLUSD,1.47355448,1.43563374,3494384061.128832,317524669.6703749,-0.39
2026-10-10T05:14:00+10:00,ONDO,0.70418037,0.69232829,3335199296.5277514,591951382.8264267,-2.98
2026-10-10T05:14:00+10:00,DOT,1.77385929,1.72408008,2856506508.918711,375056252.18579704,15.53
2026-10-10T05:14:00+10:00,ASTER,1.02030031,0.99270867,2708961544.264946,159569245.65665072,0.43
2026-10-10T05:14:00+10:00,WLD,0.73177216,0.71258151,2665866463.3713,395353510.07163423,4.58
2026-10-10T05:14:00+10:00,MNT,0.81651397,0.78816491,2586945431.8324866,53803378.62045623,-0.76
2026-10-10T05:14:00+10:00,SKY2,0.11177522,0.10857975,2566393994.8937,30197463.30857112,-0.77
2026-10-10T05:14:00+10:00,WLFI,0.08199499,0.07974946,2443265752.6576924,87738844.93423672,0.68
2026-10-10T05:14:00+10:00,ICP,4.42949592,4.30733152,2390258243.624056,130971718.1230479,2.37
2026-10-10T05:14:00+10:00,PEPE,0.00000578,0.00000563,2301102643.552858,372565893.5605912,3.51
2026-10-10T05:14:00+10:00,ETC,12.20356303,11.86201523,1872981529.934019,73220321.55896719,3.73
2026-10-10T05:14:00+10:00,MORPHO,3.49913985,3.40656422,1826857885.0805218,41645690.33972651,1.21
2026-10-10T05:14:00+10:00,ARB,0.26379717,0.25660393,1746149578.4524407,244797904.25739983,5.19
2026-10-10T05:14:00+10:00,JUP,0.55114765,0.53529674,1743999358.2022054,168264125.70359948,8.74
2026-10-10T05:14:00+10:00,JST,0.20997784,0.20436516,1673411208.4279356,66913030.01805548,2.70
2026-10-10T05:14:00+10:00,KAS,0.06163096,0.05931993,1628504623.1491375,23831838.39985634,5.74
2026-10-10T05:14:00+10:00,VVV,32.24593428,31.12006031,1523070668.3927445,99955798.26478952,-5.24
2026-10-10T05:14:00+10:00,MATIC,0.14588337,0.14171307,1506944992.286076,207007304.60000685,1.42
2026-10-10T05:14:00+10:00,ATOM,3.05457097,2.97052400,1506725476.6359322,212635225.3644697,22.34
2026-10-10T05:14:00+10:00,ALGO,0.16752298,0.16294134,1504990226.7562318,181019275.42649573,-4.43
2026-10-10T05:14:00+10:00,RNDR,2.74101742,2.65927161,1386559264.5655568,82539098.5861478,0.15
2026-10-10T05:14:00+10:00,PI,0.11970975,0.11631086,1307380199.1377401,8958024.45611778,0.54
2026-10-10T05:14:00+10:00,FIL,1.58543274,1.54191854,1273892708.5896215,316088243.048446,2.51
2026-10-10T05:14:00+10:00,AERO,1.18641820,1.14488611,1175449946.2158687,133925351.34361307,-2.37
2026-10-10T05:14:00+10:00,ZRO,2.89116982,2.81131195,1161504255.965589,231285692.99457884,-1.36
2026-10-10T05:14:00+10:00,XDC,0.05219826,0.05004403,1073490129.6746776,35566854.66855292,10.54
2026-10-10T05:14:00+10:00,NIGHT,0.06820158,0.06623795,1068881973.7140096,40779331.1625776,9.20
2026-10-10T05:14:00+10:00,STABLE,0.03769085,0.03632057,1051933257.2178249,19043587.8833151,-3.89
2026-10-10T05:14:00+10:00,CAKE,3.21061170,3.12399869,996775449.2186828,80555344.61271936,2.09
2026-10-10T05:14:00+10:00,STX,0.55453344,0.53845229,995031104.3335763,53776165.51340017,2.48
2026-10-10T05:14:00+10:00,APT,1.17339688,1.14001568,990734501.6438409,223018011.1712031,8.17
2026-10-10T05:14:00+10:00,INJ,10.15442434,9.87114738,989279154.5943348,197020300.32962605,2.82
2026-10-10T05:14:00+10:00,PYTH,0.11803157,0.11461833,966107408.2027379,126274121.28972612,-0.01
2026-10-10T05:14:00+10:00,ETHFI,0.98585358,0.95728040,949835983.831251,114775083.11879963,-0.64
2026-10-10T05:14:00+10:00,VET,0.01155880,0.01114198,944500499.0854224,30768777.59457593,3.59
2026-10-10T05:14:00+10:00,DASH,75.81224318,73.78259535,942757873.5911012,108532077.13461807,1.41
2026-10-10T05:14:00+10:00,RAY,3.44746976,3.34775617,918439476.6858104,141662676.6891451,2.01
2026-10-10T05:14:00+10:00,LIGHTER,5.28053829,5.10031163,872286676.6576633,52934400.0109316,-0.01
2026-10-10T05:14:00+10:00,FLR,0.01045446,0.01003457,869377997.1180325,6303696.26976337,3.87
2026-10-10T05:14:00+10:00,CRV,0.52435575,0.50976544,809935445.7430936,138357599.73149297,5.14
2026-10-10T05:14:00+10:00,STRK,0.10498892,0.10213955,781161676.7602482,594242807.543086,22.13
2026-10-10T05:14:00+10:00,NEXO,1.23949338,1.19767626,775083766.9403945,11896955.64592022,-0.15
2026-10-10T05:14:00+10:00,TRUMP,2.72482451,2.64923121,744764641.5389769,432733340.34947574,2.26
2026-10-10T05:14:00+10:00,FET,0.31443680,0.30594532,727972520.1374636,298348810.7416907,-2.00
2026-10-10T05:14:00+10:00,PENGU,0.01188118,0.01155936,721679246.963475,257483897.42548645,2.24
2026-10-10T05:14:00+10:00,SEI,0.09681886,0.09415026,710631259.7919506,85810554.26441501,-0.54
2026-10-10T05:14:00+10:00,VIRTUAL,1.05166526,1.01304814,669729082.6001483,164352206.80663455,1.75
2026-10-10T05:14:00+10:00,TIA,0.68893456,0.66955123,617963782.3552473,221196747.32036555,-8.59
2026-10-10T05:14:00+10:00,BCHSV,28.28034776,27.18209868,544112123.8470582,17641851.31251594,3.22
2026-10-10T05:14:00+10:00,XPL,0.12356660,0.12018358,543119404.9364091,105279872.1035377,0.24
2026-10-10T05:14:00+10:00,PENDLE,3.06487554,2.98056440,524529008.6098382,69370284.96253999,0.05
2026-10-10T05:14:00+10:00,IMX,0.28001958,0.26854293,522249057.1188102,35366085.22161144,2.02
2026-10-10T05:14:00+10:00,BTT,0.00000054,0.00000051,515173220.2499367,22132997.57043321,1.89
2026-10-10T05:14:00+10:00,FF,0.15528998,0.15106498,510710122.12712294,9225591.01400487,-1.02
2026-10-10T05:14:00+10:00,SPX,0.54878505,0.52792448,500787249.9837304,13683177.93488845,1.82
2026-10-10T05:14:00+10:00,LDO,0.61312232,0.59668661,495544179.6797264,119680711.87837943,2.80
2026-10-10T05:14:00+10:00,SUN,0.02477515,0.02412564,461642051.45040965,31002078.83362593,-0.16
2026-10-10T05:14:00+10:00,XTZ,0.43308664,0.41997558,461061404.5769194,15272729.99706901,1.39
2026-10-10T05:14:00+10:00,KITE,0.17576664,0.17068679,442977660.6631183,22933565.00851739,-5.90
2026-10-10T05:14:00+10:00,DCR,25.92337093,25.10099958,441050089.4048682,1182812.53579409,1.26
2026-10-10T05:14:00+10:00,GNO,170.17272450,164.46174929,435323752.7457824,1742139.23449127,-0.04
2026-10-10T05:14:00+10:00,MON,0.03635368,0.03508521,418555781.3489974,51743438.57381085,-0.28
2026-10-10T05:14:00+10:00,BONK,0.00000492,0.00000477,418082271.947946,65820123.42776127,2.93
2026-10-10T05:14:00+10:00,GRT,0.03970207,0.03851210,414903182.3325574,34565182.43124213,3.49
2026-10-10T05:14:00+10:00,OP,0.18356868,0.17843224,403697786.3329485,150468434.3351026,6.53
2026-10-10T05:14:00+10:00,LUNA,0.00007471,0.00007197,398605670.19109595,15198311.15587396,2.44
2026-10-10T05:14:00+10:00,SYRUP,0.33283783,0.32373117,391677416.36288667,18696644.3257582,-0.80
2026-10-10T05:14:00+10:00,JTO,0.73854374,0.71774515,389131983.40748787,66770968.48614869,-1.21
2026-10-10T05:14:00+10:00,AR,6.01492866,5.82916927,383504105.95805067,26085165.94723985,3.38
2026-10-10T05:14:00+10:00,ENS,9.15635248,8.87858213,373991583.1493574,31896809.45909768,1.91
2026-10-10T05:14:00+10:00,CFX,0.07355996,0.07111471,371539065.3329659,19688714.97338032,1.50
2026-10-10T05:14:00+10:00,FLOKI,0.00003979,0.00003832,367279194.1172501,56066390.18693601,3.92
2026-10-10T05:14:00+10:00,COMP,35.91881037,34.85453085,344231854.9962599,28810518.06278563,6.31
2026-10-10T05:14:00+10:00,JASMY,0.00737514,0.00717171,342294362.593762,13895780.84328846,7.09
2026-10-10T05:14:00+10:00,PONS,0.50791493,0.48970435,336988759.2564717,109878529.56238697,-2.08
2026-10-10T05:14:00+10:00,MIOTA,0.07463458,0.07229087,336066515.799638,15464882.47942717,2.64
2026-10-10T05:14:00+10:00,ZBCN,0.00337727,0.00323854,330552938.8716956,15586792.78699105,1.35
2026-10-10T05:14:00+10:00,RUNE,1.01279269,0.98252484,321431874.6284994,17565525.93677343,1.08
2026-10-10T05:14:00+10:00,TWT,0.76033056,0.73897342,313294402.8154759,8691160.20414969,2.20
2026-10-10T05:14:00+10:00,AKT,1.07802352,1.03766935,310537950.6716262,15808447.94267562,1.56
2026-10-10T05:14:00+10:00,THETA,0.32076676,0.31010492,309646015.19711196,8670948.85710931,5.16
2026-10-10T05:14:00+10:00,EIGEN,0.32165001,0.31268673,305118859.11665905,62816080.14640949,-1.75
2026-10-10T05:14:00+10:00,WIF,0.31119822,0.30250290,302123533.0024075,94113300.5546145,1.66
2026-10-10T05:14:00+10:00,TRAC,0.59691110,0.57387452,296783934.90420836,10392517.04212679,0.97
2026-10-10T05:14:00+10:00,CVX,3.02660140,2.93323109,296609867.1315934,16439911.0842085,1.13
2026-10-10T05:14:00+10:00,AXS,1.73852931,1.68104980,290748118.4674458,36039473.43642581,2.12
2026-10-10T05:14:00+10:00,SAND,0.09973359,0.09703329,285926912.728161,214837914.21987757,0.95
2026-10-10T05:14:00+10:00,KMNO,0.05080157,0.04941311,283945332.3511985,12424522.47578793,-5.59
2026-10-10T05:14:00+10:00,KLAY,0.08022850,0.07802825,282518143.24200433,418162.07219108,46.19
2026-10-10T05:14:00+10:00,USELESS,0.27702836,0.26734049,273034437.9184748,31880747.58099902,-0.53
2026-10-10T05:14:00+10:00,MANA,0.13734529,0.13282014,258899868.14244837,27022414.6771623,0.58
2026-10-10T05:14:00+10:00,BAT,0.19475651,0.18947668,255060639.69006237,39931758.89928985,34.29
2026-10-10T05:14:00+10:00,TEL,0.00275874,0.00262817,254242946.31244823,2097358.20936132,-1.35
2026-10-10T05:14:00+10:00,XCN,0.00626868,0.00598810,240750118.7795864,13321098.11537621,0.93
2026-10-10T05:14:00+10:00,ANS,3.53594191,3.43381674,239282617.13729367,6835987.37139876,2.68
2026-10-10T05:14:00+10:00,EOS,0.15280216,0.14687670,235435836.09350944,12284823.75267197,8.83
2026-10-10T05:14:00+10:00,FARTCOIN,0.23766865,0.22903448,232624128.48708373,33719539.86866732,6.08
2026-10-10T05:14:00+10:00,SENT,0.03128176,0.03039372,230211844.4456961,34289622.01413712,-11.80
2026-10-10T05:14:00+10:00,CHZ,0.02239038,0.02174463,227195556.19176903,30344462.63400444,2.15
2026-10-10T05:14:00+10:00,GRASS,0.96059596,0.92587189,219672817.8161075,46519978.35797572,11.37
2026-10-10T05:14:00+10:00,DEXE,2.74984991,2.67648372,218762612.5540086,22195879.82107033,5.06
2026-10-10T05:14:00+10:00,ZK,0.02106550,0.02048241,210198308.7500154,56155645.60405391,27.37
2026-10-10T05:14:00+10:00,SUPER,0.32562463,0.31612916,205582407.42749995,20231577.19980221,-0.12
2026-10-10T05:14:00+10:00,AIOZ,0.16783405,0.15967997,203750329.9193766,9427134.35676399,10.67
2026-10-10T05:14:00+10:00,APE,0.21271591,0.20597163,203373315.87750307,23337000.18455636,3.04
2026-10-10T05:14:00+10:00,SFP,0.41468561,0.39602205,196354091.88670567,1559897.31313745,3.04
2026-10-10T05:14:00+10:00,1INCH,0.14264479,0.13841408,196165109.1878439,9795260.35422079,2.25
2026-10-10T05:14:00+10:00,BEAM,0.00393341,0.00382539,190713130.2019815,21765799.51438115,4.56
2026-10-10T05:14:00+10:00,GNT,0.19490371,0.18933325,184721856.58333576,5761372.9618587,3.12
2026-10-10T05:14:00+10:00,ATH,0.00945048,0.00908551,183316858.23515987,18308174.8522664,1.20
2026-10-10T05:14:00+10:00,FTM,0.06552239,0.06342664,183028941.7254679,52026372.99897323,15.22
2026-10-10T05:14:00+10:00,EDGE,0.53753096,0.51790422,180070261.1270583,8419171.24250134,-1.86
2026-10-10T05:14:00+10:00,EGLD,5.82503003,5.64700773,177111094.35798544,11851552.18997371,0.64
2026-10-10T05:14:00+10:00,STPT,0.09266759,0.08996198,173233747.78273022,3303493.44713247,1.45
2026-10-10T05:14:00+10:00,IP,0.28742358,0.27741801,170691518.4967213,100200917.89422566,-0.81
2026-10-10T05:14:00+10:00,PLUME,0.02590866,0.02515837,169013947.4338978,35436301.56859914,0.63
2026-10-10T05:14:00+10:00,PEAQ,0.06400025,0.06149575,168723862.2445456,10594286.23525541,12.18
2026-10-10T05:14:00+10:00,ZEN,9.35508361,9.09660225,167980271.264751,34578188.04745609,3.76
2026-10-10T05:14:00+10:00,W,0.02552591,0.02475675,163823806.18848348,173863366.0556582,14.14
2026-10-10T05:14:00+10:00,DYDX,0.20378037,0.19798234,163685259.277336,8368516.02549956,6.57
2026-10-10T05:14:00+10:00,GENIUS,0.49506131,0.48107858,161625256.17907456,20250677.53292975,7.35
2026-10-10T05:14:00+10:00,GALA,0.00327980,0.00318424,160079863.12703955,56503037.89210968,2.28
2026-10-10T05:14:00+10:00,CASHCAT,0.16510938,0.15903581,159155330.81815088,25393768.82957083,-2.24
2026-10-10T05:14:00+10:00,NMR,19.81422900,19.26322425,146694452.47271645,67060855.43778526,-4.45
2026-10-10T05:14:00+10:00,BNX,0.39510692,0.38411701,146190814.9882878,23516634.8710825,2.43
2026-10-10T05:14:00+10:00,MINA,0.11600010,0.11259591,145464194.66019768,96985664.82490574,-0.26
2026-10-10T05:14:00+10:00,ZRX,0.18047731,0.17513325,141359587.84601316,6656680.80667493,7.12
2026-10-10T05:14:00+10:00,QTUM,1.39111787,1.34971660,140592021.6952297,9823414.09047829,3.43
2026-10-10T05:14:00+10:00,CHIP,0.07345692,0.07138724,139444121.83705658,25128487.44696542,2.73
2026-10-10T05:14:00+10:00,DOG,0.00142248,0.00136089,139143348.7008724,1356196.08116186,3.32
2026-10-10T05:14:00+10:00,RSR,0.00230676,0.00223901,137431449.39581192,7702512.8910621,2.41
2026-10-10T05:14:00+10:00,PROM,7.63127512,7.41842113,136471605.144143,15670467.50310707,2.75
2026-10-10T05:14:00+10:00,HNT,0.74928558,0.72002715,136338739.2170955,6987980.290639,1.61
2026-10-10T05:14:00+10:00,FUN,0.01284009,0.01247003,134964716.0160502,1735306.43557202,-0.79
2026-10-10T05:14:00+10:00,WEMIX,0.27839069,0.26396224,134778137.17383945,691098.48107749,-1.56
2026-10-10T05:14:00+10:00,KSM,7.33097032,7.12868388,131586284.78005403,5351800.90239351,9.73
2026-10-10T05:14:00+10:00,MELANIA,0.13339061,0.12871737,128881300.33623835,13160924.64790015,-0.51
2026-10-10T05:14:00+10:00,GMX,12.60102528,12.13454037,126573901.3294245,7348882.67960228,8.35
2026-10-10T05:14:00+10:00,VELO,0.00750915,0.00721172,125681816.85174972,8371260.96208191,1.62
2026-10-10T05:14:00+10:00,ORDI,6.17096939,5.99268435,125004810.41760522,29195254.71865635,1.43
2026-10-10T05:14:00+10:00,GAS,1.95345334,1.89906991,122359523.55269842,1866628.73531617,2.46
2026-10-10T05:14:00+10:00,LPT,2.64385998,2.57177670,121000378.66684446,28170837.99065864,1.35
2026-10-10T05:14:00+10:00,SAFE,0.16140737,0.15545715,119414199.051973,2551767.5682393,3.89
2026-10-10T05:14:00+10:00,YFI,3475.58652712,3354.92788772,118812836.68041524,11537401.75268141,3.10
2026-10-10T05:14:00+10:00,RLC,1.35843764,1.32074288,118105853.95087051,355494184.10416716,-0.79
2026-10-10T05:14:00+10:00,FTT,0.36566527,0.35399581,117969565.02408074,6977271.66553684,1.07
2026-10-10T05:14:00+10:00,RIF,0.12085797,0.11747267,116916901.4003044,10545904.21555369,1.20
2026-10-10T05:14:00+10:00,HAV,0.34829470,0.33707056,113775576.57035188,14383300.99720447,2.59
2026-10-10T05:14:00+10:00,ZETA,0.06900536,0.06641999,110015582.47353864,8179331.24968494,2.02
2026-10-10T05:14:00+10:00,KAITO,0.45502067,0.44235132,106334358.14530233,23026740.22514548,1.10
2026-10-10T05:14:00+10:00,KAVA,0.09985135,0.09721975,105900472.98486675,13976958.66194827,-1.26
2026-10-10T05:14:00+10:00,BERA,0.31340635,0.30422411,105383725.70563073,24700179.79295447,1.80
2026-10-10T05:14:00+10:00,TFUEL,0.01433809,0.01384140,103752371.7838076,648397.39203208,3.75
2026-10-10T05:14:00+10:00,HOT,0.00060356,0.00058521,101838060.7329545,3548214.36799864,0.58
2026-10-10T05:14:00+10:00,ZIL,0.00511843,0.00496712,101186551.92033923,5006729.79626199,7.21
2026-10-10T05:14:00+10:00,BOME,0.00153436,0.00148941,101147508.89511801,37853937.45393349,1.24
2026-10-10T05:14:00+10:00,RE,0.63947260,0.62193105,100245301.47136255,10017865.00193601,0.80
2026-10-10T05:14:00+10:00,BIO,0.04121831,0.03984604,99925992.41571294,17019728.70427343,0.18
2026-10-10T05:14:00+10:00,DGB,0.00535838,0.00517797,98603828.7793336,3990100.28509599,-1.75
2026-10-10T05:14:00+10:00,VTHO,0.00096716,0.00093806,97837394.8678089,5331519.4099424,0.38
2026-10-10T05:14:00+10:00,XPR,0.00336261,0.00323310,97799612.17042781,1997761.6986497,1.87
2026-10-10T05:14:00+10:00,TURBO,0.00142646,0.00138127,94300833.73830742,17152604.33699243,3.79
2026-10-10T05:14:00+10:00,SUSHI,0.33872616,0.32961198,93952497.85692386,18992165.81734529,3.00
2026-10-10T05:14:00+10:00,CKB,0.00189899,0.00184169,90418615.2810195,9067029.86798135,6.01
2026-10-10T05:14:00+10:00,AXL,0.07684271,0.07429895,90203886.51486756,10072943.49205204,5.67
2026-10-10T05:14:00+10:00,ROSE,0.01208580,0.01173292,89539080.50798897,4721420.76591732,10.35
2026-10-10T05:14:00+10:00,ENJ,0.04614979,0.04486624,88379168.4840516,18407263.53911916,6.86
2026-10-10T05:14:00+10:00,ONT,0.08895794,0.08641915,86604298.78933887,30785590.26389229,-0.54
2026-10-10T05:14:00+10:00,AMP,0.00096423,0.00092945,86350222.64033784,138483643.04574898,-2.18
2026-10-10T05:14:00+10:00,IO,0.21830982,0.21127869,85771861.47645943,44626739.69101569,-0.07
2026-10-10T05:14:00+10:00,SNEK,0.00120538,0.00113944,84083929.48999135,1594655.59867976,11.91
2026-10-10T05:14:00+10:00,ASTR,0.01001163,0.00970763,83928491.0178434,1624349.05886483,1.94
2026-10-10T05:14:00+10:00,T,0.00774316,0.00751595,82374853.93516618,5541110.51668724,4.99
2026-10-10T05:14:00+10:00,CELO,0.14217372,0.13827064,81239703.0571414,6450684.10929959,6.82
2026-10-10T05:14:00+10:00,EDU,0.10010161,0.09653127,80879757.06734824,25768616.06430691,7.18
2026-10-10T05:14:00+10:00,ID,0.05490868,0.05292725,80751894.12298027,9189169.69732338,3.21
2026-10-10T05:14:00+10:00,ACH,0.00837615,0.00808969,80399453.21079654,5096019.64930526,3.82
2026-10-10T05:14:00+10:00,BLUR,0.02832287,0.02715210,78065592.52937089,13991142.26345031,3.87
2026-10-10T05:14:00+10:00,ALT,0.01134976,0.01094403,77557203.97320941,7364306.31617365,7.56
2026-10-10T05:14:00+10:00,SC,0.00139702,0.00134684,76350869.69411412,4891305.74464984,1.09
2026-10-10T05:14:00+10:00,TRB,28.17565698,27.35291783,76256423.35566205,25089784.8755841,5.57
2026-10-10T05:14:00+10:00,BRETT,0.00781568,0.00753237,74443533.55983098,7630220.65875083,2.02
2026-10-10T05:14:00+10:00,POLY,0.05844168,0.05665654,73786175.10831618,984316.97152506,3.24
2026-10-10T05:14:00+10:00,FLOW,0.04554623,0.04386220,73734768.16846001,7506057.74365197,5.01
2026-10-10T05:14:00+10:00,LSK,0.34608658,0.33635339,73673549.4516381,16693854.49121857,0.50
2026-10-10T05:14:00+10:00,WIN,0.00007827,0.00007470,73276358.30755076,44107545.54829531,-4.28
2026-10-10T05:14:00+10:00,XVS,4.56051125,4.41777592,72177433.99109209,4188040.28154148,-0.11
2026-10-10T05:14:00+10:00,XYO,0.00541530,0.00514182,71486628.4925266,5073279.97801024,0.64
2026-10-10T05:14:00+10:00,ALLO,0.36669573,0.35672106,71080085.14331004,9724512.03359348,2.01
2026-10-10T05:14:00+10:00,PNUT,0.07257367,0.07056966,70428884.62701386,11926773.73226989,2.94
2026-10-10T05:14:00+10:00,PHA,0.08714728,0.08462622,68544046.12967132,29853633.72946155,-3.50
2026-10-10T05:14:00+10:00,AVNT,0.19917275,0.19320597,68498092.33830225,59060708.03041318,2.71
2026-10-10T05:14:00+10:00,RONIN,0.09421328,0.09136763,67716178.33533286,2068538.11777507,6.77
2026-10-10T05:14:00+10:00,TOSHI,0.00016674,0.00015946,66944952.1915101,3667347.22813777,0.67
2026-10-10T05:14:00+10:00,G,0.00618275,0.00600989,66878978.1338473,11381351.98923857,2.53
2026-10-10T05:14:00+10:00,DUSK,0.11644172,0.11273934,66870562.99134541,4650415.2591476,3.40
2026-10-10T05:14:00+10:00,POPCAT,0.06996788,0.06747928,65712662.40757338,14039809.21429758,3.07
2026-10-10T05:14:00+10:00,ANKR,0.00694823,0.00674141,65591531.75343736,7165640.65442363,4.23
2026-10-10T05:14:00+10:00,AGS,3.11675900,2.74952700,65114837.36261196,1.26930592,2.62
2026-10-10T05:14:00+10:00,SSV,4.19985107,4.07927101,64986740.31626378,10460359.35516742,1.74
2026-10-10T05:14:00+10:00,SYN,0.27480835,0.26680211,64972711.92039943,17152750.63108327,0.82
2026-10-10T05:14:00+10:00,XRB,0.50934051,0.48767656,64894730.76170277,301388.7710502,1.96
2026-10-10T05:14:00+10:00,XVG,0.00411153,0.00396738,64884247.54376128,2508557.82369181,0.79
2026-10-10T05:14:00+10:00,CSPR,0.00355245,0.00340116,64455346.01432739,6792747.39281371,2.99
2026-10-10T05:14:00+10:00,MASK,0.67862999,0.65979770,63869619.6783034,5010858.30814176,4.81
2026-10-10T05:14:00+10:00,NOT,0.00067570,0.00065263,63552336.60493062,6593146.6286345,5.10
2026-10-10T05:14:00+10:00,MERL,0.04651198,0.04473329,63392872.04245432,11206196.60046041,12.13
2026-10-10T05:14:00+10:00,BARD,0.18003568,0.17498982,63210853.94649851,6348935.11873149,0.58
2026-10-10T05:14:00+10:00,AURORA,0.08638997,0.08292479,62310107.21260034,2201042.98346077,0.47
2026-10-10T05:14:00+10:00,REQ,0.08037570,0.07788481,62100448.89748804,737496.3680887,3.19
2026-10-10T05:14:00+10:00,ARK,0.32047234,0.31168269,62066855.90419499,16495073.04533031,-2.68
2026-10-10T05:14:00+10:00,MOG,0.00000017,0.00000015,60816334.6285876,15668925.60991906,0.00
2026-10-10T05:14:00+10:00,ONG,0.12930772,0.12554802,60504673.61899259,2830439.47760809,3.35
2026-10-10T05:14:00+10:00,BAND,0.34314241,0.33319784,59736709.98609767,5660558.94139782,5.11
2026-10-10T05:14:00+10:00,AUS,199.17058600,189.48471300,59352910.5534,,1.31
2026-10-10T05:14:00+10:00,MEW,0.00068858,0.00066276,59283175.51721718,7027278.58727486,0.68
2026-10-10T05:14:00+10:00,MOVE,0.01307798,0.01269393,58724522.20208069,85754979.00011083,0.29
2026-10-10T05:14:00+10:00,RPL,2.73218492,2.59759487,58607927.22196779,12505193.73438631,6.98
2026-10-10T05:14:00+10:00,MOODENG,0.06106826,0.05876165,57881435.96140951,9425396.98693374,2.71
2026-10-10T05:14:00+10:00,COTI,0.01882794,0.01827352,55513572.75093126,13825248.80140744,1.75
2026-10-10T05:14:00+10:00,UMA,0.60797003,0.59094924,55461166.33415734,17634436.58343032,7.12
2026-10-10T05:14:00+10:00,SNT,0.01164564,0.01128253,54484070.71475057,5865536.21564792,2.20
2026-10-10T05:14:00+10:00,LISTA,0.12071076,0.11560803,53820844.36261596,3411085.77300296,7.87
2026-10-10T05:14:00+10:00,RVN,0.00328128,0.00318998,52599049.2745564,7269211.85595974,0.05
2026-10-10T05:14:00+10:00,SAHARA,0.01263047,0.01226363,51953023.61771273,11741021.34570409,0.06
2026-10-10T05:14:00+10:00,RATS,0.00005343,0.00005153,51943448.12317051,6089072.80394703,2.20
2026-10-10T05:14:00+10:00,WAVES,0.38989505,0.37475767,51934444.0870898,8559979.293298,2.28
2026-10-10T05:14:00+10:00,CATI,0.09497876,0.09146804,51669088.58110573,5117225.04934027,-0.63
2026-10-10T05:14:00+10:00,MEME,0.00081995,0.00079749,50731066.30681886,9772366.95700297,4.28
2026-10-10T05:14:00+10:00,PRO,0.51058038,0.48999064,49864479.68254065,1170764.3565813,2.36
2026-10-10T05:14:00+10:00,POWR,0.09126911,0.08849895,49802617.3998329,1617798.50985819,1.23
2026-10-10T05:14:00+10:00,REZ,0.00562925,0.00545910,49740839.59701037,8903775.55527509,4.03
2026-10-10T05:14:00+10:00,IOTX,0.00543934,0.00527551,49544240.60234561,4218615.09678636,2.37
2026-10-10T05:14:00+10:00,ETN,0.00288312,0.00276130,49405710.48745045,271525.61864072,4.33
2026-10-10T05:14:00+10:00,STEEM,0.08978231,0.08733713,48160400.91749027,5453291.80742584,3.15
2026-10-10T05:14:00+10:00,FLUX,0.12306609,0.11603833,47775036.91551751,10938167.26270305,10.74
2026-10-10T05:14:00+10:00,CTSI,0.05016857,0.04875331,46812887.12590738,88116017.82086448,-7.18
2026-10-10T05:14:00+10:00,LUNA2,0.06959768,0.06699258,46787883.45903018,5489168.76901394,3.57
2026-10-10T05:14:00+10:00,SKL,0.00769900,0.00742989,46635774.59343484,147617908.61822057,2.54
2026-10-10T05:14:00+10:00,BNT,0.47121358,0.45812910,46252522.0369453,3129898.60449797,1.53
2026-10-10T05:14:00+10:00,ONE,0.00312229,0.00301642,45900097.68685428,20392171.32472195,2.55
2026-10-10T05:14:00+10:00,HIVE,0.08037570,0.07802825,45398249.53552363,1292600.7590108,3.00
2026-10-10T05:14:00+10:00,ZORA,0.01048852,0.01009469,44673106.70467386,14066369.32155722,1.71
2026-10-10T05:14:00+10:00,ORBS,0.01053147,0.01009183,44653839.74344069,3138874.001127,1.41
2026-10-10T05:14:00+10:00,MANTA,0.09561176,0.09265854,42338162.21615694,4685944.3667589,6.01
2026-10-10T05:14:00+10:00,IOST,0.00122330,0.00118620,42333441.77875187,7744710.33611502,1.68
2026-10-10T05:14:00+10:00,UST,0.00809999,0.00755813,42180048.58715841,1466613.3101807,3.97
2026-10-10T05:14:00+10:00,MAGIC,0.17252806,0.16681407,41560925.98372394,126169370.2083433,82.21
2026-10-10T05:14:00+10:00,MTL,0.46488362,0.45067051,41466864.38349568,1002166.58375366,4.71
2026-10-10T05:14:00+10:00,CORE,0.02814622,0.02731992,41074584.50145379,4708594.88984061,1.63
2026-10-10T05:14:00+10:00,MANTRA,0.00646245,0.00623939,41032647.3939585,6778113.72177592,2.40
2026-10-10T05:14:00+10:00,API3,0.46458921,0.44980991,40953894.57426193,78106446.53433965,10.32
2026-10-10T05:14:00+10:00,PUNDIX,0.16428440,0.15964235,40909360.45289945,1016637.75884016,2.54
2026-10-10T05:14:00+10:00,FXS,0.44250797,0.42714729,39867001.63760495,779144.55173433,0.50
2026-10-10T05:14:00+10:00,ILV,5.78528380,5.57959362,39864168.46374267,3720835.69000721,5.52
2026-10-10T05:14:00+10:00,KNC,0.20123367,0.19521405,39667238.07878646,5262049.23973356,3.86
2026-10-10T05:14:00+10:00,ARKM,0.18371589,0.17771507,39520488.91326768,51315495.00371885,3.41
2026-10-10T05:14:00+10:00,OGN,0.05758787,0.05602543,38711930.62447674,297578968.31746954,-22.94
2026-10-10T05:14:00+10:00,OSMO,0.05152289,0.04962826,38703674.76407224,3997545.77114628,4.70
2026-10-10T05:14:00+10:00,METIS,4.90203437,4.76201820,38618466.01287872,4220051.66291212,2.99
2026-10-10T05:14:00+10:00,CYBER,0.51964509,0.50345433,38610978.53754683,42613049.36604724,11.93
2026-10-10T05:14:00+10:00,FLIP,0.43979806,0.41827422,38568938.45844481,77529.15371723,-2.49
2026-10-10T05:14:00+10:00,WAX,0.00850864,0.00824747,37425755.681788,1481567.79498635,2.44
2026-10-10T05:14:00+10:00,AUCT,5.52914147,5.37591694,36766848.44047186,9953549.03423414,6.61
2026-10-10T05:14:00+10:00,GMT,0.01323403,0.01277999,36380631.18137402,11696870.68155237,13.44
2026-10-10T05:14:00+10:00,CVC,0.03789141,0.03687695,35846365.74703832,13350893.98280116,-1.51
2026-10-10T05:14:00+10:00,AEVO,0.03936349,0.03805311,35198778.29296713,18078758.09620753,5.06
2026-10-10T05:14:00+10:00,DEGEN,0.00148081,0.00142287,35081203.91155849,4496636.90492349,0.61
2026-10-10T05:14:00+10:00,AUDIO,0.02445129,0.02376706,34894668.99552758,50597815.23671157,2.50
2026-10-10T05:14:00+10:00,CETUS,0.03854527,0.03686023,34723739.65770877,2944915.35365973,4.20
2026-10-10T05:14:00+10:00,1000SATS,0.00001702,0.00001654,34541240.66226888,2589013.36380107,1.49
2026-10-10T05:14:00+10:00,YGG,0.03959902,0.03844038,34207793.26695878,12574018.39624453,7.39
2026-10-10T05:14:00+10:00,STRAX,0.01585433,0.01537615,33768615.97227927,944501.43433388,1.20
2026-10-10T05:14:00+10:00,MOVR,2.73218492,2.65496858,33539156.4923654,22143142.26656664,0.25
2026-10-10T05:14:00+10:00,BIGTIME,0.01220181,0.01170938,33375128.8645633,17682864.12819638,2.60
2026-10-10T05:14:00+10:00,MPLX,0.07273560,0.07049795,33037547.30531319,1975638.45816457,1.36
2026-10-10T05:14:00+10:00,WOO,0.01888682,0.01774282,32888720.31703669,2100476.18731329,3.07
2026-10-10T05:14:00+10:00,IQ,0.00123067,0.00117472,32508638.73356525,852057.19721485,1.05
2026-10-10T05:14:00+10:00,CELR,0.00449281,0.00432597,32495291.99851214,2476267.90462949,4.47
2026-10-10T05:14:00+10:00,SLP,0.00094656,0.00091511,32135578.84436189,1991919.61614825,3.81
2026-10-10T05:14:00+10:00,DOGS,0.00006389,0.00006184,31711497.79014077,4719223.85487156,3.85
2026-10-10T05:14:00+10:00,XCH,2.31116936,2.23757482,31323731.35545544,1148254.38208743,3.90
2026-10-10T05:14:00+10:00,LQTY,0.34255358,0.33090289,31236002.36285874,3264188.6134574,5.85
2026-10-10T05:14:00+10:00,CHR,0.03376958,0.03281776,31235264.37158436,5433333.10182146,11.47
2026-10-10T05:14:00+10:00,ACE,0.28352307,0.27496352,30752349.82566269,30016601.56544115,11.48
2026-10-10T05:14:00+10:00,RAD,0.48137095,0.46329273,30316033.30189519,61486932.85414418,15.10
2026-10-10T05:14:00+10:00,CGPT,0.03358458,0.03229386,30235972.84856225,9200482.87521444,6.60
2026-10-10T05:14:00+10:00,DIA,0.26497484,0.25631706,29990893.66890174,10209708.47156494,6.46
2026-10-10T05:14:00+10:00,ATOR,0.30652592,0.29130323,29668654.70223604,849330.73693824,6.16
2026-10-10T05:14:00+10:00,PIXEL,0.00978935,0.00945231,28906843.29286397,9888310.37856319,19.41
2026-10-10T05:14:00+10:00,QI,0.00412772,0.00400755,28546449.95403299,2852438.5456025,4.99
2026-10-10T05:14:00+10:00,FIDA,0.03033962,0.02947574,28526068.45468188,17835159.72682935,2.33
2026-10-10T05:14:00+10:00,CTK,0.19092909,0.18546052,28439655.97436454,2296777.07185778,9.48
2026-10-10T05:14:00+10:00,QKC,0.00395696,0.00380818,27864006.34697121,861438.82701556,5.39
2026-10-10T05:14:00+10:00,BICO,0.02829343,0.02748200,27760094.78207597,15333803.71387171,-0.40
2026-10-10T05:14:00+10:00,DAG,0.00991101,0.00927160,27486966.0058259,827398.80944942,-9.58
2026-10-10T05:14:00+10:00,TNSR,0.05402543,0.05235351,27182756.28991318,13640812.55012611,0.97
2026-10-10T05:14:00+10:00,XYM,0.00429112,0.00415673,27132426.25655731,14766.55199649,0.95
2026-10-10T05:14:00+10:00,XAI,0.01366093,0.01322464,26368072.57018853,6643639.07393097,8.11
2026-10-10T05:14:00+10:00,TAIKO,0.12349885,0.11924107,26360334.15621383,6720023.14882231,0.68
2026-10-10T05:14:00+10:00,SPELL,0.00013765,0.00013310,25897295.42323198,21464842.23560912,2.00
2026-10-10T05:14:00+10:00,DODO,0.02661525,0.02583251,25844777.51713377,21532187.15563539,-2.18
2026-10-10T05:14:00+10:00,STG,0.27442505,0.25876417,25832722.33082098,324741.0088138,0.00
2026-10-10T05:14:00+10:00,AGLD,0.28926419,0.28041402,25304278.42430157,6171125.60371916,4.45
2026-10-10T05:14:00+10:00,CHEEL,0.44545214,0.41882810,24655691.91633541,259492.33016514,-1.51
2026-10-10T05:14:00+10:00,ANIME,0.00460762,0.00444646,24245099.5713808,5037612.34083664,4.26
2026-10-10T05:14:00+10:00,JOE,0.05652797,0.05450502,24209535.02141705,6959934.84595823,4.52
2026-10-10T05:14:00+10:00,ALICE,0.25732001,0.25000595,23858542.67165865,13457416.55313365,6.62
2026-10-10T05:14:00+10:00,ARPA,0.01659037,0.01609332,23795963.23428267,11379493.06772234,1.31
2026-10-10T05:14:00+10:00,AVA,0.34785307,0.33750086,23312483.36452905,18999215.95831093,2.77
2026-10-10T05:14:00+10:00,GOAT,0.02415188,0.02328994,23114365.41651723,4440358.09748675,2.31
2026-10-10T05:14:00+10:00,GTC,0.28355252,0.27483443,23009713.09392684,68713023.17871241,-1.85
2026-10-10T05:14:00+10:00,CAT,0.00000302,0.00000289,22460341.88255979,1123707.40926004,0.00
2026-10-10T05:14:00+10:00,C98,0.02355332,0.02287776,22433318.50033563,21913463.80224095,2.49
2026-10-10T05:14:00+10:00,BANANA,5.65132431,5.48349265,21807182.41244133,6723404.75728532,1.99
2026-10-10T05:14:00+10:00,ORN,0.11864985,0.11517772,21125365.9347866,2890903.13971468,2.00
2026-10-10T05:14:00+10:00,ZENT,0.00277194,0.00267648,21021132.2461396,5453940.27533865,2.09
2026-10-10T05:14:00+10:00,MBL,0.00109965,0.00106571,20639029.03419925,5502827.29027968,1.37
2026-10-10T05:14:00+10:00,BONE,0.09150465,0.08822642,20523595.23129429,4686174.95415771,3.63
2026-10-10T05:14:00+10:00,POND,0.00253218,0.00243635,20098014.90661745,1956846.92178921,5.60
2026-10-10T05:14:00+10:00,PORTAL,0.02381830,0.02303554,19928936.06409402,17470867.82706216,1.29
2026-10-10T05:14:00+10:00,RARE,0.02461322,0.02388180,19456280.80947837,17040330.25771979,4.34
2026-10-10T05:14:00+10:00,GLMR,0.01617819,0.01557122,19220690.29892937,12369023.90958554,-1.55
2026-10-10T05:14:00+10:00,LRC,0.01473398,0.01411424,19160308.09713893,2159852.8344889,2.58
2026-10-10T05:14:00+10:00,OG,4.06147532,3.95018016,19081051.86075905,4381346.18053121,0.99
2026-10-10T05:14:00+10:00,RIO,0.08813731,0.08368347,19025348.04389922,412277.31020535,0.69
2026-10-10T05:14:00+10:00,MAV,0.01667870,0.01612201,18452942.22411296,2436768.06637642,4.31
2026-10-10T05:14:00+10:00,AI,0.02973607,0.02825655,18043615.66898576,7634811.82558385,3.19
2026-10-10T05:14:00+10:00,STORJ,0.04383173,0.04179879,17564566.46264808,3379739.74956838,4.20
2026-10-10T05:14:00+10:00,PONKE,0.03223705,0.03059041,17235833.69627891,4383502.79369095,0.07
2026-10-10T05:14:00+10:00,DYM,0.02621779,0.02535918,16533380.65944641,6027609.06829241,3.75
2026-10-10T05:14:00+10:00,DRIFT,0.02718752,0.02622444,16284459.91601651,3834046.90730515,-1.04
2026-10-10T05:14:00+10:00,WAN,0.08483513,0.08142175,16210687.02030785,164975.70924706,0.58
2026-10-10T05:14:00+10:00,NAKA,0.17420150,0.16195600,16004998.82930732,733947.19459156,8.30
2026-10-10T05:14:00+10:00,BB,0.01333707,0.01289474,15881206.67654588,6671620.83695002,3.60
2026-10-10T05:14:00+10:00,CHILLGUY,0.01611113,0.01554571,15662580.1438695,6073473.99311587,-0.85
2026-10-10T05:14:00+10:00,ADX,0.10716760,0.10413328,15157469.00534576,6490914.38110025,6.00
2026-10-10T05:14:00+10:00,EWT,0.51200194,0.49185155,14766716.15303905,321285.03871461,-1.79
2026-10-10T05:14:00+10:00,HMSTR,0.00023715,0.00022992,14670748.63720966,4151035.08400642,2.26
2026-10-10T05:14:00+10:00,OXT,0.01562468,0.01499892,14526011.16630297,5050046.50403647,3.27
2026-10-10T05:14:00+10:00,TKO,0.08376149,0.08017976,14307793.56960506,1130166.66939185,6.13
2026-10-10T05:14:00+10:00,LIT,0.18062451,0.17427265,14233627.32761547,9170073.19568402,1.52
2026-10-10T05:14:00+10:00,SAGA,0.03200308,0.03105352,14131452.44558801,29661149.93717511,0.85
2026-10-10T05:14:00+10:00,TLM,0.00210362,0.00202528,13999732.04303731,4632095.20735798,2.85
2026-10-10T05:14:00+10:00,PAAL,0.01423051,0.01367049,13793947.21886238,607564.82227701,0.02
2026-10-10T05:14:00+10:00,BEL,0.17738593,0.17255144,13652068.92258966,3706417.84043897,3.47
2026-10-10T05:14:00+10:00,ATM,1.51624487,1.47450443,13390797.75639439,5475884.28031328,0.87
2026-10-10T05:14:00+10:00,ACT,0.01455890,0.01407090,13179216.78148304,38336676.27366525,1.86
2026-10-10T05:14:00+10:00,COOKIE,0.01689951,0.01635150,13177905.69733137,2454910.13941212,0.92
2026-10-10T05:14:00+10:00,GNS,0.59030504,0.55509067,12958821.60644559,627676.57839943,3.75
2026-10-10T05:14:00+10:00,COQ,0.00000020,0.00000018,12927180.87980593,5075823.38185891,0.00
2026-10-10T05:14:00+10:00,AVAAI,0.01264605,0.01216745,12824075.65619284,212567.02112288,-9.03
2026-10-10T05:14:00+10:00,WRX,0.03544775,0.03334847,12629426.71948035,17254.76492978,2.80
2026-10-10T05:14:00+10:00,DSYNC,0.01264605,0.01209588,11855536.3548589,1122014.30016477,7.94
2026-10-10T05:14:00+10:00,ELA,0.53456936,0.50459159,11739454.11498028,220488.53596685,4.52
2026-10-10T05:14:00+10:00,ZEUS,0.01203892,0.01145172,11721646.3627853,27820373.23519315,-25.07
2026-10-10T05:14:00+10:00,PRIME,0.33622362,0.32487865,11604744.44585877,468918.1632362,0.21
2026-10-10T05:14:00+10:00,BAR,0.41512724,0.40305033,11536694.39223235,4420595.58850057,1.75
2026-10-10T05:14:00+10:00,TOKEN,0.00303565,0.00290301,11530506.52302056,1532651.49662879,0.58
2026-10-10T05:14:00+10:00,BLAST,0.00009499,0.00009158,11353793.13649431,1902589.94879817,-10.90
2026-10-10T05:14:00+10:00,PSG,0.67421374,0.65549467,11274314.3577087,3750852.39771492,0.48
2026-10-10T05:14:00+10:00,ASR,1.28365585,1.24787826,11138815.35089988,4222789.4886256,1.70
2026-10-10T05:14:00+10:00,ALPINE,0.54467049,0.52783816,11128984.13883546,5535802.34284526,4.39
2026-10-10T05:14:00+10:00,MAVIA,0.04557908,0.04393167,10842729.29858265,808630.49723875,5.50
2026-10-10T05:14:00+10:00,GHX,0.01685153,0.01599949,10724047.18630722,504820.63483214,5.71
2026-10-10T05:14:00+10:00,VINE,0.01134294,0.01073599,10690477.98109017,6446658.02877863,3.15
2026-10-10T05:14:00+10:00,LYXE,0.35539237,0.33152741,10467587.41653901,213916.77192693,-4.73
2026-10-10T05:14:00+10:00,RBNT,0.00347265,0.00336926,10109929.96176752,230594.88145026,-0.82
2026-10-10T05:14:00+10:00,WILD,0.02062757,0.01943930,10064524.64697764,211928.15768376,4.47
2026-10-10T05:14:00+10:00,QUICK,0.01604570,0.01537615,9967616.11817988,1037905.39734465,3.79
2026-10-10T05:14:00+10:00,ORAI,0.77297841,0.72861594,9898689.19159688,468561.28013124,-11.30
2026-10-10T05:14:00+10:00,ALCX,3.71111971,3.59016011,9470711.69038398,314323.90796654,-2.15
2026-10-10T05:14:00+10:00,NOM,0.00334605,0.00324305,9432241.93662513,9917630.74093961,1.76
2026-10-10T05:14:00+10:00,SUPRA,0.00021220,0.00019925,9117081.5816093,573770.53019568,1.01
2026-10-10T05:14:00+10:00,BADGER,0.50963493,0.45784223,9055039.82029567,5957.46096429,1.32
2026-10-10T05:14:00+10:00,HFT,0.00993618,0.00947630,9033060.26616917,3793434.1767885,-0.54
2026-10-10T05:14:00+10:00,DENT,0.00009152,0.00008717,8797847.52610845,93137.8043146,-1.05
2026-10-10T05:14:00+10:00,BRISE,0.00000002,0.00000002,8439973.39235085,788984.55938674,0.90
2026-10-10T05:14:00+10:00,POLS,0.08810770,0.08216612,8221654.73237127,225239.79678847,4.89
2026-10-10T05:14:00+10:00,LAZIO,0.62269086,0.60242399,8020501.67265549,15512137.68878781,-2.25
2026-10-10T05:14:00+10:00,JUV,0.48578719,0.47046444,7699320.06908829,4444350.56752533,1.45
2026-10-10T05:14:00+10:00,LMWR,0.01488206,0.01408562,7560743.17301309,1263397.68254276,-0.80
2026-10-10T05:14:00+10:00,FARM,11.24670948,10.79916719,7431428.66563996,81822.57837498,-0.86
2026-10-10T05:14:00+10:00,NKN,0.00924173,0.00878821,7170317.76506128,52972.28525569,2.33
2026-10-10T05:14:00+10:00,SCR,0.03830359,0.03713513,7106498.26203432,29608159.35709029,3.00
2026-10-10T05:14:00+10:00,CITY,0.51522884,0.50058564,7001324.50089401,2731653.48292493,1.93
2026-10-10T05:14:00+10:00,BLZ,0.01482283,0.01420013,6963743.0446719,128766.91690592,1.33
2026-10-10T05:14:00+10:00,XEM,0.00082835,0.00078730,6831660.1543075,482247.44149961,2.44
2026-10-10T05:14:00+10:00,ELIZAOS,0.00062786,0.00060264,6814524.50146188,15710167.55543144,-37.79
2026-10-10T05:14:00+10:00,TRIAS,0.26762458,0.25445241,6791201.73627473,185569.6934068,6.70
2026-10-10T05:14:00+10:00,MDT,0.01044295,0.01004326,6780700.662188,634149.07837481,-1.15
2026-10-10T05:14:00+10:00,WEN,0.00000976,0.00000926,6726503.89862181,240746.08494881,2.41
2026-10-10T05:14:00+10:00,MLN,2.11199661,2.00535471,6580476.60835728,57765.42569547,0.73
2026-10-10T05:14:00+10:00,AERGO,0.00894405,0.00830249,6424008.06302963,25780.22106693,5.55
2026-10-10T05:14:00+10:00,XRD,0.00067128,0.00060357,6125206.00588754,240797.51419932,-7.20
2026-10-10T05:14:00+10:00,SWELL,0.00117280,0.00112226,6067117.53590029,1485705.72385304,0.50
2026-10-10T05:14:00+10:00,ACM,0.41807140,0.40591902,5803807.98016478,1965047.08072611,2.12
2026-10-10T05:14:00+10:00,BTS,0.00193741,0.00186221,5765978.75211959,96205.14446885,-2.56
2026-10-10T05:14:00+10:00,NIM,0.00041078,0.00038792,5648405.06382324,51968.28702722,-4.31
2026-10-10T05:14:00+10:00,TX,0.00215220,0.00208983,5153480.94593945,219178.27566211,1.05
2026-10-10T05:14:00+10:00,NEON,0.02087931,0.01946793,4975707.70679565,2158395.30156958,-11.67
2026-10-10T05:14:00+10:00,HTR,0.00969926,0.00933315,4817674.25007334,137630.85712881,-5.05
2026-10-10T05:14:00+10:00,GHST,0.09346252,0.09037794,4787271.46587366,696086.03968394,-6.13
2026-10-10T05:14:00+10:00,GFI,0.05754371,0.05407472,4724011.89897076,210120.07863326,2.37
2026-10-10T05:14:00+10:00,HIGH,0.04975494,0.04738150,4614921.04176101,15590798.0366718,-2.72
2026-10-10T05:14:00+10:00,KDA,0.01433072,0.01370227,4567300.31294598,10364.39899199,15.43
2026-10-10T05:14:00+10:00,RSS3,0.00466504,0.00435179,4254276.69013073,209185.59951908,4.57
2026-10-10T05:14:00+10:00,REN,0.00404528,0.00387416,3806000.48955323,34800.95839261,-4.96
2026-10-10T05:14:00+10:00,BCAU,0.03888501,0.03712500,3656615.80218403,3.40852074,0.00
2026-10-10T05:14:00+10:00,PRCL,0.00904770,0.00856016,3546946.32388679,219563.26719949,-0.72
2026-10-10T05:14:00+10:00,ERN,0.68024928,0.66123204,3140063.59206377,1465.85893218,2.64
2026-10-10T05:14:00+10:00,MYRO,0.00320298,0.00307049,2937114.29803011,217736.93496762,2.98
2026-10-10T05:14:00+10:00,AZERO,0.01125410,0.01069304,2884728.68052671,121202.04016056,3.14
2026-10-10T05:14:00+10:00,UOS,0.00535606,0.00513466,2447851.74734811,415188.75371059,2.33
2026-10-10T05:14:00+10:00,YFII,45.41374179,43.57533528,2148174.12051027,71791.37804801,9.46
2026-10-10T05:14:00+10:00,SUNDOG,0.00222121,0.00210425,2142054.76093745,1111103.95440124,-5.45
2026-10-10T05:14:00+10:00,DAR,0.00433875,0.00405104,2125705.55220253,118945.88008668,3.13
2026-10-10T05:14:00+10:00,PERP,0.03095201,0.02926489,1965887.27181763,101251.04023517,0.60
2026-10-10T05:14:00+10:00,PYR,0.14230503,0.13040650,1960990.53727711,1312628.9565457,0.97
2026-10-10T05:14:00+10:00,SOUL,0.01584458,0.01514490,1896534.26055452,16063.79192617,-2.84
2026-10-10T05:14:00+10:00,HOOK,0.00444864,0.00410508,1760639.58143359,80077.47907044,-9.41
2026-10-10T05:14:00+10:00,CHEQ,0.00280760,0.00263962,1705625.02381574,188409.25079317,-4.78
2026-10-10T05:14:00+10:00,VOXEL,0.00615773,0.00590375,1511943.10051911,59589.5610606,2.36
2026-10-10T05:14:00+10:00,RDNT,0.00087737,0.00084998,1270283.12810642,1912532.5897958,-20.79
2026-10-10T05:14:00+10:00,SHR,0.00036354,0.00034126,1264268.64909604,90582.62839169,3.44
2026-10-10T05:14:00+10:00,IDEX,0.00096039,0.00090320,878855.63527751,132196.33705,-21.12
2026-10-10T05:14:00+10:00,LTO,0.00279549,0.00268222,751147.83089116,1787.32066003,7.41
2026-10-10T05:14:00+10:00,TOMO,0.00581620,0.00553370,710620.55358132,250038.66484001,-2.67
2026-10-10T05:14:00+10:00,FIO,0.00073251,0.00067959,643482.58469941,5779.21854013,9.64
2026-10-10T05:14:00+10:00,XMN,0.00071064,0.00065933,634804.24049873,176391.20558055,0.19
2026-10-10T05:14:00+10:00,ACA,0.00050404,0.00048208,583527.0634047,17244.79373364,3.46
2026-10-10T05:14:00+10:00,MTV,0.00014195,0.00013717,492866.36152894,72879.34612903,0.40
2026-10-10T05:14:00+10:00,POLK,0.00447809,0.00396738,371864.96433108,107.68954148,-4.18
2026-10-10T05:14:00+10:00,GLQ,0.00111996,0.00102727,366475.14226274,82283.43613564,6.27
2026-10-10T05:14:00+10:00,A2Z,0.00003683,0.00003543,342042.72427813,38507.30811434,-4.14
2026-10-10T05:14:00+10:00,FIS,0.00218604,0.00197795,324772.89960698,64726.3411491,-11.44
2026-10-10T05:14:00+10:00,RFOX,0.00030355,0.00029417,256460.19987531,11.80165383,-0.06
2026-10-10T05:14:00+10:00,NFP,0.00038466,0.00036562,224585.61565827,177288.03302681,-0.86
2026-10-10T05:14:00+10:00,CHO,0.00041019,0.00034498,198935.23328797,52198.55186857,-0.04
2026-10-10T05:14:00+10:00,LL,0.00177549,0.00171060,140105.88810658,13193.53932385,-0.57
2026-10-10T05:14:00+10:00,DEGO,0.00509930,0.00484951,98915.43802613,30258.61055895,-10.16
2026-10-10T05:14:00+10:00,NYAN,0.00082437,0.00076020,73976.87833469,2254.58577386,13.82
2026-10-10T06:00:29+10:00,BTC,119575.98026478,118397.87740619,2387133528045.552,52051391583.93176,0.27
2026-10-10T06:00:29+10:00,ETH,3645.63014369,3552.15333851,435422437484.96484,21492272438.092308,0.18
2026-10-10T06:00:29+10:00,USDT,1.45261743,1.43809107,263762278315.12988,116870755087.1011,-0.35
2026-10-10T06:00:29+10:00,BNB,1085.57076958,1057.62545415,140986568649.41632,2520333897.3684044,0.56
2026-10-10T06:00:29+10:00,XRP,2.03744092,1.98477721,124851202908.54486,4866979673.203478,0.13
2026-10-10T06:00:29+10:00,USDC,1.45479828,1.43786592,104755911193.3444,27764006890.650536,-0.30
2026-10-10T06:00:29+10:00,SOL,159.68733807,155.57912021,92393594347.41985,5929204197.665389,-0.94
2026-10-10T06:00:29+10:00,TRX,0.48912709,0.47644402,45220659928.579254,629537475.134624,-0.60
2026-10-10T06:00:29+10:00,HYPE,123.75207555,119.49307942,31089910295.599735,1418750261.8208814,-1.14
2026-10-10T06:00:29+10:00,ZEC,1769.61293669,1723.25633206,29456436712.479553,1915162218.7044992,2.58
2026-10-10T06:00:29+10:00,DOGE,0.12425359,0.12103943,20812677251.529144,1556113736.4095054,0.27
2026-10-10T06:00:29+10:00,WBTC,120953.60854293,117846.70301391,13824790515.234503,349826677.4285835,0.27
2026-10-10T06:00:29+10:00,LINK,18.78813060,18.29355815,13709848762.992865,571663527.3123459,1.35
2026-10-10T06:00:29+10:00,ADA,0.34742150,0.33822794,12481447415.78127,1113279323.1224205,1.23
2026-10-10T06:00:29+10:00,STR,0.28238113,0.27485501,9652003842.962473,259738847.86002153,-0.26
2026-10-10T06:00:29+10:00,NEAR,6.86161130,6.68283364,8933536852.752235,2200769308.0109205,1.66
2026-10-10T06:00:29+10:00,BCC,402.16134809,391.27768784,7892326400.559434,474382564.341746,-3.64
2026-10-10T06:00:29+10:00,LTC,93.10189716,90.62903132,7041793164.875049,417716230.566322,0.48
2026-10-10T06:00:29+10:00,CC,0.18067531,0.17401182,6899351721.687807,47683727.02506957,3.61
2026-10-10T06:00:29+10:00,UNI,10.68457208,10.40061688,6592420020.360732,1151121185.3534687,-0.74
2026-10-10T06:00:29+10:00,AVAX,14.91955327,14.52846028,6456820872.999971,687345616.6343277,-0.17
2026-10-10T06:00:29+10:00,TON,2.15667641,2.07766769,6283800301.560964,89300040.91757141,4.31
2026-10-10T06:00:29+10:00,SUI,1.55390554,1.51320803,6231792156.989351,1186145092.9529142,0.65
2026-10-10T06:00:29+10:00,HBAR,0.13171410,0.12826567,5728036837.203027,182254758.58808067,-3.02
2026-10-10T06:00:29+10:00,TAO,399.80694576,389.12702264,4549263865.504148,399106995.5799726,0.39
2026-10-10T06:00:29+10:00,SHIB,0.00000795,0.00000772,4535451277.440112,102114281.07977328,1.40
2026-10-10T06:00:29+10:00,QNT,357.89858428,348.46511269,4347625543.940835,249964077.04578915,3.55
2026-10-10T06:00:29+10:00,CRO,0.08893755,0.08652842,4320009359.974119,13870509.26015584,0.15
2026-10-10T06:00:29+10:00,ENA,0.31136971,0.30310041,4141597779.7293873,882717295.8194886,2.96
2026-10-10T06:00:29+10:00,AAVE,245.96146847,239.32602292,3738618782.470461,572139093.844154,0.09
2026-10-10T06:00:29+10:00,PUMP,0.00776218,0.00755314,3641615335.716995,446368551.43518305,-4.84
2026-10-10T06:00:29+10:00,RLUSD,1.47282581,1.43492381,3494384061.128832,317524669.6703749,-0.38
2026-10-10T06:00:29+10:00,ONDO,0.69852929,0.69205508,3335199296.5277514,591951382.8264267,-4.29
2026-10-10T06:00:29+10:00,DOT,1.77610226,1.72626726,2856506508.918711,375056252.18579704,14.87
2026-10-10T06:00:29+10:00,ASTER,1.01518886,0.98801559,2708961544.264946,159569245.65665072,-1.64
2026-10-10T06:00:29+10:00,WLD,0.72780463,0.70857249,2665866463.3713,395353510.07163423,2.38
2026-10-10T06:00:29+10:00,MNT,0.81397142,0.78570752,2586945431.8324866,53803378.62045623,-1.33
2026-10-10T06:00:29+10:00,SKY2,0.11118666,0.10802074,2566393994.8937,30197463.30857112,-1.24
2026-10-10T06:00:29+10:00,WLFI,0.08196264,0.07971798,2443265752.6576924,87738844.93423672,0.16
2026-10-10T06:00:29+10:00,ICP,4.41891888,4.29559528,2390258243.624056,130971718.1230479,1.30
2026-10-10T06:00:29+10:00,PEPE,0.00000575,0.00000559,2301102643.552858,372565893.5605912,2.50
2026-10-10T06:00:29+10:00,ETC,12.15460204,11.81432080,1872981529.934019,73220321.55896719,2.49
2026-10-10T06:00:29+10:00,MORPHO,3.47421494,3.37941191,1826857885.0805218,41645690.33972651,0.10
2026-10-10T06:00:29+10:00,ARB,0.26325162,0.25607253,1746149578.4524407,244797904.25739983,3.88
2026-10-10T06:00:29+10:00,JUP,0.54268974,0.52691297,1743999358.2022054,168264125.70359948,8.35
2026-10-10T06:00:29+10:00,JST,0.20967425,0.20392607,1673411208.4279356,66913030.01805548,3.38
2026-10-10T06:00:29+10:00,KAS,0.06107377,0.05879570,1628504623.1491375,23831838.39985634,4.52
2026-10-10T06:00:29+10:00,VVV,32.27465499,31.17216989,1523070668.3927445,99955798.26478952,-5.30
2026-10-10T06:00:29+10:00,MATIC,0.14366269,0.13959250,1506944992.286076,207007304.60000685,-0.93
2026-10-10T06:00:29+10:00,ATOM,2.98126196,2.90053045,1506725476.6359322,212635225.3644697,17.41
2026-10-10T06:00:29+10:00,ALGO,0.16392527,0.15943597,1504990226.7562318,181019275.42649573,-7.76
2026-10-10T06:00:29+10:00,RNDR,2.71933470,2.64245063,1386559264.5655568,82539098.5861478,-0.78
2026-10-10T06:00:29+10:00,PI,0.12011867,0.11666641,1307380199.1377401,8958024.45611778,0.54
2026-10-10T06:00:29+10:00,FIL,1.57833247,1.53428455,1273892708.5896215,316088243.048446,1.57
2026-10-10T06:00:29+10:00,AERO,1.17706869,1.13599199,1175449946.2158687,133925351.34361307,-3.91
2026-10-10T06:00:29+10:00,ZRO,2.78996677,2.71127192,1161504255.965589,231285692.99457884,-5.11
2026-10-10T06:00:29+10:00,XDC,0.05225167,0.05013875,1073490129.6746776,35566854.66855292,10.86
2026-10-10T06:00:29+10:00,NIGHT,0.06686503,0.06490707,1068881973.7140096,40779331.1625776,5.60
2026-10-10T06:00:29+10:00,STABLE,0.03754423,0.03620178,1051933257.2178249,19043587.8833151,-5.02
2026-10-10T06:00:29+10:00,CAKE,3.19168666,3.10556054,996775449.2186828,80555344.61271936,0.81
2026-10-10T06:00:29+10:00,STX,0.55181305,0.53608914,995031104.3335763,53776165.51340017,1.19
2026-10-10T06:00:29+10:00,APT,1.17205092,1.13856215,990734501.6438409,223018011.1712031,6.58
2026-10-10T06:00:29+10:00,INJ,10.08861399,9.80416573,989279154.5943348,197020300.32962605,1.01
2026-10-10T06:00:29+10:00,PYTH,0.11723453,0.11388489,966107408.2027379,126274121.28972612,-2.97
2026-10-10T06:00:29+10:00,ETHFI,0.96574641,0.93682975,949835983.831251,114775083.11879963,-5.41
2026-10-10T06:00:29+10:00,VET,0.01137618,0.01097699,944500499.0854224,30768777.59457593,1.90
2026-10-10T06:00:29+10:00,DASH,75.09071933,73.06526556,942757873.5911012,108532077.13461807,-0.05
2026-10-10T06:00:29+10:00,RAY,3.40402432,3.30600253,918439476.6858104,141662676.6891451,3.00
2026-10-10T06:00:29+10:00,LIGHTER,5.24440941,5.04535556,872286676.6576633,52934400.0109316,-1.24
2026-10-10T06:00:29+10:00,FLR,0.01039113,0.00997337,869377997.1180325,6303696.26976337,2.88
2026-10-10T06:00:29+10:00,CRV,0.52370737,0.50927751,809935445.7430936,138357599.73149297,4.54
2026-10-10T06:00:29+10:00,STRK,0.10438832,0.10148272,781161676.7602482,594242807.543086,24.73
2026-10-10T06:00:29+10:00,NEXO,1.23606123,1.19290229,775083766.9403945,11896955.64592022,-0.94
2026-10-10T06:00:29+10:00,TRUMP,2.70903419,2.63528175,744764641.5389769,432733340.34947574,0.72
2026-10-10T06:00:29+10:00,FET,0.31210546,0.30367392,727972520.1374636,298348810.7416907,-3.10
2026-10-10T06:00:29+10:00,PENGU,0.01178968,0.01146447,721679246.963475,257483897.42548645,0.36
2026-10-10T06:00:29+10:00,SEI,0.09586832,0.09322416,710631259.7919506,85810554.26441501,-1.93
2026-10-10T06:00:29+10:00,VIRTUAL,1.04192486,1.00349060,669729082.6001483,164352206.80663455,-0.07
2026-10-10T06:00:29+10:00,TIA,0.68557253,0.66598932,617963782.3552473,221196747.32036555,-10.75
2026-10-10T06:00:29+10:00,BCHSV,28.09600194,26.97104568,544112123.8470582,17641851.31251594,2.10
2026-10-10T06:00:29+10:00,XPL,0.12203162,0.11870238,543119404.9364091,105279872.1035377,-1.64
2026-10-10T06:00:29+10:00,PENDLE,3.04600802,2.96074908,524529008.6098382,69370284.96253999,-1.21
2026-10-10T06:00:29+10:00,IMX,0.27887292,0.26714914,522249057.1188102,35366085.22161144,4.04
2026-10-10T06:00:29+10:00,BTT,0.00000054,0.00000051,515173220.2499367,22132997.57043321,1.89
2026-10-10T06:00:29+10:00,FF,0.15519926,0.15100537,510710122.12712294,9225591.01400487,-1.75
2026-10-10T06:00:29+10:00,SPX,0.54338772,0.52285108,500787249.9837304,13683177.93488845,-0.51
2026-10-10T06:00:29+10:00,LDO,0.60787726,0.59157630,495544179.6797264,119680711.87837943,-0.11
2026-10-10T06:00:29+10:00,SUN,0.02483895,0.02417347,461642051.45040965,31002078.83362593,0.19
2026-10-10T06:00:29+10:00,XTZ,0.42835408,0.41536513,461061404.5769194,15272729.99706901,0.19
2026-10-10T06:00:29+10:00,KITE,0.17540298,0.17018930,442977660.6631183,22933565.00851739,-6.50
2026-10-10T06:00:29+10:00,DCR,25.82485057,25.06241840,441050089.4048682,1182812.53579409,0.73
2026-10-10T06:00:29+10:00,GNO,169.95841824,164.13876769,435323752.7457824,1742139.23449127,-0.23
2026-10-10T06:00:29+10:00,MON,0.03596928,0.03507137,418555781.3489974,51743438.57381085,-2.08
2026-10-10T06:00:29+10:00,BONK,0.00000489,0.00000473,418082271.947946,65820123.42776127,1.24
2026-10-10T06:00:29+10:00,GRT,0.03927438,0.03810978,414903182.3325574,34565182.43124213,1.97
2026-10-10T06:00:29+10:00,OP,0.18482059,0.17965223,403697786.3329485,150468434.3351026,5.53
2026-10-10T06:00:29+10:00,LUNA,0.00007439,0.00007164,398605670.19109595,15198311.15587396,1.77
2026-10-10T06:00:29+10:00,SYRUP,0.33167643,0.32274315,391677416.36288667,18696644.3257582,-2.96
2026-10-10T06:00:29+10:00,JTO,0.73530928,0.71473773,389131983.40748787,66770968.48614869,-2.98
2026-10-10T06:00:29+10:00,AR,5.95958090,5.77955426,383504105.95805067,26085165.94723985,1.43
2026-10-10T06:00:29+10:00,ENS,9.06444898,8.78905176,373991583.1493574,31896809.45909768,-0.67
2026-10-10T06:00:29+10:00,CFX,0.07326606,0.07082857,371539065.3329659,19688714.97338032,-0.37
2026-10-10T06:00:29+10:00,FLOKI,0.00003963,0.00003813,367279194.1172501,56066390.18693601,2.67
2026-10-10T06:00:29+10:00,COMP,35.62505027,34.58269633,344231854.9962599,28810518.06278563,4.66
2026-10-10T06:00:29+10:00,JASMY,0.00728394,0.00706851,342294362.593762,13895780.84328846,5.16
2026-10-10T06:00:29+10:00,PONS,0.49972132,0.48879564,336988759.2564717,109878529.56238697,-4.31
2026-10-10T06:00:29+10:00,MIOTA,0.07401653,0.07168883,336066515.799638,15464882.47942717,1.25
2026-10-10T06:00:29+10:00,ZBCN,0.00337934,0.00323641,330552938.8716956,15586792.78699105,-1.87
2026-10-10T06:00:29+10:00,RUNE,1.00797850,0.97926955,321431874.6284994,17565525.93677343,0.37
2026-10-10T06:00:29+10:00,TWT,0.75429165,0.73352020,313294402.8154759,8691160.20414969,1.33
2026-10-10T06:00:29+10:00,AKT,1.06161175,1.02123376,310537950.6716262,15808447.94267562,-1.27
2026-10-10T06:00:29+10:00,THETA,0.31666712,0.30697161,309646015.19711196,8670948.85710931,3.49
2026-10-10T06:00:29+10:00,EIGEN,0.32181737,0.31285009,305118859.11665905,62816080.14640949,-2.25
2026-10-10T06:00:29+10:00,WIF,0.30901531,0.30051961,302123533.0024075,94113300.5546145,0.00
2026-10-10T06:00:29+10:00,TRAC,0.59623148,0.57307569,296783934.90420836,10392517.04212679,0.85
2026-10-10T06:00:29+10:00,CVX,3.00774898,2.91343445,296609867.1315934,16439911.0842085,0.43
2026-10-10T06:00:29+10:00,AXS,1.72459971,1.66604863,290748118.4674458,36039473.43642581,0.15
2026-10-10T06:00:29+10:00,SAND,0.09878190,0.09610605,285926912.728161,214837914.21987757,-0.30
2026-10-10T06:00:29+10:00,KMNO,0.05020763,0.04884877,283945332.3511985,12424522.47578793,-6.75
2026-10-10T06:00:29+10:00,KLAY,0.07931393,0.07699381,282518143.24200433,418162.07219108,43.73
2026-10-10T06:00:29+10:00,USELESS,0.27314448,0.26338587,273034437.9184748,31880747.58099902,-1.43
2026-10-10T06:00:29+10:00,MANA,0.13655534,0.13205084,258899868.14244837,27022414.6771623,-0.79
2026-10-10T06:00:29+10:00,BAT,0.19982990,0.19427675,255060639.69006237,39931758.89928985,38.29
2026-10-10T06:00:29+10:00,TEL,0.00269696,0.00257705,254242946.31244823,2097358.20936132,-1.96
2026-10-10T06:00:29+10:00,XCN,0.00622669,0.00595283,240750118.7795864,13321098.11537621,-0.18
2026-10-10T06:00:29+10:00,ANS,3.51835999,3.41812388,239282617.13729367,6835987.37139876,1.22
2026-10-10T06:00:29+10:00,EOS,0.15185896,0.14567172,235435836.09350944,12284823.75267197,6.67
2026-10-10T06:00:29+10:00,FARTCOIN,0.23609464,0.22751319,232624128.48708373,33719539.86866732,4.14
2026-10-10T06:00:29+10:00,SENT,0.03126941,0.03041040,230211844.4456961,34289622.01413712,-11.56
2026-10-10T06:00:29+10:00,CHZ,0.02226382,0.02163569,227195556.19176903,30344462.63400444,1.04
2026-10-10T06:00:29+10:00,GRASS,0.94763503,0.91377313,219672817.8161075,46519978.35797572,6.85
2026-10-10T06:00:29+10:00,DEXE,2.72816371,2.65392085,218762612.5540086,22195879.82107033,3.87
2026-10-10T06:00:29+10:00,ZK,0.02099833,0.02038830,210198308.7500154,56155645.60405391,25.67
2026-10-10T06:00:29+10:00,SUPER,0.32402463,0.31442725,205582407.42749995,20231577.19980221,-0.98
2026-10-10T06:00:29+10:00,AIOZ,0.16479258,0.15719874,203750329.9193766,9427134.35676399,4.82
2026-10-10T06:00:29+10:00,APE,0.21189621,0.20488670,203373315.87750307,23337000.18455636,1.77
2026-10-10T06:00:29+10:00,SFP,0.41260901,0.39357173,196354091.88670567,1559897.31313745,1.94
2026-10-10T06:00:29+10:00,1INCH,0.14199990,0.13778595,196165109.1878439,9795260.35422079,1.12
2026-10-10T06:00:29+10:00,BEAM,0.00390390,0.00379664,190713130.2019815,21765799.51438115,2.56
2026-10-10T06:00:29+10:00,GNT,0.19232525,0.18682111,184721856.58333576,5761372.9618587,0.42
2026-10-10T06:00:29+10:00,ATH,0.00931945,0.00895743,183316858.23515987,18308174.8522664,-1.66
2026-10-10T06:00:29+10:00,FTM,0.06506980,0.06305750,183028941.7254679,52026372.99897323,13.01
2026-10-10T06:00:29+10:00,EDGE,0.53361829,0.51412259,180070261.1270583,8419171.24250134,-3.50
2026-10-10T06:00:29+10:00,EGLD,5.79182974,5.61610371,177111094.35798544,11851552.18997371,-1.15
2026-10-10T06:00:29+10:00,STPT,0.09238087,0.08971141,173233747.78273022,3303493.44713247,1.15
2026-10-10T06:00:29+10:00,IP,0.28716213,0.27716544,170691518.4967213,100200917.89422566,-1.94
2026-10-10T06:00:29+10:00,PLUME,0.02570714,0.02497639,169013947.4338978,35436301.56859914,0.66
2026-10-10T06:00:29+10:00,PEAQ,0.06363454,0.06121392,168723862.2445456,10594286.23525541,10.68
2026-10-10T06:00:29+10:00,ZEN,9.29106020,9.03279381,167980271.264751,34578188.04745609,1.00
2026-10-10T06:00:29+10:00,W,0.02522154,0.02447456,163823806.18848348,173863366.0556582,11.67
2026-10-10T06:00:29+10:00,DYDX,0.20325850,0.19753142,163685259.277336,8368516.02549956,5.47
2026-10-10T06:00:29+10:00,GENIUS,0.49471879,0.48074535,161625256.17907456,20250677.53292975,7.51
2026-10-10T06:00:29+10:00,GALA,0.00325791,0.00316147,160079863.12703955,56503037.89210968,0.70
2026-10-10T06:00:29+10:00,CASHCAT,0.16311994,0.15711288,159155330.81815088,25393768.82957083,-1.71
2026-10-10T06:00:29+10:00,NMR,19.77697958,19.22694684,146694452.47271645,67060855.43778526,-4.68
2026-10-10T06:00:29+10:00,BNX,0.39303804,0.38167138,146190814.9882878,23516634.8710825,0.75
2026-10-10T06:00:29+10:00,MINA,0.11713152,0.11355512,145464194.66019768,96985664.82490574,2.48
2026-10-10T06:00:29+10:00,ZRX,0.17981748,0.17449063,141359587.84601316,6656680.80667493,5.98
2026-10-10T06:00:29+10:00,QTUM,1.38615438,1.34488263,140592021.6952297,9823414.09047829,2.35
2026-10-10T06:00:29+10:00,CHIP,0.07311891,0.07105797,139444121.83705658,25128487.44696542,3.26
2026-10-10T06:00:29+10:00,DOG,0.00142030,0.00136036,139143348.7008724,1356196.08116186,2.12
2026-10-10T06:00:29+10:00,RSR,0.00227788,0.00221231,137431449.39581192,7702512.8910621,0.56
2026-10-10T06:00:29+10:00,PROM,7.60619103,7.39542071,136471605.144143,15670467.50310707,0.63
2026-10-10T06:00:29+10:00,HNT,0.74306902,0.71258850,136338739.2170955,6987980.290639,1.68
2026-10-10T06:00:29+10:00,FUN,0.01286710,0.01248963,134964716.0160502,1735306.43557202,-0.47
2026-10-10T06:00:29+10:00,WEMIX,0.27828083,0.26428734,134778137.17383945,691098.48107749,-1.22
2026-10-10T06:00:29+10:00,KSM,7.37222230,7.14020844,131586284.78005403,5351800.90239351,9.23
2026-10-10T06:00:29+10:00,MELANIA,0.13253865,0.12790820,128881300.33623835,13160924.64790015,-0.82
2026-10-10T06:00:29+10:00,GMX,12.50776239,12.07240062,126573901.3294245,7348882.67960228,7.07
2026-10-10T06:00:29+10:00,VELO,0.00751211,0.00721746,125681816.85174972,8371260.96208191,1.12
2026-10-10T06:00:29+10:00,ORDI,6.13763258,5.96307769,125004810.41760522,29195254.71865635,-0.18
2026-10-10T06:00:29+10:00,GAS,1.93943892,1.88541648,122359523.55269842,1866628.73531617,0.88
2026-10-10T06:00:29+10:00,LPT,2.60602908,2.53635115,121000378.66684446,28170837.99065864,-2.04
2026-10-10T06:00:29+10:00,SAFE,0.15941939,0.15353563,119414199.051973,2551767.5682393,0.93
2026-10-10T06:00:29+10:00,YFI,3446.25641134,3326.36216855,118812836.68041524,11537401.75268141,1.82
2026-10-10T06:00:29+10:00,RLC,1.65514484,1.60468299,118105853.95087051,355494184.10416716,32.78
2026-10-10T06:00:29+10:00,FTT,0.36507952,0.35414286,117969565.02408074,6977271.66553684,2.38
2026-10-10T06:00:29+10:00,RIF,0.12022167,0.11685280,116916901.4003044,10545904.21555369,0.14
2026-10-10T06:00:29+10:00,HAV,0.34403705,0.33335310,113775576.57035188,14383300.99720447,1.29
2026-10-10T06:00:29+10:00,ZETA,0.06868208,0.06610760,110015582.47353864,8179331.24968494,1.37
2026-10-10T06:00:29+10:00,KAITO,0.45278100,0.44016947,106334358.14530233,23026740.22514548,-0.48
2026-10-10T06:00:29+10:00,KAVA,0.09945879,0.09679427,105900472.98486675,13976958.66194827,-1.61
2026-10-10T06:00:29+10:00,BERA,0.31078111,0.30152326,105383725.70563073,24700179.79295447,-0.24
2026-10-10T06:00:29+10:00,TFUEL,0.01427357,0.01376425,103752371.7838076,648397.39203208,3.15
2026-10-10T06:00:29+10:00,HOT,0.00060037,0.00058211,101838060.7329545,3548214.36799864,-0.85
2026-10-10T06:00:29+10:00,ZIL,0.00508552,0.00493363,101186551.92033923,5006729.79626199,5.66
2026-10-10T06:00:29+10:00,BOME,0.00151447,0.00146317,101147508.89511801,37853937.45393349,-1.31
2026-10-10T06:00:29+10:00,RE,0.63451143,0.61709753,100245301.47136255,10017865.00193601,-1.67
2026-10-10T06:00:29+10:00,BIO,0.04109904,0.03965826,99925992.41571294,17019728.70427343,-1.72
2026-10-10T06:00:29+10:00,DGB,0.00526798,0.00504689,98603828.7793336,3990100.28509599,-4.89
2026-10-10T06:00:29+10:00,VTHO,0.00096385,0.00093481,97837394.8678089,5331519.4099424,-1.26
2026-10-10T06:00:29+10:00,XPR,0.00338437,0.00324685,97799612.17042781,1997761.6986497,2.43
2026-10-10T06:00:29+10:00,TURBO,0.00142001,0.00137498,94300833.73830742,17152604.33699243,2.27
2026-10-10T06:00:29+10:00,SUSHI,0.33682669,0.32747462,93952497.85692386,18992165.81734529,0.98
2026-10-10T06:00:29+10:00,CKB,0.00188206,0.00182375,90418615.2810195,9067029.86798135,3.96
2026-10-10T06:00:29+10:00,AXL,0.07622378,0.07355274,90203886.51486756,10072943.49205204,2.19
2026-10-10T06:00:29+10:00,ROSE,0.01224290,0.01188600,89539080.50798897,4721420.76591732,11.26
2026-10-10T06:00:29+10:00,ENJ,0.04573427,0.04447575,88379168.4840516,18407263.53911916,4.95
2026-10-10T06:00:29+10:00,ONT,0.08851082,0.08601227,86604298.78933887,30785590.26389229,-3.22
2026-10-10T06:00:29+10:00,AMP,0.00097708,0.00093911,86350222.64033784,138483643.04574898,-0.95
2026-10-10T06:00:29+10:00,IO,0.21601642,0.20918803,85771861.47645943,44626739.69101569,-1.39
2026-10-10T06:00:29+10:00,SNEK,0.00116938,0.00111037,84083929.48999135,1594655.59867976,9.95
2026-10-10T06:00:29+10:00,ASTR,0.00994441,0.00965649,83928491.0178434,1624349.05886483,0.76
2026-10-10T06:00:29+10:00,T,0.00771067,0.00746997,82374853.93516618,5541110.51668724,3.62
2026-10-10T06:00:29+10:00,CELO,0.14061668,0.13675363,81239703.0571414,6450684.10929959,4.69
2026-10-10T06:00:29+10:00,EDU,0.09947350,0.09591966,80879757.06734824,25768616.06430691,6.08
2026-10-10T06:00:29+10:00,ID,0.05444556,0.05233285,80751894.12298027,9189169.69732338,0.47
2026-10-10T06:00:29+10:00,ACH,0.00825513,0.00800047,80399453.21079654,5096019.64930526,1.64
2026-10-10T06:00:29+10:00,BLUR,0.02782610,0.02671126,78065592.52937089,13991142.26345031,1.37
2026-10-10T06:00:29+10:00,ALT,0.01138943,0.01095405,77557203.97320941,7364306.31617365,6.84
2026-10-10T06:00:29+10:00,SC,0.00139205,0.00134631,76350869.69411412,4891305.74464984,-0.77
2026-10-10T06:00:29+10:00,TRB,27.85552258,27.02669261,76256423.35566205,25089784.8755841,3.98
2026-10-10T06:00:29+10:00,BRETT,0.00776522,0.00747788,74443533.55983098,7630220.65875083,0.73
2026-10-10T06:00:29+10:00,POLY,0.05797716,0.05634742,73786175.10831618,984316.97152506,1.72
2026-10-10T06:00:29+10:00,FLOW,0.04541054,0.04380188,73734768.16846001,7506057.74365197,2.92
2026-10-10T06:00:29+10:00,LSK,0.34256554,0.33306634,73673549.4516381,16693854.49121857,-0.09
2026-10-10T06:00:29+10:00,WIN,0.00007813,0.00007485,73276358.30755076,44107545.54829531,-4.96
2026-10-10T06:00:29+10:00,XVS,4.53075299,4.39022455,72177433.99109209,4188040.28154148,-0.44
2026-10-10T06:00:29+10:00,XYO,0.00541020,0.00513693,71486628.4925266,5073279.97801024,0.64
2026-10-10T06:00:29+10:00,ALLO,0.36713962,0.35701042,71080085.14331004,9724512.03359348,0.35
2026-10-10T06:00:29+10:00,PNUT,0.07225073,0.07011168,70428884.62701386,11926773.73226989,1.27
2026-10-10T06:00:29+10:00,PHA,0.08681859,0.08444945,68544046.12967132,29853633.72946155,-3.77
2026-10-10T06:00:29+10:00,AVNT,0.19629830,0.19040555,68498092.33830225,59060708.03041318,1.99
2026-10-10T06:00:29+10:00,RONIN,0.09388180,0.09075807,67716178.33533286,2068538.11777507,5.07
2026-10-10T06:00:29+10:00,TOSHI,0.00016623,0.00015882,66944952.1915101,3667347.22813777,-0.65
2026-10-10T06:00:29+10:00,G,0.00613617,0.00596451,66878978.1338473,11381351.98923857,1.56
2026-10-10T06:00:29+10:00,DUSK,0.11477712,0.11126107,66870562.99134541,4650415.2591476,0.95
2026-10-10T06:00:29+10:00,POPCAT,0.06940739,0.06695183,65712662.40757338,14039809.21429758,1.57
2026-10-10T06:00:29+10:00,ANKR,0.00690135,0.00669573,65591531.75343736,7165640.65442363,2.48
2026-10-10T06:00:29+10:00,SSV,4.16287763,4.04325056,64986740.31626378,10460359.35516742,0.22
2026-10-10T06:00:29+10:00,SYN,0.27614197,0.26824530,64972711.92039943,17152750.63108327,1.21
2026-10-10T06:00:29+10:00,XRB,0.50766801,0.48748411,64894730.76170277,301388.7710502,0.82
2026-10-10T06:00:29+10:00,XVG,0.00407606,0.00393428,64884247.54376128,2508557.82369181,-1.22
2026-10-10T06:00:29+10:00,AGS,3.10191200,2.73645900,64804162.39198115,1.26930592,2.20
2026-10-10T06:00:29+10:00,CSPR,0.00353624,0.00337406,64455346.01432739,6792747.39281371,0.84
2026-10-10T06:00:29+10:00,MASK,0.67100467,0.65236844,63869619.6783034,5010858.30814176,2.54
2026-10-10T06:00:29+10:00,NOT,0.00066953,0.00064806,63552336.60493062,6593146.6286345,3.49
2026-10-10T06:00:29+10:00,MERL,0.04624199,0.04438653,63392872.04245432,11206196.60046041,9.31
2026-10-10T06:00:29+10:00,BARD,0.17893458,0.17391712,63210853.94649851,6348935.11873149,-0.62
2026-10-10T06:00:29+10:00,AURORA,0.08585260,0.08229109,62310107.21260034,2201042.98346077,-0.60
2026-10-10T06:00:29+10:00,REQ,0.08034398,0.07713719,62100448.89748804,737496.3680887,2.28
2026-10-10T06:00:29+10:00,ARK,0.31872722,0.31012592,62066855.90419499,16495073.04533031,-1.35
2026-10-10T06:00:29+10:00,MOG,0.00000017,0.00000015,60816334.6285876,15668925.60991906,0.00
2026-10-10T06:00:29+10:00,ONG,0.12875638,0.12501099,60504673.61899259,2830439.47760809,1.58
2026-10-10T06:00:29+10:00,BAND,0.34079974,0.33091568,59736709.98609767,5660558.94139782,3.35
2026-10-10T06:00:29+10:00,MEW,0.00068387,0.00065678,59283175.51721718,7027278.58727486,-0.16
2026-10-10T06:00:29+10:00,AUS,198.86889900,189.19761300,59263016.68303,,1.22
2026-10-10T06:00:29+10:00,MOVE,0.01296982,0.01258569,58724522.20208069,85754979.00011083,-1.57
2026-10-10T06:00:29+10:00,RPL,2.71197719,2.57649690,58607927.22196779,12505193.73438631,4.65
2026-10-10T06:00:29+10:00,MOODENG,0.06058529,0.05822334,57881435.96140951,9425396.98693374,0.99
2026-10-10T06:00:29+10:00,COTI,0.01871750,0.01818028,55513572.75093126,13825248.80140744,0.84
2026-10-10T06:00:29+10:00,UMA,0.60773011,0.59071604,55461166.33415734,17634436.58343032,6.06
2026-10-10T06:00:29+10:00,SNT,0.01164546,0.01126948,54484070.71475057,5865536.21564792,1.93
2026-10-10T06:00:29+10:00,LISTA,0.11889732,0.11427201,53820844.36261596,3411085.77300296,5.08
2026-10-10T06:00:29+10:00,RVN,0.00326821,0.00317868,52599049.2745564,7269211.85595974,-1.42
2026-10-10T06:00:29+10:00,SAHARA,0.01253720,0.01215842,51953023.61771273,11741021.34570409,-0.73
2026-10-10T06:00:29+10:00,RATS,0.00005319,0.00005132,51943448.12317051,6089072.80394703,2.01
2026-10-10T06:00:29+10:00,WAVES,0.38796492,0.37332197,51934444.0870898,8559979.293298,1.35
2026-10-10T06:00:29+10:00,CATI,0.09457340,0.09104482,51669088.58110573,5117225.04934027,-0.33
2026-10-10T06:00:29+10:00,MEME,0.00081521,0.00079143,50731066.30681886,9772366.95700297,2.59
2026-10-10T06:00:29+10:00,PRO,0.51363536,0.49208672,49864479.68254065,1170764.3565813,1.64
2026-10-10T06:00:29+10:00,POWR,0.09079164,0.08817727,49802617.3998329,1617798.50985819,0.14
2026-10-10T06:00:29+10:00,REZ,0.00558876,0.00541537,49740839.59701037,8903775.55527509,3.58
2026-10-10T06:00:29+10:00,IOTX,0.00539158,0.00523042,49544240.60234561,4218615.09678636,0.24
2026-10-10T06:00:29+10:00,ETN,0.00291159,0.00276450,49405710.48745045,271525.61864072,-3.91
2026-10-10T06:00:29+10:00,STEEM,0.08937900,0.08695856,48160400.91749027,5453291.80742584,2.14
2026-10-10T06:00:29+10:00,FLUX,0.12154603,0.11484552,47775036.91551751,10938167.26270305,9.02
2026-10-10T06:00:29+10:00,CTSI,0.04991333,0.04854768,46812887.12590738,88116017.82086448,-3.52
2026-10-10T06:00:29+10:00,LUNA2,0.06912615,0.06653687,46787883.45903018,5489168.76901394,2.28
2026-10-10T06:00:29+10:00,SKL,0.00757824,0.00732659,46635774.59343484,147617908.61822057,3.05
2026-10-10T06:00:29+10:00,BNT,0.46882037,0.45551088,46252522.0369453,3129898.60449797,0.88
2026-10-10T06:00:29+10:00,ONE,0.00310782,0.00300663,45900097.68685428,20392171.32472195,1.32
2026-10-10T06:00:29+10:00,HIVE,0.08004968,0.07771070,45398249.53552363,1292600.7590108,1.52
2026-10-10T06:00:29+10:00,ZORA,0.01034820,0.00997194,44673106.70467386,14066369.32155722,0.18
2026-10-10T06:00:29+10:00,ORBS,0.01051547,0.01004492,44653839.74344069,3138874.001127,0.51
2026-10-10T06:00:29+10:00,MANTA,0.09410252,0.09117386,42338162.21615694,4685944.3667589,3.20
2026-10-10T06:00:29+10:00,IOST,0.00121400,0.00117855,42333441.77875187,7744710.33611502,0.37
2026-10-10T06:00:29+10:00,UST,0.00888131,0.00752653,42180048.58715841,1466613.3101807,2.30
2026-10-10T06:00:29+10:00,MAGIC,0.16833977,0.16273366,41560925.98372394,126169370.2083433,78.91
2026-10-10T06:00:29+10:00,MTL,0.46249291,0.44877213,41466864.38349568,1002166.58375366,3.54
2026-10-10T06:00:29+10:00,CORE,0.02819692,0.02730197,41074584.50145379,4708594.88984061,1.13
2026-10-10T06:00:29+10:00,MANTRA,0.00637161,0.00617957,41032647.3939585,6778113.72177592,0.78
2026-10-10T06:00:29+10:00,API3,0.46617167,0.45206982,40953894.57426193,78106446.53433965,10.05
2026-10-10T06:00:29+10:00,PUNDIX,0.16363097,0.15900584,40909360.45289945,1016637.75884016,1.54
2026-10-10T06:00:29+10:00,FXS,0.43953749,0.42411117,39867001.63760495,779144.55173433,-1.21
2026-10-10T06:00:29+10:00,ILV,5.72414067,5.52004066,39864168.46374267,3720835.69000721,3.65
2026-10-10T06:00:29+10:00,KNC,0.20159570,0.19556715,39667238.07878646,5262049.23973356,3.81
2026-10-10T06:00:29+10:00,ARKM,0.18187759,0.17606779,39520488.91326768,51315495.00371885,1.71
2026-10-10T06:00:29+10:00,OGN,0.05933094,0.05768084,38711930.62447674,297578968.31746954,-19.52
2026-10-10T06:00:29+10:00,OSMO,0.05120826,0.04960867,38703674.76407224,3997545.77114628,3.80
2026-10-10T06:00:29+10:00,METIS,4.81180977,4.65977458,38618466.01287872,4220051.66291212,-0.98
2026-10-10T06:00:29+10:00,CYBER,0.51502551,0.49895432,38610978.53754683,42613049.36604724,8.62
2026-10-10T06:00:29+10:00,FLIP,0.43962450,0.41896769,38568938.45844481,77529.15371723,-2.48
2026-10-10T06:00:29+10:00,WAX,0.00847585,0.00821554,37425755.681788,1481567.79498635,1.58
2026-10-10T06:00:29+10:00,AUCT,5.50930146,5.35085500,36766848.44047186,9953549.03423414,4.76
2026-10-10T06:00:29+10:00,GMT,0.01302279,0.01258856,36380631.18137402,11696870.68155237,13.01
2026-10-10T06:00:29+10:00,CVC,0.03789117,0.03683372,35846365.74703832,13350893.98280116,-2.17
2026-10-10T06:00:29+10:00,AEVO,0.03911251,0.03779435,35198778.29296713,18078758.09620753,2.48
2026-10-10T06:00:29+10:00,DEGEN,0.00147874,0.00141802,35081203.91155849,4496636.90492349,1.04
2026-10-10T06:00:29+10:00,AUDIO,0.02452993,0.02378635,34894668.99552758,50597815.23671157,1.55
2026-10-10T06:00:29+10:00,CETUS,0.03816000,0.03644503,34723739.65770877,2944915.35365973,1.43
2026-10-10T06:00:29+10:00,1000SATS,0.00001691,0.00001643,34541240.66226888,2589013.36380107,-0.29
2026-10-10T06:00:29+10:00,YGG,0.03900951,0.03789472,34207793.26695878,12574018.39624453,5.05
2026-10-10T06:00:29+10:00,STRAX,0.01577450,0.01528406,33768615.97227927,944501.43433388,0.31
2026-10-10T06:00:29+10:00,MOVR,2.73257821,2.65392085,33539156.4923654,22143142.26656664,1.18
2026-10-10T06:00:29+10:00,BIGTIME,0.01218219,0.01163322,33375128.8645633,17682864.12819638,2.11
2026-10-10T06:00:29+10:00,MPLX,0.07229487,0.07011168,33037547.30531319,1975638.45816457,0.18
2026-10-10T06:00:29+10:00,WOO,0.01870279,0.01756376,32888720.31703669,2100476.18731329,3.06
2026-10-10T06:00:29+10:00,IQ,0.00121840,0.00116853,32508638.73356525,852057.19721485,-0.26
2026-10-10T06:00:29+10:00,CELR,0.00448072,0.00431852,32495291.99851214,2476267.90462949,3.48
2026-10-10T06:00:29+10:00,SLP,0.00093735,0.00090471,32135578.84436189,1991919.61614825,2.05
2026-10-10T06:00:29+10:00,DOGS,0.00006340,0.00006134,31711497.79014077,4719223.85487156,2.29
2026-10-10T06:00:29+10:00,XCH,2.29995678,2.23095669,31323731.35545544,1148254.38208743,3.84
2026-10-10T06:00:29+10:00,LQTY,0.33800389,0.32675773,31236002.36285874,3264188.6134574,3.72
2026-10-10T06:00:29+10:00,CHR,0.03355024,0.03261842,31235264.37158436,5433333.10182146,10.39
2026-10-10T06:00:29+10:00,ACE,0.28296974,0.27428150,30752349.82566269,30016601.56544115,11.08
2026-10-10T06:00:29+10:00,RAD,0.52091152,0.49895432,30316033.30189519,61486932.85414418,20.28
2026-10-10T06:00:29+10:00,CGPT,0.03323088,0.03190908,30235972.84856225,9200482.87521444,5.14
2026-10-10T06:00:29+10:00,DIA,0.26384022,0.25549902,29990893.66890174,10209708.47156494,4.30
2026-10-10T06:00:29+10:00,ATOR,0.29678355,0.28260287,29668654.70223604,849330.73693824,-0.13
2026-10-10T06:00:29+10:00,PIXEL,0.00949119,0.00916183,28906843.29286397,9888310.37856319,15.03
2026-10-10T06:00:29+10:00,QI,0.00411286,0.00399449,28546449.95403299,2852438.5456025,3.86
2026-10-10T06:00:29+10:00,FIDA,0.03037180,0.02946411,28526068.45468188,17835159.72682935,-1.31
2026-10-10T06:00:29+10:00,CTK,0.18923509,0.18352342,28439655.97436454,2296777.07185778,7.31
2026-10-10T06:00:29+10:00,QKC,0.00393921,0.00379807,27864006.34697121,861438.82701556,4.61
2026-10-10T06:00:29+10:00,BICO,0.02814983,0.02738513,27760094.78207597,15333803.71387171,-2.44
2026-10-10T06:00:29+10:00,DAG,0.01002404,0.00932517,27486966.0058259,827398.80944942,-9.94
2026-10-10T06:00:29+10:00,TNSR,0.05356266,0.05190272,27182756.28991318,13640812.55012611,-0.92
2026-10-10T06:00:29+10:00,XYM,0.00426001,0.00411493,27132426.25655731,14766.55199649,1.25
2026-10-10T06:00:29+10:00,XAI,0.01371440,0.01327677,26368072.57018853,6643639.07393097,8.56
2026-10-10T06:00:29+10:00,TAIKO,0.12256199,0.11819239,26360334.15621383,6720023.14882231,-0.14
2026-10-10T06:00:29+10:00,SPELL,0.00013686,0.00013247,25897295.42323198,21464842.23560912,1.39
2026-10-10T06:00:29+10:00,DODO,0.02657532,0.02580798,25844777.51713377,21532187.15563539,-2.93
2026-10-10T06:00:29+10:00,STG,0.27442505,0.25876417,25832722.33082098,324741.0088138,0.00
2026-10-10T06:00:29+10:00,AGLD,0.28708994,0.27829607,25304278.42430157,6171125.60371916,2.76
2026-10-10T06:00:29+10:00,CHEEL,0.44557065,0.41866282,24655691.91633541,259492.33016514,-1.41
2026-10-10T06:00:29+10:00,ANIME,0.00460580,0.00444470,24245099.5713808,5037612.34083664,3.59
2026-10-10T06:00:29+10:00,JOE,0.05576991,0.05391000,24209535.02141705,6959934.84595823,2.63
2026-10-10T06:00:29+10:00,ALICE,0.25383401,0.24675298,23858542.67165865,13457416.55313365,5.33
2026-10-10T06:00:29+10:00,ARPA,0.01652497,0.01604396,23795963.23428267,11379493.06772234,0.55
2026-10-10T06:00:29+10:00,AVA,0.34742150,0.33765443,23312483.36452905,18999215.95831093,2.24
2026-10-10T06:00:29+10:00,GOAT,0.02393512,0.02308042,23114365.41651723,4440358.09748675,0.55
2026-10-10T06:00:29+10:00,GTC,0.28803170,0.27904164,23009713.09392684,68713023.17871241,0.49
2026-10-10T06:00:29+10:00,CAT,0.00000299,0.00000286,22460341.88255979,1123707.40926004,-0.99
2026-10-10T06:00:29+10:00,C98,0.02341159,0.02275403,22433318.50033563,21913463.80224095,2.42
2026-10-10T06:00:29+10:00,BANANA,5.61524956,5.44835182,21807182.41244133,6723404.75728532,0.65
2026-10-10T06:00:29+10:00,ORN,0.11816157,0.11470214,21125365.9347866,2890903.13971468,0.78
2026-10-10T06:00:29+10:00,ZENT,0.00276938,0.00267972,21021132.2461396,5453940.27533865,2.17
2026-10-10T06:00:29+10:00,MBL,0.00109480,0.00106099,20639029.03419925,5502827.29027968,0.06
2026-10-10T06:00:29+10:00,BONE,0.09204242,0.08856439,20523595.23129429,4686174.95415771,1.53
2026-10-10T06:00:29+10:00,POND,0.00254154,0.00243682,20098014.90661745,1956846.92178921,3.95
2026-10-10T06:00:29+10:00,PORTAL,0.02364703,0.02286873,19928936.06409402,17470867.82706216,-0.44
2026-10-10T06:00:29+10:00,RARE,0.02433864,0.02361430,19456280.80947837,17040330.25771979,2.56
2026-10-10T06:00:29+10:00,GLMR,0.01587309,0.01524390,19220690.29892937,12369023.90958554,-2.70
2026-10-10T06:00:29+10:00,LRC,0.01466896,0.01402282,19160308.09713893,2159852.8344889,1.58
2026-10-10T06:00:29+10:00,OG,4.04515751,3.93284975,19081051.86075905,4381346.18053121,0.02
2026-10-10T06:00:29+10:00,RIO,0.08706638,0.08299223,19025348.04389922,412277.31020535,-3.62
2026-10-10T06:00:29+10:00,MAV,0.01656911,0.01602962,18452942.22411296,2436768.06637642,3.23
2026-10-10T06:00:29+10:00,AI,0.02957718,0.02824540,18043615.66898576,7634811.82558385,2.72
2026-10-10T06:00:29+10:00,STORJ,0.04337037,0.04149611,17564566.46264808,3379739.74956838,3.53
2026-10-10T06:00:29+10:00,PONKE,0.03212072,0.03022062,17235833.69627891,4383502.79369095,-0.15
2026-10-10T06:00:29+10:00,DYM,0.02595729,0.02509109,16533380.65944641,6027609.06829241,2.32
2026-10-10T06:00:29+10:00,DRIFT,0.02689555,0.02594222,16284459.91601651,3834046.90730515,-3.36
2026-10-10T06:00:29+10:00,WAN,0.08423916,0.08084588,16210687.02030785,164975.70924706,-0.88
2026-10-10T06:00:29+10:00,NAKA,0.17984639,0.16140558,16004998.82930732,733947.19459156,12.39
2026-10-10T06:00:29+10:00,BB,0.01324352,0.01281796,15881206.67654588,6671620.83695002,1.65
2026-10-10T06:00:29+10:00,CHILLGUY,0.01604556,0.01548234,15662580.1438695,6073473.99311587,-1.74
2026-10-10T06:00:29+10:00,ADX,0.10594811,0.10294517,15157469.00534576,6490914.38110025,3.99
2026-10-10T06:00:29+10:00,EWT,0.51179989,0.49165745,14766716.15303905,321285.03871461,-2.02
2026-10-10T06:00:29+10:00,HMSTR,0.00023604,0.00022868,14670748.63720966,4151035.08400642,0.43
2026-10-10T06:00:29+10:00,OXT,0.01537720,0.01481665,14526011.16630297,5050046.50403647,1.12
2026-10-10T06:00:29+10:00,TKO,0.08299269,0.08000474,14307793.56960506,1130166.66939185,4.66
2026-10-10T06:00:29+10:00,LIT,0.17996463,0.17363037,14233627.32761547,9170073.19568402,0.55
2026-10-10T06:00:29+10:00,SAGA,0.03168143,0.03074017,14131452.44558801,29661149.93717511,-0.89
2026-10-10T06:00:29+10:00,TLM,0.00209249,0.00200872,13999732.04303731,4632095.20735798,1.58
2026-10-10T06:00:29+10:00,PAAL,0.01421009,0.01363648,13793947.21886238,607564.82227701,0.14
2026-10-10T06:00:29+10:00,BEL,0.17628588,0.17133632,13652068.92258966,3706417.84043897,2.13
2026-10-10T06:00:29+10:00,ATM,1.50828900,1.46675366,13390797.75639439,5475884.28031328,-0.48
2026-10-10T06:00:29+10:00,ACT,0.01442072,0.01392197,13179216.78148304,38336676.27366525,-0.38
2026-10-10T06:00:29+10:00,COOKIE,0.01683398,0.01627336,13177905.69733137,2454910.13941212,-1.16
2026-10-10T06:00:29+10:00,GNS,0.59301509,0.55630539,12958821.60644559,627676.57839943,3.51
2026-10-10T06:00:29+10:00,COQ,0.00000020,0.00000018,12927180.87980593,5075823.38185891,0.00
2026-10-10T06:00:29+10:00,AVAAI,0.01250784,0.01203387,12824075.65619284,212567.02112288,-10.75
2026-10-10T06:00:29+10:00,WRX,0.03543376,0.03333531,12629426.71948035,17254.76492978,2.94
2026-10-10T06:00:29+10:00,DSYNC,0.01252264,0.01201956,11855536.3548589,1122014.30016477,6.68
2026-10-10T06:00:29+10:00,ELA,0.53287818,0.50553718,11739454.11498028,220488.53596685,3.99
2026-10-10T06:00:29+10:00,ZEUS,0.01156050,0.01100362,11721646.3627853,27820373.23519315,-24.32
2026-10-10T06:00:29+10:00,PRIME,0.33653239,0.32475044,11604744.44585877,468918.1632362,0.55
2026-10-10T06:00:29+10:00,BAR,0.41496342,0.40145750,11536694.39223235,4420595.58850057,0.69
2026-10-10T06:00:29+10:00,TOKEN,0.00303445,0.00290043,11530506.52302056,1532651.49662879,0.31
2026-10-10T06:00:29+10:00,BLAST,0.00009528,0.00009031,11353793.13649431,1902589.94879817,-10.46
2026-10-10T06:00:29+10:00,PSG,0.67247617,0.65380221,11274314.3577087,3750852.39771492,1.43
2026-10-10T06:00:29+10:00,ASR,1.27284876,1.23734937,11138815.35089988,4222789.4886256,0.67
2026-10-10T06:00:29+10:00,ALPINE,0.54151254,0.52476230,11128984.13883546,5535802.34284526,2.40
2026-10-10T06:00:29+10:00,MAVIA,0.04527985,0.04367108,10842729.29858265,808630.49723875,3.82
2026-10-10T06:00:29+10:00,GHX,0.01684488,0.01599317,10724047.18630722,504820.63483214,5.44
2026-10-10T06:00:29+10:00,VINE,0.01117564,0.01067451,10690477.98109017,6446658.02877863,1.09
2026-10-10T06:00:29+10:00,LYXE,0.35525212,0.33168276,10467587.41653901,213916.77192693,-4.78
2026-10-10T06:00:29+10:00,RBNT,0.00347128,0.00336793,10109929.96176752,230594.88145026,-0.54
2026-10-10T06:00:29+10:00,WILD,0.02063423,0.01948886,10064524.64697764,211928.15768376,4.02
2026-10-10T06:00:29+10:00,QUICK,0.01595108,0.01539876,9967616.11817988,1037905.39734465,1.53
2026-10-10T06:00:29+10:00,ORAI,0.78303488,0.74263741,9898689.19159688,468561.28013124,-10.38
2026-10-10T06:00:29+10:00,ALCX,3.70965518,3.58874332,9470711.69038398,314323.90796654,-2.13
2026-10-10T06:00:29+10:00,NOM,0.00334326,0.00324177,9432241.93662513,9917630.74093961,2.46
2026-10-10T06:00:29+10:00,SUPRA,0.00020960,0.00019775,9117081.5816093,573770.53019568,-0.45
2026-10-10T06:00:29+10:00,BADGER,0.50943381,0.45766155,9055039.82029567,5957.46096429,1.35
2026-10-10T06:00:29+10:00,HFT,0.01005068,0.00941532,9033060.26616917,3793434.1767885,1.90
2026-10-10T06:00:29+10:00,DENT,0.00009133,0.00008699,8797847.52610845,93137.8043146,-2.88
2026-10-10T06:00:29+10:00,BRISE,0.00000002,0.00000002,8439973.39235085,788984.55938674,-0.44
2026-10-10T06:00:29+10:00,POLS,0.08807293,0.08199060,8221654.73237127,225239.79678847,3.66
2026-10-10T06:00:29+10:00,LAZIO,0.62538812,0.60505380,8020501.67265549,15512137.68878781,0.09
2026-10-10T06:00:29+10:00,JUV,0.48265248,0.46884501,7699320.06908829,4444350.56752533,0.26
2026-10-10T06:00:29+10:00,LMWR,0.01484658,0.01379388,7560743.17301309,1263397.68254276,-1.07
2026-10-10T06:00:29+10:00,FARM,11.19518309,10.83505125,7431428.66563996,81822.57837498,-2.43
2026-10-10T06:00:29+10:00,NKN,0.00924398,0.00880482,7170317.76506128,52972.28525569,2.30
2026-10-10T06:00:29+10:00,SCR,0.03789117,0.03674769,7106498.26203432,29608159.35709029,1.39
2026-10-10T06:00:29+10:00,CITY,0.51355401,0.49895432,7001324.50089401,2731653.48292493,0.48
2026-10-10T06:00:29+10:00,BLZ,0.01478737,0.01416591,6963743.0446719,128766.91690592,1.17
2026-10-10T06:00:29+10:00,XEM,0.00084140,0.00077625,6831660.1543075,482247.44149961,9.83
2026-10-10T06:00:29+10:00,ELIZAOS,0.00059653,0.00057379,6814524.50146188,15710167.55543144,-40.58
2026-10-10T06:00:29+10:00,TRIAS,0.26751897,0.25535564,6791201.73627473,185569.6934068,5.85
2026-10-10T06:00:29+10:00,MDT,0.01026667,0.00983570,6780700.662188,634149.07837481,-0.35
2026-10-10T06:00:29+10:00,WEN,0.00000919,0.00000874,6726503.89862181,240746.08494881,-3.04
2026-10-10T06:00:29+10:00,MLN,2.10630719,1.99639081,6580476.60835728,57765.42569547,0.74
2026-10-10T06:00:29+10:00,AERGO,0.00882210,0.00824198,6424008.06302963,25780.22106693,1.70
2026-10-10T06:00:29+10:00,XRD,0.00063967,0.00060333,6125206.00588754,240797.51419932,-10.78
2026-10-10T06:00:29+10:00,SWELL,0.00117530,0.00112325,6067117.53590029,1485705.72385304,-2.23
2026-10-10T06:00:29+10:00,ACM,0.41937792,0.40575883,5803807.98016478,1965047.08072611,1.44
2026-10-10T06:00:29+10:00,BTS,0.00192047,0.00185187,5765978.75211959,96205.14446885,-2.64
2026-10-10T06:00:29+10:00,NIM,0.00041373,0.00038791,5648405.06382324,51968.28702722,-5.46
2026-10-10T06:00:29+10:00,TX,0.00215135,0.00209045,5153480.94593945,219178.27566211,2.22
2026-10-10T06:00:29+10:00,NEON,0.02146315,0.01988951,4975707.70679565,2158395.30156958,-8.63
2026-10-10T06:00:29+10:00,HTR,0.00968063,0.00931516,4817674.25007334,137630.85712881,-4.72
2026-10-10T06:00:29+10:00,GHST,0.09342563,0.09034227,4787271.46587366,696086.03968394,0.08
2026-10-10T06:00:29+10:00,GFI,0.05768286,0.05405338,4724011.89897076,210120.07863326,0.95
2026-10-10T06:00:29+10:00,HIGH,0.05003135,0.04679045,4614921.04176101,15590798.0366718,-2.67
2026-10-10T06:00:29+10:00,KDA,0.01461055,0.01372124,4567300.31294598,10364.39899199,14.51
2026-10-10T06:00:29+10:00,RSS3,0.00456461,0.00431280,4254276.69013073,209185.59951908,2.53
2026-10-10T06:00:29+10:00,REN,0.00402897,0.00381384,3806000.48955323,34800.95839261,-5.00
2026-10-10T06:00:29+10:00,BCAU,0.03888501,0.03712500,3656615.80218403,3.40852074,0.00
2026-10-10T06:00:29+10:00,PRCL,0.00905893,0.00858540,3546946.32388679,219563.26719949,0.27
2026-10-10T06:00:29+10:00,ERN,0.67512487,0.65623963,3140063.59206377,1465.85893218,1.34
2026-10-10T06:00:29+10:00,MYRO,0.00320171,0.00306928,2937114.29803011,217736.93496762,1.60
2026-10-10T06:00:29+10:00,AZERO,0.01110163,0.01060297,2884728.68052671,121202.04016056,0.73
2026-10-10T06:00:29+10:00,UOS,0.00536875,0.00516555,2447851.74734811,415188.75371059,3.36
2026-10-10T06:00:29+10:00,YFII,45.46939501,43.28572149,2148174.12051027,71791.37804801,6.99
2026-10-10T06:00:29+10:00,SUNDOG,0.00223513,0.00211773,2142054.76093745,1111103.95440124,-4.19
2026-10-10T06:00:29+10:00,DAR,0.00433704,0.00404944,2125705.55220253,118945.88008668,3.17
2026-10-10T06:00:29+10:00,PERP,0.03093980,0.02925334,1965887.27181763,101251.04023517,0.62
2026-10-10T06:00:29+10:00,PYR,0.14062064,0.13035504,1960990.53727711,1312628.9565457,-1.42
2026-10-10T06:00:29+10:00,SOUL,0.01583833,0.01513892,1896534.26055452,16063.79192617,-2.98
2026-10-10T06:00:29+10:00,HOOK,0.00442039,0.00411493,1760639.58143359,80077.47907044,-12.03
2026-10-10T06:00:29+10:00,CHEQ,0.00280354,0.00263714,1705625.02381574,188409.25079317,-5.61
2026-10-10T06:00:29+10:00,VOXEL,0.00615530,0.00592006,1511943.10051911,59589.5610606,2.51
2026-10-10T06:00:29+10:00,RDNT,0.00088365,0.00084650,1270283.12810642,1912532.5897958,-7.33
2026-10-10T06:00:29+10:00,SHR,0.00036266,0.00034098,1264268.64909604,90582.62839169,3.88
2026-10-10T06:00:29+10:00,IDEX,0.00098502,0.00090371,878855.63527751,132196.33705,-19.04
2026-10-10T06:00:29+10:00,LTO,0.00279439,0.00268116,751147.83089116,1787.32066003,8.94
2026-10-10T06:00:29+10:00,TOMO,0.00590219,0.00556019,710620.55358132,250038.66484001,-1.61
2026-10-10T06:00:29+10:00,FIO,0.00072399,0.00067759,643482.58469941,5779.21854013,9.49
2026-10-10T06:00:29+10:00,XMN,0.00069526,0.00065578,634804.24049873,176391.20558055,0.57
2026-10-10T06:00:29+10:00,ACA,0.00050915,0.00048404,583527.0634047,17244.79373364,3.10
2026-10-10T06:00:29+10:00,MTV,0.00014190,0.00013712,492866.36152894,72879.34612903,-0.28
2026-10-10T06:00:29+10:00,POLK,0.00447632,0.00396582,371864.96433108,107.68954148,-4.16
2026-10-10T06:00:29+10:00,GLQ,0.00111952,0.00102686,366475.14226274,82283.43613564,4.82
2026-10-10T06:00:29+10:00,A2Z,0.00003681,0.00003550,342042.72427813,38507.30811434,-5.81
2026-10-10T06:00:29+10:00,FIS,0.00214398,0.00202880,324772.89960698,64726.3411491,-6.90
2026-10-10T06:00:29+10:00,RFOX,0.00030343,0.00029406,256460.19987531,11.80165383,-0.01
2026-10-10T06:00:29+10:00,NFP,0.00038451,0.00036547,224585.61565827,177288.03302681,-0.83
2026-10-10T06:00:29+10:00,CHO,0.00040558,0.00034484,198935.23328797,52198.55186857,-0.02
2026-10-10T06:00:29+10:00,LL,0.00177627,0.00171135,140105.88810658,13193.53932385,-0.63
2026-10-10T06:00:29+10:00,DEGO,0.00509728,0.00480315,98915.43802613,30258.61055895,-6.33
2026-10-10T06:00:29+10:00,NYAN,0.00081286,0.00074570,73976.87833469,2254.58577386,13.84
